 Molecular dynamics simulation for HiRE 
 ______________________________________ 
 
 settings> Run MD simulation for       2000 steps
 settings> Time step for simulation:            0.01
 settings> MD simulation will use Velocity-Verlet
 settings> Temperature for MD simulation:         0.62
 
 mininit> Energy and RMS force=    -1.187195866        0.7669502638     after      0 LBFGS steps
 mininit> Energy and RMS force=    -16.07352425        0.9446367817E-01 after    500 LBFGS steps, step: 0.0134437790
 mininit> Energy and RMS force=    -17.16082502        0.6238578886E-01 after   1000 LBFGS steps, step: 0.0255922223
 mininit> Energy and RMS force=    -17.52993084        0.2073158588E-01 after   1500 LBFGS steps, step: 0.0092503230
 mininit> Energy and RMS force=    -22.06831887        0.1292231590     after   2000 LBFGS steps, step: 0.0396069580
 mininit> Energy and RMS force=    -22.87002576        0.3501993004E-01 after   2500 LBFGS steps, step: 0.0161585316
 mininit> Energy and RMS force=    -23.55573354        0.1837495810E-01 after   3000 LBFGS steps, step: 0.0064778252
 mininit> Energy and RMS force=    -23.56409679        0.5390418392E-02 after   3500 LBFGS steps, step: 0.0017396727
 mininit> Energy and RMS force=    -23.56443229        0.9312493318E-03 after   3693 LBFGS steps
  runmin> Minimisation converged in         3693  steps
          Energy of minimum:   -23.564432288265451     
 
  mdhire> Thermalisation from    0.0000000000000000       to   0.61599999999999999     
 init_velocity> Centre of mass:                    0.545124       0.185943      -0.039538
 init_velocity> Momentum of centre of mass:      701.060402      32.900190    -261.296986
 init_velocity> Angular momentum:               -751.486135    6039.988635   -2821.900519
 init_velocity> Angular velocity:                  0.043998       0.008559       0.024077
 init_velocity> Final momentum CoM:                0.000000       0.000000      -0.000000
 init_velocity> Final angular momentum:       -11045.533600    -880.563111   -4937.025907
 init_velocity> Kinetic energy:        0.213000
 
 thermalise> Thermalise simulation in       25 steps with     2000 equilibration steps for each new T
  
 thermalise> Thermalisation step        1 with T=  0.001
 thermalise_rescale> Target T:    0.001, current T:   0.001, scaling:    1.000
 thermalise> Completed equilibration step       50
             Total energy:            -23.2750
             Kinetic energy:            0.2146
             Potential energy:        -23.4896
             Current temperature:  0.0010
 --------------------------------------------------
 thermalise> Completed equilibration step      100
             Total energy:            -23.2574
             Kinetic energy:            0.2134
             Potential energy:        -23.4709
             Current temperature:  0.0010
 --------------------------------------------------
 thermalise> Completed equilibration step      150
             Total energy:            -23.2447
             Kinetic energy:            0.2117
             Potential energy:        -23.4564
             Current temperature:  0.0010
 --------------------------------------------------
 thermalise> Completed equilibration step      200
             Total energy:            -23.2242
             Kinetic energy:            0.2125
             Potential energy:        -23.4367
             Current temperature:  0.0010
 --------------------------------------------------
 thermalise> Completed equilibration step      250
             Total energy:            -23.2190
             Kinetic energy:            0.2119
             Potential energy:        -23.4309
             Current temperature:  0.0010
 --------------------------------------------------
 thermalise> Completed equilibration step      300
             Total energy:            -23.2356
             Kinetic energy:            0.2133
             Potential energy:        -23.4490
             Current temperature:  0.0010
 --------------------------------------------------
 thermalise> Completed equilibration step      350
             Total energy:            -23.2160
             Kinetic energy:            0.2129
             Potential energy:        -23.4289
             Current temperature:  0.0010
 --------------------------------------------------
 thermalise> Completed equilibration step      400
             Total energy:            -23.2146
             Kinetic energy:            0.2120
             Potential energy:        -23.4266
             Current temperature:  0.0010
 --------------------------------------------------
 thermalise> Completed equilibration step      450
             Total energy:            -23.1978
             Kinetic energy:            0.2130
             Potential energy:        -23.4108
             Current temperature:  0.0010
 --------------------------------------------------
 thermalise> Completed equilibration step      500
             Total energy:            -23.1948
             Kinetic energy:            0.2141
             Potential energy:        -23.4088
             Current temperature:  0.0010
 --------------------------------------------------
 thermalise> Completed equilibration step      550
             Total energy:            -23.1862
             Kinetic energy:            0.2130
             Potential energy:        -23.3991
             Current temperature:  0.0010
 --------------------------------------------------
 thermalise> Completed equilibration step      600
             Total energy:            -23.1911
             Kinetic energy:            0.2128
             Potential energy:        -23.4040
             Current temperature:  0.0010
 --------------------------------------------------
 thermalise> Completed equilibration step      650
             Total energy:            -23.1932
             Kinetic energy:            0.2134
             Potential energy:        -23.4067
             Current temperature:  0.0010
 --------------------------------------------------
 thermalise> Completed equilibration step      700
             Total energy:            -23.1924
             Kinetic energy:            0.2134
             Potential energy:        -23.4057
             Current temperature:  0.0010
 --------------------------------------------------
 thermalise> Completed equilibration step      750
             Total energy:            -23.1746
             Kinetic energy:            0.2132
             Potential energy:        -23.3878
             Current temperature:  0.0010
 --------------------------------------------------
 thermalise> Completed equilibration step      800
             Total energy:            -23.1643
             Kinetic energy:            0.2125
             Potential energy:        -23.3767
             Current temperature:  0.0010
 --------------------------------------------------
 thermalise> Completed equilibration step      850
             Total energy:            -23.1689
             Kinetic energy:            0.2104
             Potential energy:        -23.3793
             Current temperature:  0.0010
 --------------------------------------------------
 thermalise> Completed equilibration step      900
             Total energy:            -23.1767
             Kinetic energy:            0.2129
             Potential energy:        -23.3896
             Current temperature:  0.0010
 --------------------------------------------------
 thermalise> Completed equilibration step      950
             Total energy:            -23.1650
             Kinetic energy:            0.2136
             Potential energy:        -23.3786
             Current temperature:  0.0010
 --------------------------------------------------
 thermalise> Completed equilibration step     1000
             Total energy:            -23.1634
             Kinetic energy:            0.2132
             Potential energy:        -23.3766
             Current temperature:  0.0010
 --------------------------------------------------
 thermalise> Completed equilibration step     1050
             Total energy:            -23.1493
             Kinetic energy:            0.2147
             Potential energy:        -23.3640
             Current temperature:  0.0010
 --------------------------------------------------
 thermalise> Completed equilibration step     1100
             Total energy:            -23.1445
             Kinetic energy:            0.2135
             Potential energy:        -23.3580
             Current temperature:  0.0010
 --------------------------------------------------
 thermalise> Completed equilibration step     1150
             Total energy:            -23.1373
             Kinetic energy:            0.2109
             Potential energy:        -23.3482
             Current temperature:  0.0010
 --------------------------------------------------
 thermalise> Completed equilibration step     1200
             Total energy:            -23.1681
             Kinetic energy:            0.2133
             Potential energy:        -23.3815
             Current temperature:  0.0010
 --------------------------------------------------
 thermalise> Completed equilibration step     1250
             Total energy:            -23.1456
             Kinetic energy:            0.2125
             Potential energy:        -23.3580
             Current temperature:  0.0010
 --------------------------------------------------
 thermalise> Completed equilibration step     1300
             Total energy:            -23.1438
             Kinetic energy:            0.2124
             Potential energy:        -23.3563
             Current temperature:  0.0010
 --------------------------------------------------
 thermalise> Completed equilibration step     1350
             Total energy:            -23.1532
             Kinetic energy:            0.2138
             Potential energy:        -23.3670
             Current temperature:  0.0010
 --------------------------------------------------
 thermalise> Completed equilibration step     1400
             Total energy:            -23.1586
             Kinetic energy:            0.2138
             Potential energy:        -23.3725
             Current temperature:  0.0010
 --------------------------------------------------
 thermalise> Completed equilibration step     1450
             Total energy:            -23.1542
             Kinetic energy:            0.2121
             Potential energy:        -23.3663
             Current temperature:  0.0010
 --------------------------------------------------
 thermalise> Completed equilibration step     1500
             Total energy:            -23.1571
             Kinetic energy:            0.2138
             Potential energy:        -23.3708
             Current temperature:  0.0010
 --------------------------------------------------
 thermalise> Completed equilibration step     1550
             Total energy:            -23.1606
             Kinetic energy:            0.2129
             Potential energy:        -23.3735
             Current temperature:  0.0010
 --------------------------------------------------
 thermalise> Completed equilibration step     1600
             Total energy:            -23.1606
             Kinetic energy:            0.2123
             Potential energy:        -23.3729
             Current temperature:  0.0010
 --------------------------------------------------
 thermalise> Completed equilibration step     1650
             Total energy:            -23.1718
             Kinetic energy:            0.2129
             Potential energy:        -23.3847
             Current temperature:  0.0010
 --------------------------------------------------
 thermalise> Completed equilibration step     1700
             Total energy:            -23.1734
             Kinetic energy:            0.2134
             Potential energy:        -23.3869
             Current temperature:  0.0010
 --------------------------------------------------
 thermalise> Completed equilibration step     1750
             Total energy:            -23.1711
             Kinetic energy:            0.2134
             Potential energy:        -23.3845
             Current temperature:  0.0010
 --------------------------------------------------
 thermalise> Completed equilibration step     1800
             Total energy:            -23.1696
             Kinetic energy:            0.2131
             Potential energy:        -23.3827
             Current temperature:  0.0010
 --------------------------------------------------
 thermalise> Completed equilibration step     1850
             Total energy:            -23.1781
             Kinetic energy:            0.2132
             Potential energy:        -23.3913
             Current temperature:  0.0010
 --------------------------------------------------
 thermalise> Completed equilibration step     1900
             Total energy:            -23.1843
             Kinetic energy:            0.2128
             Potential energy:        -23.3971
             Current temperature:  0.0010
 --------------------------------------------------
 thermalise> Completed equilibration step     1950
             Total energy:            -23.1825
             Kinetic energy:            0.2135
             Potential energy:        -23.3961
             Current temperature:  0.0010
 --------------------------------------------------
 thermalise> Completed equilibration step     2000
             Total energy:            -23.1810
             Kinetic energy:            0.2129
             Potential energy:        -23.3939
             Current temperature:  0.0010
 --------------------------------------------------
 thermalise> Thermalisation step        2 with T=  0.026
 thermalise_rescale> Target T:    0.026, current T:   0.001, scaling:    5.067
 thermalise> Completed equilibration step       50
             Total energy:            -16.5303
             Kinetic energy:            5.4840
             Potential energy:        -22.0142
             Current temperature:  0.0257
 --------------------------------------------------
 thermalise> Completed equilibration step      100
             Total energy:            -16.1225
             Kinetic energy:            5.4695
             Potential energy:        -21.5920
             Current temperature:  0.0257
 --------------------------------------------------
 thermalise> Completed equilibration step      150
             Total energy:            -15.8025
             Kinetic energy:            5.4354
             Potential energy:        -21.2380
             Current temperature:  0.0255
 --------------------------------------------------
 thermalise> Completed equilibration step      200
             Total energy:            -15.5414
             Kinetic energy:            5.4578
             Potential energy:        -20.9992
             Current temperature:  0.0256
 --------------------------------------------------
 thermalise> Completed equilibration step      250
             Total energy:            -15.3119
             Kinetic energy:            5.4596
             Potential energy:        -20.7715
             Current temperature:  0.0256
 --------------------------------------------------
 thermalise> Completed equilibration step      300
             Total energy:            -15.5889
             Kinetic energy:            5.4799
             Potential energy:        -21.0688
             Current temperature:  0.0257
 --------------------------------------------------
 thermalise> Completed equilibration step      350
             Total energy:            -15.3294
             Kinetic energy:            5.4636
             Potential energy:        -20.7930
             Current temperature:  0.0257
 --------------------------------------------------
 thermalise> Completed equilibration step      400
             Total energy:            -15.2879
             Kinetic energy:            5.4701
             Potential energy:        -20.7580
             Current temperature:  0.0257
 --------------------------------------------------
 thermalise> Completed equilibration step      450
             Total energy:            -14.7328
             Kinetic energy:            5.4636
             Potential energy:        -20.1964
             Current temperature:  0.0257
 --------------------------------------------------
 thermalise> Completed equilibration step      500
             Total energy:            -14.7522
             Kinetic energy:            5.4604
             Potential energy:        -20.2125
             Current temperature:  0.0256
 --------------------------------------------------
 thermalise> Completed equilibration step      550
             Total energy:            -14.6580
             Kinetic energy:            5.4573
             Potential energy:        -20.1153
             Current temperature:  0.0256
 --------------------------------------------------
 thermalise> Completed equilibration step      600
             Total energy:            -14.7031
             Kinetic energy:            5.4676
             Potential energy:        -20.1708
             Current temperature:  0.0257
 --------------------------------------------------
 thermalise> Completed equilibration step      650
             Total energy:            -14.5752
             Kinetic energy:            5.4709
             Potential energy:        -20.0461
             Current temperature:  0.0257
 --------------------------------------------------
 thermalise> Completed equilibration step      700
             Total energy:            -14.4640
             Kinetic energy:            5.4806
             Potential energy:        -19.9446
             Current temperature:  0.0257
 --------------------------------------------------
 thermalise> Completed equilibration step      750
             Total energy:            -14.2755
             Kinetic energy:            5.4777
             Potential energy:        -19.7532
             Current temperature:  0.0257
 --------------------------------------------------
 thermalise> Completed equilibration step      800
             Total energy:            -14.2116
             Kinetic energy:            5.4526
             Potential energy:        -19.6642
             Current temperature:  0.0256
 --------------------------------------------------
 thermalise> Completed equilibration step      850
             Total energy:            -14.1519
             Kinetic energy:            5.4311
             Potential energy:        -19.5830
             Current temperature:  0.0255
 --------------------------------------------------
 thermalise> Completed equilibration step      900
             Total energy:            -14.3723
             Kinetic energy:            5.4507
             Potential energy:        -19.8230
             Current temperature:  0.0256
 --------------------------------------------------
 thermalise> Completed equilibration step      950
             Total energy:            -14.2549
             Kinetic energy:            5.4765
             Potential energy:        -19.7314
             Current temperature:  0.0257
 --------------------------------------------------
 thermalise> Completed equilibration step     1000
             Total energy:            -14.2482
             Kinetic energy:            5.4630
             Potential energy:        -19.7112
             Current temperature:  0.0256
 --------------------------------------------------
 thermalise> Completed equilibration step     1050
             Total energy:            -13.8713
             Kinetic energy:            5.4962
             Potential energy:        -19.3675
             Current temperature:  0.0258
 --------------------------------------------------
 thermalise> Completed equilibration step     1100
             Total energy:            -13.8824
             Kinetic energy:            5.4852
             Potential energy:        -19.3676
             Current temperature:  0.0258
 --------------------------------------------------
 thermalise> Completed equilibration step     1150
             Total energy:            -13.3285
             Kinetic energy:            5.4388
             Potential energy:        -18.7674
             Current temperature:  0.0255
 --------------------------------------------------
 thermalise> Completed equilibration step     1200
             Total energy:            -13.6976
             Kinetic energy:            5.4627
             Potential energy:        -19.1603
             Current temperature:  0.0256
 --------------------------------------------------
 thermalise> Completed equilibration step     1250
             Total energy:            -13.6585
             Kinetic energy:            5.4765
             Potential energy:        -19.1350
             Current temperature:  0.0257
 --------------------------------------------------
 thermalise> Completed equilibration step     1300
             Total energy:            -13.5731
             Kinetic energy:            5.4644
             Potential energy:        -19.0374
             Current temperature:  0.0257
 --------------------------------------------------
 thermalise> Completed equilibration step     1350
             Total energy:            -13.7028
             Kinetic energy:            5.4667
             Potential energy:        -19.1695
             Current temperature:  0.0257
 --------------------------------------------------
 thermalise> Completed equilibration step     1400
             Total energy:            -14.0793
             Kinetic energy:            5.4889
             Potential energy:        -19.5682
             Current temperature:  0.0258
 --------------------------------------------------
 thermalise> Completed equilibration step     1450
             Total energy:            -13.9689
             Kinetic energy:            5.4500
             Potential energy:        -19.4188
             Current temperature:  0.0256
 --------------------------------------------------
 thermalise> Completed equilibration step     1500
             Total energy:            -14.0515
             Kinetic energy:            5.4576
             Potential energy:        -19.5091
             Current temperature:  0.0256
 --------------------------------------------------
 thermalise> Completed equilibration step     1550
             Total energy:            -14.4182
             Kinetic energy:            5.4663
             Potential energy:        -19.8846
             Current temperature:  0.0257
 --------------------------------------------------
 thermalise> Completed equilibration step     1600
             Total energy:            -14.1344
             Kinetic energy:            5.4842
             Potential energy:        -19.6186
             Current temperature:  0.0257
 --------------------------------------------------
 thermalise> Completed equilibration step     1650
             Total energy:            -14.1965
             Kinetic energy:            5.4573
             Potential energy:        -19.6539
             Current temperature:  0.0256
 --------------------------------------------------
 thermalise> Completed equilibration step     1700
             Total energy:            -14.2878
             Kinetic energy:            5.4621
             Potential energy:        -19.7500
             Current temperature:  0.0256
 --------------------------------------------------
 thermalise> Completed equilibration step     1750
             Total energy:            -14.4995
             Kinetic energy:            5.4691
             Potential energy:        -19.9685
             Current temperature:  0.0257
 --------------------------------------------------
 thermalise> Completed equilibration step     1800
             Total energy:            -14.3799
             Kinetic energy:            5.4605
             Potential energy:        -19.8405
             Current temperature:  0.0256
 --------------------------------------------------
 thermalise> Completed equilibration step     1850
             Total energy:            -14.9177
             Kinetic energy:            5.4725
             Potential energy:        -20.3902
             Current temperature:  0.0257
 --------------------------------------------------
 thermalise> Completed equilibration step     1900
             Total energy:            -14.4738
             Kinetic energy:            5.4728
             Potential energy:        -19.9467
             Current temperature:  0.0257
 --------------------------------------------------
 thermalise> Completed equilibration step     1950
             Total energy:            -14.6165
             Kinetic energy:            5.4790
             Potential energy:        -20.0955
             Current temperature:  0.0257
 --------------------------------------------------
 thermalise> Completed equilibration step     2000
             Total energy:            -14.8043
             Kinetic energy:            5.4703
             Potential energy:        -20.2746
             Current temperature:  0.0257
 --------------------------------------------------
 thermalise> Thermalisation step        3 with T=  0.051
 thermalise_rescale> Target T:    0.051, current T:   0.026, scaling:    1.414
 thermalise> Completed equilibration step       50
             Total energy:             -8.0471
             Kinetic energy:           10.9463
             Potential energy:        -18.9934
             Current temperature:  0.0514
 --------------------------------------------------
 thermalise> Completed equilibration step      100
             Total energy:             -7.3067
             Kinetic energy:           10.9190
             Potential energy:        -18.2258
             Current temperature:  0.0513
 --------------------------------------------------
 thermalise> Completed equilibration step      150
             Total energy:             -7.1283
             Kinetic energy:           10.9275
             Potential energy:        -18.0558
             Current temperature:  0.0513
 --------------------------------------------------
 thermalise> Completed equilibration step      200
             Total energy:             -7.1062
             Kinetic energy:           10.8959
             Potential energy:        -18.0021
             Current temperature:  0.0512
 --------------------------------------------------
 thermalise> Completed equilibration step      250
             Total energy:             -6.9021
             Kinetic energy:           10.9286
             Potential energy:        -17.8307
             Current temperature:  0.0513
 --------------------------------------------------
 thermalise> Completed equilibration step      300
             Total energy:             -7.3843
             Kinetic energy:           10.9635
             Potential energy:        -18.3478
             Current temperature:  0.0515
 --------------------------------------------------
 thermalise> Completed equilibration step      350
             Total energy:             -7.4312
             Kinetic energy:           10.9227
             Potential energy:        -18.3539
             Current temperature:  0.0513
 --------------------------------------------------
 thermalise> Completed equilibration step      400
             Total energy:             -7.5279
             Kinetic energy:           10.9407
             Potential energy:        -18.4686
             Current temperature:  0.0514
 --------------------------------------------------
 thermalise> Completed equilibration step      450
             Total energy:             -6.4746
             Kinetic energy:           10.9621
             Potential energy:        -17.4368
             Current temperature:  0.0515
 --------------------------------------------------
 thermalise> Completed equilibration step      500
             Total energy:             -6.5283
             Kinetic energy:           10.9025
             Potential energy:        -17.4308
             Current temperature:  0.0512
 --------------------------------------------------
 thermalise> Completed equilibration step      550
             Total energy:             -6.4986
             Kinetic energy:           10.9211
             Potential energy:        -17.4196
             Current temperature:  0.0513
 --------------------------------------------------
 thermalise> Completed equilibration step      600
             Total energy:             -6.8609
             Kinetic energy:           10.9670
             Potential energy:        -17.8279
             Current temperature:  0.0515
 --------------------------------------------------
 thermalise> Completed equilibration step      650
             Total energy:             -6.4802
             Kinetic energy:           10.9280
             Potential energy:        -17.4081
             Current temperature:  0.0513
 --------------------------------------------------
 thermalise> Completed equilibration step      700
             Total energy:             -6.2684
             Kinetic energy:           10.9287
             Potential energy:        -17.1971
             Current temperature:  0.0513
 --------------------------------------------------
 thermalise> Completed equilibration step      750
             Total energy:             -6.2246
             Kinetic energy:           10.9217
             Potential energy:        -17.1462
             Current temperature:  0.0513
 --------------------------------------------------
 thermalise> Completed equilibration step      800
             Total energy:             -5.7532
             Kinetic energy:           10.9101
             Potential energy:        -16.6634
             Current temperature:  0.0512
 --------------------------------------------------
 thermalise> Completed equilibration step      850
             Total energy:             -5.4536
             Kinetic energy:           10.8789
             Potential energy:        -16.3325
             Current temperature:  0.0511
 --------------------------------------------------
 thermalise> Completed equilibration step      900
             Total energy:             -5.5054
             Kinetic energy:           10.9395
             Potential energy:        -16.4449
             Current temperature:  0.0514
 --------------------------------------------------
 thermalise> Completed equilibration step      950
             Total energy:             -5.8518
             Kinetic energy:           10.9561
             Potential energy:        -16.8079
             Current temperature:  0.0514
 --------------------------------------------------
 thermalise> Completed equilibration step     1000
             Total energy:             -5.1123
             Kinetic energy:           10.9286
             Potential energy:        -16.0408
             Current temperature:  0.0513
 --------------------------------------------------
 thermalise> Completed equilibration step     1050
             Total energy:             -5.2675
             Kinetic energy:           10.9975
             Potential energy:        -16.2650
             Current temperature:  0.0516
 --------------------------------------------------
 thermalise> Completed equilibration step     1100
             Total energy:             -5.6045
             Kinetic energy:           10.9630
             Potential energy:        -16.5675
             Current temperature:  0.0515
 --------------------------------------------------
 thermalise> Completed equilibration step     1150
             Total energy:             -5.2818
             Kinetic energy:           10.8798
             Potential energy:        -16.1616
             Current temperature:  0.0511
 --------------------------------------------------
 thermalise> Completed equilibration step     1200
             Total energy:             -4.8669
             Kinetic energy:           10.9173
             Potential energy:        -15.7842
             Current temperature:  0.0513
 --------------------------------------------------
 thermalise> Completed equilibration step     1250
             Total energy:             -5.1128
             Kinetic energy:           10.9486
             Potential energy:        -16.0614
             Current temperature:  0.0514
 --------------------------------------------------
 thermalise> Completed equilibration step     1300
             Total energy:             -4.5834
             Kinetic energy:           10.8819
             Potential energy:        -15.4653
             Current temperature:  0.0511
 --------------------------------------------------
 thermalise> Completed equilibration step     1350
             Total energy:             -4.0032
             Kinetic energy:           10.9355
             Potential energy:        -14.9387
             Current temperature:  0.0513
 --------------------------------------------------
 thermalise> Completed equilibration step     1400
             Total energy:             -4.3010
             Kinetic energy:           10.9835
             Potential energy:        -15.2846
             Current temperature:  0.0516
 --------------------------------------------------
 thermalise> Completed equilibration step     1450
             Total energy:             -4.4235
             Kinetic energy:           10.9000
             Potential energy:        -15.3235
             Current temperature:  0.0512
 --------------------------------------------------
 thermalise> Completed equilibration step     1500
             Total energy:             -4.5280
             Kinetic energy:           10.9016
             Potential energy:        -15.4296
             Current temperature:  0.0512
 --------------------------------------------------
 thermalise> Completed equilibration step     1550
             Total energy:             -4.5158
             Kinetic energy:           10.9600
             Potential energy:        -15.4758
             Current temperature:  0.0515
 --------------------------------------------------
 thermalise> Completed equilibration step     1600
             Total energy:             -4.3492
             Kinetic energy:           10.9338
             Potential energy:        -15.2830
             Current temperature:  0.0513
 --------------------------------------------------
 thermalise> Completed equilibration step     1650
             Total energy:             -3.5199
             Kinetic energy:           10.9712
             Potential energy:        -14.4911
             Current temperature:  0.0515
 --------------------------------------------------
 thermalise> Completed equilibration step     1700
             Total energy:             -4.7526
             Kinetic energy:           10.9561
             Potential energy:        -15.7087
             Current temperature:  0.0514
 --------------------------------------------------
 thermalise> Completed equilibration step     1750
             Total energy:             -4.3959
             Kinetic energy:           10.8860
             Potential energy:        -15.2820
             Current temperature:  0.0511
 --------------------------------------------------
 thermalise> Completed equilibration step     1800
             Total energy:             -4.6683
             Kinetic energy:           10.9428
             Potential energy:        -15.6111
             Current temperature:  0.0514
 --------------------------------------------------
 thermalise> Completed equilibration step     1850
             Total energy:             -4.9269
             Kinetic energy:           10.9105
             Potential energy:        -15.8374
             Current temperature:  0.0512
 --------------------------------------------------
 thermalise> Completed equilibration step     1900
             Total energy:             -4.3075
             Kinetic energy:           10.9318
             Potential energy:        -15.2393
             Current temperature:  0.0513
 --------------------------------------------------
 thermalise> Completed equilibration step     1950
             Total energy:             -3.8821
             Kinetic energy:           10.9392
             Potential energy:        -14.8213
             Current temperature:  0.0514
 --------------------------------------------------
 thermalise> Completed equilibration step     2000
             Total energy:             -4.2906
             Kinetic energy:           10.9422
             Potential energy:        -15.2328
             Current temperature:  0.0514
 --------------------------------------------------
 thermalise> Thermalisation step        4 with T=  0.077
 thermalise_rescale> Target T:    0.077, current T:   0.051, scaling:    1.224
 thermalise> Completed equilibration step       50
             Total energy:              1.7540
             Kinetic energy:           16.3822
             Potential energy:        -14.6282
             Current temperature:  0.0769
 --------------------------------------------------
 thermalise> Completed equilibration step      100
             Total energy:              2.2232
             Kinetic energy:           16.3955
             Potential energy:        -14.1723
             Current temperature:  0.0770
 --------------------------------------------------
 thermalise> Completed equilibration step      150
             Total energy:              2.2810
             Kinetic energy:           16.3752
             Potential energy:        -14.0941
             Current temperature:  0.0769
 --------------------------------------------------
 thermalise> Completed equilibration step      200
             Total energy:              2.7650
             Kinetic energy:           16.4093
             Potential energy:        -13.6443
             Current temperature:  0.0770
 --------------------------------------------------
 thermalise> Completed equilibration step      250
             Total energy:              3.0781
             Kinetic energy:           16.4259
             Potential energy:        -13.3478
             Current temperature:  0.0771
 --------------------------------------------------
 thermalise> Completed equilibration step      300
             Total energy:              3.0189
             Kinetic energy:           16.4146
             Potential energy:        -13.3957
             Current temperature:  0.0771
 --------------------------------------------------
 thermalise> Completed equilibration step      350
             Total energy:              2.1744
             Kinetic energy:           16.4227
             Potential energy:        -14.2482
             Current temperature:  0.0771
 --------------------------------------------------
 thermalise> Completed equilibration step      400
             Total energy:              2.3290
             Kinetic energy:           16.3967
             Potential energy:        -14.0677
             Current temperature:  0.0770
 --------------------------------------------------
 thermalise> Completed equilibration step      450
             Total energy:              2.8510
             Kinetic energy:           16.3645
             Potential energy:        -13.5135
             Current temperature:  0.0768
 --------------------------------------------------
 thermalise> Completed equilibration step      500
             Total energy:              2.8475
             Kinetic energy:           16.4152
             Potential energy:        -13.5677
             Current temperature:  0.0771
 --------------------------------------------------
 thermalise> Completed equilibration step      550
             Total energy:              3.4534
             Kinetic energy:           16.3866
             Potential energy:        -12.9332
             Current temperature:  0.0769
 --------------------------------------------------
 thermalise> Completed equilibration step      600
             Total energy:              4.0385
             Kinetic energy:           16.3937
             Potential energy:        -12.3552
             Current temperature:  0.0770
 --------------------------------------------------
 thermalise> Completed equilibration step      650
             Total energy:              3.8596
             Kinetic energy:           16.3993
             Potential energy:        -12.5396
             Current temperature:  0.0770
 --------------------------------------------------
 thermalise> Completed equilibration step      700
             Total energy:              3.3782
             Kinetic energy:           16.3866
             Potential energy:        -13.0083
             Current temperature:  0.0769
 --------------------------------------------------
 thermalise> Completed equilibration step      750
             Total energy:              2.9265
             Kinetic energy:           16.3995
             Potential energy:        -13.4730
             Current temperature:  0.0770
 --------------------------------------------------
 thermalise> Completed equilibration step      800
             Total energy:              3.1060
             Kinetic energy:           16.4034
             Potential energy:        -13.2974
             Current temperature:  0.0770
 --------------------------------------------------
 thermalise> Completed equilibration step      850
             Total energy:              3.7982
             Kinetic energy:           16.3755
             Potential energy:        -12.5773
             Current temperature:  0.0769
 --------------------------------------------------
 thermalise> Completed equilibration step      900
             Total energy:              4.1220
             Kinetic energy:           16.3802
             Potential energy:        -12.2582
             Current temperature:  0.0769
 --------------------------------------------------
 thermalise> Completed equilibration step      950
             Total energy:              4.0676
             Kinetic energy:           16.3852
             Potential energy:        -12.3176
             Current temperature:  0.0769
 --------------------------------------------------
 thermalise> Completed equilibration step     1000
             Total energy:              4.3722
             Kinetic energy:           16.3545
             Potential energy:        -11.9823
             Current temperature:  0.0768
 --------------------------------------------------
 thermalise> Completed equilibration step     1050
             Total energy:              3.9051
             Kinetic energy:           16.4367
             Potential energy:        -12.5315
             Current temperature:  0.0772
 --------------------------------------------------
 thermalise> Completed equilibration step     1100
             Total energy:              2.7187
             Kinetic energy:           16.4609
             Potential energy:        -13.7421
             Current temperature:  0.0773
 --------------------------------------------------
 thermalise> Completed equilibration step     1150
             Total energy:              3.2503
             Kinetic energy:           16.4070
             Potential energy:        -13.1567
             Current temperature:  0.0770
 --------------------------------------------------
 thermalise> Completed equilibration step     1200
             Total energy:              4.5986
             Kinetic energy:           16.4212
             Potential energy:        -11.8226
             Current temperature:  0.0771
 --------------------------------------------------
 thermalise> Completed equilibration step     1250
             Total energy:              3.5041
             Kinetic energy:           16.3836
             Potential energy:        -12.8795
             Current temperature:  0.0769
 --------------------------------------------------
 thermalise> Completed equilibration step     1300
             Total energy:              3.8131
             Kinetic energy:           16.3740
             Potential energy:        -12.5609
             Current temperature:  0.0769
 --------------------------------------------------
 thermalise> Completed equilibration step     1350
             Total energy:              4.2649
             Kinetic energy:           16.4561
             Potential energy:        -12.1912
             Current temperature:  0.0773
 --------------------------------------------------
 thermalise> Completed equilibration step     1400
             Total energy:              4.9925
             Kinetic energy:           16.4200
             Potential energy:        -11.4275
             Current temperature:  0.0771
 --------------------------------------------------
 thermalise> Completed equilibration step     1450
             Total energy:              4.0998
             Kinetic energy:           16.3850
             Potential energy:        -12.2851
             Current temperature:  0.0769
 --------------------------------------------------
 thermalise> Completed equilibration step     1500
             Total energy:              4.2577
             Kinetic energy:           16.4173
             Potential energy:        -12.1597
             Current temperature:  0.0771
 --------------------------------------------------
 thermalise> Completed equilibration step     1550
             Total energy:              3.5844
             Kinetic energy:           16.4239
             Potential energy:        -12.8395
             Current temperature:  0.0771
 --------------------------------------------------
 thermalise> Completed equilibration step     1600
             Total energy:              4.7177
             Kinetic energy:           16.3625
             Potential energy:        -11.6448
             Current temperature:  0.0768
 --------------------------------------------------
 thermalise> Completed equilibration step     1650
             Total energy:              4.4582
             Kinetic energy:           16.4217
             Potential energy:        -11.9635
             Current temperature:  0.0771
 --------------------------------------------------
 thermalise> Completed equilibration step     1700
             Total energy:              4.6767
             Kinetic energy:           16.3767
             Potential energy:        -11.7000
             Current temperature:  0.0769
 --------------------------------------------------
 thermalise> Completed equilibration step     1750
             Total energy:              5.1830
             Kinetic energy:           16.3919
             Potential energy:        -11.2089
             Current temperature:  0.0770
 --------------------------------------------------
 thermalise> Completed equilibration step     1800
             Total energy:              5.0518
             Kinetic energy:           16.3797
             Potential energy:        -11.3279
             Current temperature:  0.0769
 --------------------------------------------------
 thermalise> Completed equilibration step     1850
             Total energy:              4.2836
             Kinetic energy:           16.4372
             Potential energy:        -12.1536
             Current temperature:  0.0772
 --------------------------------------------------
 thermalise> Completed equilibration step     1900
             Total energy:              4.4506
             Kinetic energy:           16.3477
             Potential energy:        -11.8972
             Current temperature:  0.0767
 --------------------------------------------------
 thermalise> Completed equilibration step     1950
             Total energy:              4.9449
             Kinetic energy:           16.3669
             Potential energy:        -11.4220
             Current temperature:  0.0768
 --------------------------------------------------
 thermalise> Completed equilibration step     2000
             Total energy:              4.5871
             Kinetic energy:           16.4099
             Potential energy:        -11.8228
             Current temperature:  0.0770
 --------------------------------------------------
 thermalise> Thermalisation step        5 with T=  0.103
 thermalise_rescale> Target T:    0.103, current T:   0.077, scaling:    1.154
 thermalise> Completed equilibration step       50
             Total energy:             11.5053
             Kinetic energy:           21.8571
             Potential energy:        -10.3518
             Current temperature:  0.1026
 --------------------------------------------------
 thermalise> Completed equilibration step      100
             Total energy:             12.1242
             Kinetic energy:           21.8566
             Potential energy:         -9.7325
             Current temperature:  0.1026
 --------------------------------------------------
 thermalise> Completed equilibration step      150
             Total energy:             13.0609
             Kinetic energy:           21.9048
             Potential energy:         -8.8439
             Current temperature:  0.1028
 --------------------------------------------------
 thermalise> Completed equilibration step      200
             Total energy:             13.0375
             Kinetic energy:           21.8414
             Potential energy:         -8.8039
             Current temperature:  0.1025
 --------------------------------------------------
 thermalise> Completed equilibration step      250
             Total energy:             13.2685
             Kinetic energy:           21.8852
             Potential energy:         -8.6167
             Current temperature:  0.1027
 --------------------------------------------------
 thermalise> Completed equilibration step      300
             Total energy:             13.1990
             Kinetic energy:           21.9181
             Potential energy:         -8.7191
             Current temperature:  0.1029
 --------------------------------------------------
 thermalise> Completed equilibration step      350
             Total energy:             12.3618
             Kinetic energy:           21.8745
             Potential energy:         -9.5127
             Current temperature:  0.1027
 --------------------------------------------------
 thermalise> Completed equilibration step      400
             Total energy:             11.5302
             Kinetic energy:           21.8679
             Potential energy:        -10.3377
             Current temperature:  0.1027
 --------------------------------------------------
 thermalise> Completed equilibration step      450
             Total energy:             12.0855
             Kinetic energy:           21.8686
             Potential energy:         -9.7832
             Current temperature:  0.1027
 --------------------------------------------------
 thermalise> Completed equilibration step      500
             Total energy:             12.0125
             Kinetic energy:           21.8407
             Potential energy:         -9.8283
             Current temperature:  0.1025
 --------------------------------------------------
 thermalise> Completed equilibration step      550
             Total energy:             12.1932
             Kinetic energy:           21.8858
             Potential energy:         -9.6926
             Current temperature:  0.1028
 --------------------------------------------------
 thermalise> Completed equilibration step      600
             Total energy:             11.7191
             Kinetic energy:           21.8514
             Potential energy:        -10.1323
             Current temperature:  0.1026
 --------------------------------------------------
 thermalise> Completed equilibration step      650
             Total energy:             12.0404
             Kinetic energy:           21.8932
             Potential energy:         -9.8528
             Current temperature:  0.1028
 --------------------------------------------------
 thermalise> Completed equilibration step      700
             Total energy:             12.2933
             Kinetic energy:           21.8811
             Potential energy:         -9.5878
             Current temperature:  0.1027
 --------------------------------------------------
 thermalise> Completed equilibration step      750
             Total energy:             12.8298
             Kinetic energy:           21.8691
             Potential energy:         -9.0393
             Current temperature:  0.1027
 --------------------------------------------------
 thermalise> Completed equilibration step      800
             Total energy:             12.8940
             Kinetic energy:           21.7794
             Potential energy:         -8.8854
             Current temperature:  0.1023
 --------------------------------------------------
 thermalise> Completed equilibration step      850
             Total energy:             13.7188
             Kinetic energy:           21.7973
             Potential energy:         -8.0785
             Current temperature:  0.1023
 --------------------------------------------------
 thermalise> Completed equilibration step      900
             Total energy:             13.9608
             Kinetic energy:           21.8866
             Potential energy:         -7.9258
             Current temperature:  0.1028
 --------------------------------------------------
 thermalise> Completed equilibration step      950
             Total energy:             12.9908
             Kinetic energy:           21.8987
             Potential energy:         -8.9080
             Current temperature:  0.1028
 --------------------------------------------------
 thermalise> Completed equilibration step     1000
             Total energy:             11.6997
             Kinetic energy:           21.8460
             Potential energy:        -10.1462
             Current temperature:  0.1026
 --------------------------------------------------
 thermalise> Completed equilibration step     1050
             Total energy:             12.5615
             Kinetic energy:           21.8613
             Potential energy:         -9.2998
             Current temperature:  0.1026
 --------------------------------------------------
 thermalise> Completed equilibration step     1100
             Total energy:             11.5438
             Kinetic energy:           21.9154
             Potential energy:        -10.3716
             Current temperature:  0.1029
 --------------------------------------------------
 thermalise> Completed equilibration step     1150
             Total energy:             11.4335
             Kinetic energy:           21.7795
             Potential energy:        -10.3460
             Current temperature:  0.1023
 --------------------------------------------------
 thermalise> Completed equilibration step     1200
             Total energy:             12.4629
             Kinetic energy:           21.7979
             Potential energy:         -9.3350
             Current temperature:  0.1023
 --------------------------------------------------
 thermalise> Completed equilibration step     1250
             Total energy:             13.3018
             Kinetic energy:           21.9787
             Potential energy:         -8.6770
             Current temperature:  0.1032
 --------------------------------------------------
 thermalise> Completed equilibration step     1300
             Total energy:             13.2038
             Kinetic energy:           21.8692
             Potential energy:         -8.6655
             Current temperature:  0.1027
 --------------------------------------------------
 thermalise> Completed equilibration step     1350
             Total energy:             13.4521
             Kinetic energy:           21.8350
             Potential energy:         -8.3830
             Current temperature:  0.1025
 --------------------------------------------------
 thermalise> Completed equilibration step     1400
             Total energy:             12.5237
             Kinetic energy:           21.9718
             Potential energy:         -9.4481
             Current temperature:  0.1032
 --------------------------------------------------
 thermalise> Completed equilibration step     1450
             Total energy:             12.7176
             Kinetic energy:           21.8432
             Potential energy:         -9.1256
             Current temperature:  0.1026
 --------------------------------------------------
 thermalise> Completed equilibration step     1500
             Total energy:             11.9496
             Kinetic energy:           21.8845
             Potential energy:         -9.9349
             Current temperature:  0.1027
 --------------------------------------------------
 thermalise> Completed equilibration step     1550
             Total energy:             11.6522
             Kinetic energy:           21.8955
             Potential energy:        -10.2433
             Current temperature:  0.1028
 --------------------------------------------------
 thermalise> Completed equilibration step     1600
             Total energy:             12.4091
             Kinetic energy:           21.8344
             Potential energy:         -9.4253
             Current temperature:  0.1025
 --------------------------------------------------
 thermalise> Completed equilibration step     1650
             Total energy:             13.1841
             Kinetic energy:           21.8328
             Potential energy:         -8.6486
             Current temperature:  0.1025
 --------------------------------------------------
 thermalise> Completed equilibration step     1700
             Total energy:             12.3443
             Kinetic energy:           21.8872
             Potential energy:         -9.5429
             Current temperature:  0.1028
 --------------------------------------------------
 thermalise> Completed equilibration step     1750
             Total energy:             12.5609
             Kinetic energy:           21.8572
             Potential energy:         -9.2964
             Current temperature:  0.1026
 --------------------------------------------------
 thermalise> Completed equilibration step     1800
             Total energy:             13.5396
             Kinetic energy:           21.8602
             Potential energy:         -8.3206
             Current temperature:  0.1026
 --------------------------------------------------
 thermalise> Completed equilibration step     1850
             Total energy:             12.5042
             Kinetic energy:           21.8346
             Potential energy:         -9.3304
             Current temperature:  0.1025
 --------------------------------------------------
 thermalise> Completed equilibration step     1900
             Total energy:             12.2880
             Kinetic energy:           21.9193
             Potential energy:         -9.6314
             Current temperature:  0.1029
 --------------------------------------------------
 thermalise> Completed equilibration step     1950
             Total energy:             13.5227
             Kinetic energy:           21.8406
             Potential energy:         -8.3178
             Current temperature:  0.1025
 --------------------------------------------------
 thermalise> Completed equilibration step     2000
             Total energy:             13.1149
             Kinetic energy:           21.8805
             Potential energy:         -8.7656
             Current temperature:  0.1027
 --------------------------------------------------
 thermalise> Thermalisation step        6 with T=  0.128
 thermalise_rescale> Target T:    0.128, current T:   0.103, scaling:    1.118
 thermalise> Completed equilibration step       50
             Total energy:             18.3305
             Kinetic energy:           27.3650
             Potential energy:         -9.0344
             Current temperature:  0.1285
 --------------------------------------------------
 thermalise> Completed equilibration step      100
             Total energy:             19.0632
             Kinetic energy:           27.3041
             Potential energy:         -8.2409
             Current temperature:  0.1282
 --------------------------------------------------
 thermalise> Completed equilibration step      150
             Total energy:             18.9833
             Kinetic energy:           27.2811
             Potential energy:         -8.2979
             Current temperature:  0.1281
 --------------------------------------------------
 thermalise> Completed equilibration step      200
             Total energy:             19.6321
             Kinetic energy:           27.3612
             Potential energy:         -7.7291
             Current temperature:  0.1285
 --------------------------------------------------
 thermalise> Completed equilibration step      250
             Total energy:             20.5249
             Kinetic energy:           27.3333
             Potential energy:         -6.8084
             Current temperature:  0.1283
 --------------------------------------------------
 thermalise> Completed equilibration step      300
             Total energy:             21.1094
             Kinetic energy:           27.2900
             Potential energy:         -6.1805
             Current temperature:  0.1281
 --------------------------------------------------
 thermalise> Completed equilibration step      350
             Total energy:             20.8960
             Kinetic energy:           27.3006
             Potential energy:         -6.4047
             Current temperature:  0.1282
 --------------------------------------------------
 thermalise> Completed equilibration step      400
             Total energy:             20.7736
             Kinetic energy:           27.3699
             Potential energy:         -6.5963
             Current temperature:  0.1285
 --------------------------------------------------
 thermalise> Completed equilibration step      450
             Total energy:             21.3430
             Kinetic energy:           27.3333
             Potential energy:         -5.9903
             Current temperature:  0.1283
 --------------------------------------------------
 thermalise> Completed equilibration step      500
             Total energy:             21.9746
             Kinetic energy:           27.3423
             Potential energy:         -5.3676
             Current temperature:  0.1284
 --------------------------------------------------
 thermalise> Completed equilibration step      550
             Total energy:             21.0234
             Kinetic energy:           27.3221
             Potential energy:         -6.2987
             Current temperature:  0.1283
 --------------------------------------------------
 thermalise> Completed equilibration step      600
             Total energy:             21.4994
             Kinetic energy:           27.3253
             Potential energy:         -5.8259
             Current temperature:  0.1283
 --------------------------------------------------
 thermalise> Completed equilibration step      650
             Total energy:             21.3624
             Kinetic energy:           27.3464
             Potential energy:         -5.9840
             Current temperature:  0.1284
 --------------------------------------------------
 thermalise> Completed equilibration step      700
             Total energy:             22.2141
             Kinetic energy:           27.3323
             Potential energy:         -5.1183
             Current temperature:  0.1283
 --------------------------------------------------
 thermalise> Completed equilibration step      750
             Total energy:             22.1108
             Kinetic energy:           27.4069
             Potential energy:         -5.2961
             Current temperature:  0.1287
 --------------------------------------------------
 thermalise> Completed equilibration step      800
             Total energy:             22.4595
             Kinetic energy:           27.3903
             Potential energy:         -4.9309
             Current temperature:  0.1286
 --------------------------------------------------
 thermalise> Completed equilibration step      850
             Total energy:             22.3709
             Kinetic energy:           27.2914
             Potential energy:         -4.9206
             Current temperature:  0.1281
 --------------------------------------------------
 thermalise> Completed equilibration step      900
             Total energy:             23.8627
             Kinetic energy:           27.3330
             Potential energy:         -3.4702
             Current temperature:  0.1283
 --------------------------------------------------
 thermalise> Completed equilibration step      950
             Total energy:             21.4736
             Kinetic energy:           27.2975
             Potential energy:         -5.8240
             Current temperature:  0.1282
 --------------------------------------------------
 thermalise> Completed equilibration step     1000
             Total energy:             22.7424
             Kinetic energy:           27.3325
             Potential energy:         -4.5901
             Current temperature:  0.1283
 --------------------------------------------------
 thermalise> Completed equilibration step     1050
             Total energy:             25.1072
             Kinetic energy:           27.2793
             Potential energy:         -2.1721
             Current temperature:  0.1281
 --------------------------------------------------
 thermalise> Completed equilibration step     1100
             Total energy:             23.1494
             Kinetic energy:           27.3123
             Potential energy:         -4.1629
             Current temperature:  0.1282
 --------------------------------------------------
 thermalise> Completed equilibration step     1150
             Total energy:             22.6328
             Kinetic energy:           27.3013
             Potential energy:         -4.6685
             Current temperature:  0.1282
 --------------------------------------------------
 thermalise> Completed equilibration step     1200
             Total energy:             23.9738
             Kinetic energy:           27.3242
             Potential energy:         -3.3504
             Current temperature:  0.1283
 --------------------------------------------------
 thermalise> Completed equilibration step     1250
             Total energy:             23.0241
             Kinetic energy:           27.3582
             Potential energy:         -4.3341
             Current temperature:  0.1284
 --------------------------------------------------
 thermalise> Completed equilibration step     1300
             Total energy:             22.1663
             Kinetic energy:           27.3630
             Potential energy:         -5.1967
             Current temperature:  0.1285
 --------------------------------------------------
 thermalise> Completed equilibration step     1350
             Total energy:             22.6817
             Kinetic energy:           27.3848
             Potential energy:         -4.7031
             Current temperature:  0.1286
 --------------------------------------------------
 thermalise> Completed equilibration step     1400
             Total energy:             21.2995
             Kinetic energy:           27.4179
             Potential energy:         -6.1184
             Current temperature:  0.1287
 --------------------------------------------------
 thermalise> Completed equilibration step     1450
             Total energy:             20.6878
             Kinetic energy:           27.3453
             Potential energy:         -6.6575
             Current temperature:  0.1284
 --------------------------------------------------
 thermalise> Completed equilibration step     1500
             Total energy:             21.0300
             Kinetic energy:           27.3818
             Potential energy:         -6.3518
             Current temperature:  0.1286
 --------------------------------------------------
 thermalise> Completed equilibration step     1550
             Total energy:             21.2636
             Kinetic energy:           27.2825
             Potential energy:         -6.0189
             Current temperature:  0.1281
 --------------------------------------------------
 thermalise> Completed equilibration step     1600
             Total energy:             21.5615
             Kinetic energy:           27.3027
             Potential energy:         -5.7412
             Current temperature:  0.1282
 --------------------------------------------------
 thermalise> Completed equilibration step     1650
             Total energy:             21.9622
             Kinetic energy:           27.3544
             Potential energy:         -5.3922
             Current temperature:  0.1284
 --------------------------------------------------
 thermalise> Completed equilibration step     1700
             Total energy:             21.5320
             Kinetic energy:           27.3398
             Potential energy:         -5.8078
             Current temperature:  0.1284
 --------------------------------------------------
 thermalise> Completed equilibration step     1750
             Total energy:             22.1133
             Kinetic energy:           27.2766
             Potential energy:         -5.1633
             Current temperature:  0.1281
 --------------------------------------------------
 thermalise> Completed equilibration step     1800
             Total energy:             22.7260
             Kinetic energy:           27.3433
             Potential energy:         -4.6173
             Current temperature:  0.1284
 --------------------------------------------------
 thermalise> Completed equilibration step     1850
             Total energy:             21.9453
             Kinetic energy:           27.3222
             Potential energy:         -5.3769
             Current temperature:  0.1283
 --------------------------------------------------
 thermalise> Completed equilibration step     1900
             Total energy:             21.3400
             Kinetic energy:           27.2677
             Potential energy:         -5.9276
             Current temperature:  0.1280
 --------------------------------------------------
 thermalise> Completed equilibration step     1950
             Total energy:             21.5761
             Kinetic energy:           27.2821
             Potential energy:         -5.7060
             Current temperature:  0.1281
 --------------------------------------------------
 thermalise> Completed equilibration step     2000
             Total energy:             23.1500
             Kinetic energy:           27.3555
             Potential energy:         -4.2055
             Current temperature:  0.1284
 --------------------------------------------------
 thermalise> Thermalisation step        7 with T=  0.154
 thermalise_rescale> Target T:    0.154, current T:   0.128, scaling:    1.095
 thermalise> Completed equilibration step       50
             Total energy:             26.9938
             Kinetic energy:           32.8715
             Potential energy:         -5.8777
             Current temperature:  0.1543
 --------------------------------------------------
 thermalise> Completed equilibration step      100
             Total energy:             27.3913
             Kinetic energy:           32.7690
             Potential energy:         -5.3777
             Current temperature:  0.1538
 --------------------------------------------------
 thermalise> Completed equilibration step      150
             Total energy:             27.8383
             Kinetic energy:           32.8121
             Potential energy:         -4.9737
             Current temperature:  0.1540
 --------------------------------------------------
 thermalise> Completed equilibration step      200
             Total energy:             26.7426
             Kinetic energy:           32.8441
             Potential energy:         -6.1015
             Current temperature:  0.1542
 --------------------------------------------------
 thermalise> Completed equilibration step      250
             Total energy:             26.8617
             Kinetic energy:           32.7878
             Potential energy:         -5.9260
             Current temperature:  0.1539
 --------------------------------------------------
 thermalise> Completed equilibration step      300
             Total energy:             27.5376
             Kinetic energy:           32.7859
             Potential energy:         -5.2483
             Current temperature:  0.1539
 --------------------------------------------------
 thermalise> Completed equilibration step      350
             Total energy:             27.0529
             Kinetic energy:           32.8803
             Potential energy:         -5.8275
             Current temperature:  0.1544
 --------------------------------------------------
 thermalise> Completed equilibration step      400
             Total energy:             28.2185
             Kinetic energy:           32.7528
             Potential energy:         -4.5343
             Current temperature:  0.1538
 --------------------------------------------------
 thermalise> Completed equilibration step      450
             Total energy:             28.6919
             Kinetic energy:           32.7997
             Potential energy:         -4.1078
             Current temperature:  0.1540
 --------------------------------------------------
 thermalise> Completed equilibration step      500
             Total energy:             28.0705
             Kinetic energy:           32.7724
             Potential energy:         -4.7019
             Current temperature:  0.1539
 --------------------------------------------------
 thermalise> Completed equilibration step      550
             Total energy:             28.2039
             Kinetic energy:           32.7386
             Potential energy:         -4.5347
             Current temperature:  0.1537
 --------------------------------------------------
 thermalise> Completed equilibration step      600
             Total energy:             28.2055
             Kinetic energy:           32.7720
             Potential energy:         -4.5665
             Current temperature:  0.1539
 --------------------------------------------------
 thermalise> Completed equilibration step      650
             Total energy:             27.4277
             Kinetic energy:           32.8243
             Potential energy:         -5.3965
             Current temperature:  0.1541
 --------------------------------------------------
 thermalise> Completed equilibration step      700
             Total energy:             28.4726
             Kinetic energy:           32.8016
             Potential energy:         -4.3290
             Current temperature:  0.1540
 --------------------------------------------------
 thermalise> Completed equilibration step      750
             Total energy:             29.5032
             Kinetic energy:           32.8703
             Potential energy:         -3.3671
             Current temperature:  0.1543
 --------------------------------------------------
 thermalise> Completed equilibration step      800
             Total energy:             28.0004
             Kinetic energy:           32.9055
             Potential energy:         -4.9051
             Current temperature:  0.1545
 --------------------------------------------------
 thermalise> Completed equilibration step      850
             Total energy:             27.5795
             Kinetic energy:           32.7942
             Potential energy:         -5.2148
             Current temperature:  0.1540
 --------------------------------------------------
 thermalise> Completed equilibration step      900
             Total energy:             29.1775
             Kinetic energy:           32.7188
             Potential energy:         -3.5413
             Current temperature:  0.1536
 --------------------------------------------------
 thermalise> Completed equilibration step      950
             Total energy:             26.2261
             Kinetic energy:           32.8283
             Potential energy:         -6.6022
             Current temperature:  0.1541
 --------------------------------------------------
 thermalise> Completed equilibration step     1000
             Total energy:             25.3005
             Kinetic energy:           32.7626
             Potential energy:         -7.4620
             Current temperature:  0.1538
 --------------------------------------------------
 thermalise> Completed equilibration step     1050
             Total energy:             26.5303
             Kinetic energy:           32.7457
             Potential energy:         -6.2154
             Current temperature:  0.1537
 --------------------------------------------------
 thermalise> Completed equilibration step     1100
             Total energy:             26.6895
             Kinetic energy:           32.8927
             Potential energy:         -6.2032
             Current temperature:  0.1544
 --------------------------------------------------
 thermalise> Completed equilibration step     1150
             Total energy:             27.1848
             Kinetic energy:           32.7676
             Potential energy:         -5.5829
             Current temperature:  0.1538
 --------------------------------------------------
 thermalise> Completed equilibration step     1200
             Total energy:             29.0816
             Kinetic energy:           32.7437
             Potential energy:         -3.6621
             Current temperature:  0.1537
 --------------------------------------------------
 thermalise> Completed equilibration step     1250
             Total energy:             29.5494
             Kinetic energy:           32.7863
             Potential energy:         -3.2370
             Current temperature:  0.1539
 --------------------------------------------------
 thermalise> Completed equilibration step     1300
             Total energy:             28.6898
             Kinetic energy:           32.7661
             Potential energy:         -4.0764
             Current temperature:  0.1538
 --------------------------------------------------
 thermalise> Completed equilibration step     1350
             Total energy:             28.6342
             Kinetic energy:           32.8481
             Potential energy:         -4.2139
             Current temperature:  0.1542
 --------------------------------------------------
 thermalise> Completed equilibration step     1400
             Total energy:             27.7163
             Kinetic energy:           32.7697
             Potential energy:         -5.0533
             Current temperature:  0.1538
 --------------------------------------------------
 thermalise> Completed equilibration step     1450
             Total energy:             28.1322
             Kinetic energy:           32.7875
             Potential energy:         -4.6553
             Current temperature:  0.1539
 --------------------------------------------------
 thermalise> Completed equilibration step     1500
             Total energy:             28.4751
             Kinetic energy:           32.8042
             Potential energy:         -4.3291
             Current temperature:  0.1540
 --------------------------------------------------
 thermalise> Completed equilibration step     1550
             Total energy:             28.4452
             Kinetic energy:           32.8031
             Potential energy:         -4.3579
             Current temperature:  0.1540
 --------------------------------------------------
 thermalise> Completed equilibration step     1600
             Total energy:             29.0450
             Kinetic energy:           32.8113
             Potential energy:         -3.7662
             Current temperature:  0.1540
 --------------------------------------------------
 thermalise> Completed equilibration step     1650
             Total energy:             29.9867
             Kinetic energy:           32.8454
             Potential energy:         -2.8587
             Current temperature:  0.1542
 --------------------------------------------------
 thermalise> Completed equilibration step     1700
             Total energy:             28.8996
             Kinetic energy:           32.8782
             Potential energy:         -3.9786
             Current temperature:  0.1544
 --------------------------------------------------
 thermalise> Completed equilibration step     1750
             Total energy:             27.7438
             Kinetic energy:           32.8624
             Potential energy:         -5.1187
             Current temperature:  0.1543
 --------------------------------------------------
 thermalise> Completed equilibration step     1800
             Total energy:             28.4537
             Kinetic energy:           32.7393
             Potential energy:         -4.2857
             Current temperature:  0.1537
 --------------------------------------------------
 thermalise> Completed equilibration step     1850
             Total energy:             30.1791
             Kinetic energy:           32.7476
             Potential energy:         -2.5685
             Current temperature:  0.1537
 --------------------------------------------------
 thermalise> Completed equilibration step     1900
             Total energy:             29.8002
             Kinetic energy:           32.7739
             Potential energy:         -2.9737
             Current temperature:  0.1539
 --------------------------------------------------
 thermalise> Completed equilibration step     1950
             Total energy:             29.9066
             Kinetic energy:           32.7494
             Potential energy:         -2.8428
             Current temperature:  0.1538
 --------------------------------------------------
 thermalise> Completed equilibration step     2000
             Total energy:             31.7559
             Kinetic energy:           32.7424
             Potential energy:         -0.9864
             Current temperature:  0.1537
 --------------------------------------------------
 thermalise> Thermalisation step        8 with T=  0.180
 thermalise_rescale> Target T:    0.180, current T:   0.154, scaling:    1.081
 thermalise> Completed equilibration step       50
             Total energy:             35.6559
             Kinetic energy:           38.2958
             Potential energy:         -2.6399
             Current temperature:  0.1798
 --------------------------------------------------
 thermalise> Completed equilibration step      100
             Total energy:             34.5867
             Kinetic energy:           38.2486
             Potential energy:         -3.6619
             Current temperature:  0.1796
 --------------------------------------------------
 thermalise> Completed equilibration step      150
             Total energy:             35.0827
             Kinetic energy:           38.3441
             Potential energy:         -3.2614
             Current temperature:  0.1800
 --------------------------------------------------
 thermalise> Completed equilibration step      200
             Total energy:             35.1642
             Kinetic energy:           38.2971
             Potential energy:         -3.1330
             Current temperature:  0.1798
 --------------------------------------------------
 thermalise> Completed equilibration step      250
             Total energy:             35.9104
             Kinetic energy:           38.2658
             Potential energy:         -2.3554
             Current temperature:  0.1797
 --------------------------------------------------
 thermalise> Completed equilibration step      300
             Total energy:             36.3813
             Kinetic energy:           38.2783
             Potential energy:         -1.8969
             Current temperature:  0.1797
 --------------------------------------------------
 thermalise> Completed equilibration step      350
             Total energy:             36.3592
             Kinetic energy:           38.3447
             Potential energy:         -1.9854
             Current temperature:  0.1800
 --------------------------------------------------
 thermalise> Completed equilibration step      400
             Total energy:             35.4987
             Kinetic energy:           38.1321
             Potential energy:         -2.6334
             Current temperature:  0.1790
 --------------------------------------------------
 thermalise> Completed equilibration step      450
             Total energy:             35.9160
             Kinetic energy:           38.3538
             Potential energy:         -2.4378
             Current temperature:  0.1801
 --------------------------------------------------
 thermalise> Completed equilibration step      500
             Total energy:             34.3758
             Kinetic energy:           38.2802
             Potential energy:         -3.9044
             Current temperature:  0.1797
 --------------------------------------------------
 thermalise> Completed equilibration step      550
             Total energy:             34.6310
             Kinetic energy:           38.1713
             Potential energy:         -3.5403
             Current temperature:  0.1792
 --------------------------------------------------
 thermalise> Completed equilibration step      600
             Total energy:             36.2993
             Kinetic energy:           38.2721
             Potential energy:         -1.9727
             Current temperature:  0.1797
 --------------------------------------------------
 thermalise> Completed equilibration step      650
             Total energy:             37.0599
             Kinetic energy:           38.3530
             Potential energy:         -1.2931
             Current temperature:  0.1801
 --------------------------------------------------
 thermalise> Completed equilibration step      700
             Total energy:             36.3589
             Kinetic energy:           38.2121
             Potential energy:         -1.8533
             Current temperature:  0.1794
 --------------------------------------------------
 thermalise> Completed equilibration step      750
             Total energy:             37.3121
             Kinetic energy:           38.1822
             Potential energy:         -0.8701
             Current temperature:  0.1793
 --------------------------------------------------
 thermalise> Completed equilibration step      800
             Total energy:             37.6521
             Kinetic energy:           38.2559
             Potential energy:         -0.6037
             Current temperature:  0.1796
 --------------------------------------------------
 thermalise> Completed equilibration step      850
             Total energy:             36.9229
             Kinetic energy:           38.2707
             Potential energy:         -1.3479
             Current temperature:  0.1797
 --------------------------------------------------
 thermalise> Completed equilibration step      900
             Total energy:             36.8808
             Kinetic energy:           38.2443
             Potential energy:         -1.3635
             Current temperature:  0.1796
 --------------------------------------------------
 thermalise> Completed equilibration step      950
             Total energy:             37.8097
             Kinetic energy:           38.2997
             Potential energy:         -0.4900
             Current temperature:  0.1798
 --------------------------------------------------
 thermalise> Completed equilibration step     1000
             Total energy:             35.6783
             Kinetic energy:           38.2661
             Potential energy:         -2.5878
             Current temperature:  0.1797
 --------------------------------------------------
 thermalise> Completed equilibration step     1050
             Total energy:             36.0136
             Kinetic energy:           38.3013
             Potential energy:         -2.2877
             Current temperature:  0.1798
 --------------------------------------------------
 thermalise> Completed equilibration step     1100
             Total energy:             36.4095
             Kinetic energy:           38.2586
             Potential energy:         -1.8491
             Current temperature:  0.1796
 --------------------------------------------------
 thermalise> Completed equilibration step     1150
             Total energy:             35.9667
             Kinetic energy:           38.2180
             Potential energy:         -2.2513
             Current temperature:  0.1794
 --------------------------------------------------
 thermalise> Completed equilibration step     1200
             Total energy:             35.3590
             Kinetic energy:           38.2623
             Potential energy:         -2.9033
             Current temperature:  0.1796
 --------------------------------------------------
 thermalise> Completed equilibration step     1250
             Total energy:             36.1573
             Kinetic energy:           38.1652
             Potential energy:         -2.0079
             Current temperature:  0.1792
 --------------------------------------------------
 thermalise> Completed equilibration step     1300
             Total energy:             36.8912
             Kinetic energy:           38.2210
             Potential energy:         -1.3297
             Current temperature:  0.1794
 --------------------------------------------------
 thermalise> Completed equilibration step     1350
             Total energy:             36.7957
             Kinetic energy:           38.2218
             Potential energy:         -1.4262
             Current temperature:  0.1794
 --------------------------------------------------
 thermalise> Completed equilibration step     1400
             Total energy:             37.3602
             Kinetic energy:           38.2180
             Potential energy:         -0.8579
             Current temperature:  0.1794
 --------------------------------------------------
 thermalise> Completed equilibration step     1450
             Total energy:             37.9480
             Kinetic energy:           38.3185
             Potential energy:         -0.3705
             Current temperature:  0.1799
 --------------------------------------------------
 thermalise> Completed equilibration step     1500
             Total energy:             36.8350
             Kinetic energy:           38.3266
             Potential energy:         -1.4916
             Current temperature:  0.1799
 --------------------------------------------------
 thermalise> Completed equilibration step     1550
             Total energy:             37.7255
             Kinetic energy:           38.2849
             Potential energy:         -0.5594
             Current temperature:  0.1797
 --------------------------------------------------
 thermalise> Completed equilibration step     1600
             Total energy:             37.5480
             Kinetic energy:           38.4021
             Potential energy:         -0.8541
             Current temperature:  0.1803
 --------------------------------------------------
 thermalise> Completed equilibration step     1650
             Total energy:             37.0439
             Kinetic energy:           38.2407
             Potential energy:         -1.1967
             Current temperature:  0.1795
 --------------------------------------------------
 thermalise> Completed equilibration step     1700
             Total energy:             39.8663
             Kinetic energy:           38.2734
             Potential energy:          1.5929
             Current temperature:  0.1797
 --------------------------------------------------
 thermalise> Completed equilibration step     1750
             Total energy:             39.7918
             Kinetic energy:           38.3553
             Potential energy:          1.4365
             Current temperature:  0.1801
 --------------------------------------------------
 thermalise> Completed equilibration step     1800
             Total energy:             37.9861
             Kinetic energy:           38.2073
             Potential energy:         -0.2212
             Current temperature:  0.1794
 --------------------------------------------------
 thermalise> Completed equilibration step     1850
             Total energy:             38.0692
             Kinetic energy:           38.2233
             Potential energy:         -0.1541
             Current temperature:  0.1795
 --------------------------------------------------
 thermalise> Completed equilibration step     1900
             Total energy:             37.8635
             Kinetic energy:           38.3142
             Potential energy:         -0.4507
             Current temperature:  0.1799
 --------------------------------------------------
 thermalise> Completed equilibration step     1950
             Total energy:             36.4013
             Kinetic energy:           38.1557
             Potential energy:         -1.7544
             Current temperature:  0.1791
 --------------------------------------------------
 thermalise> Completed equilibration step     2000
             Total energy:             36.5987
             Kinetic energy:           38.2880
             Potential energy:         -1.6893
             Current temperature:  0.1798
 --------------------------------------------------
 thermalise> Thermalisation step        9 with T=  0.205
 thermalise_rescale> Target T:    0.205, current T:   0.180, scaling:    1.069
 thermalise> Completed equilibration step       50
             Total energy:             43.3330
             Kinetic energy:           43.7708
             Potential energy:         -0.4378
             Current temperature:  0.2055
 --------------------------------------------------
 thermalise> Completed equilibration step      100
             Total energy:             43.7015
             Kinetic energy:           43.6510
             Potential energy:          0.0505
             Current temperature:  0.2049
 --------------------------------------------------
 thermalise> Completed equilibration step      150
             Total energy:             43.4409
             Kinetic energy:           43.7583
             Potential energy:         -0.3174
             Current temperature:  0.2054
 --------------------------------------------------
 thermalise> Completed equilibration step      200
             Total energy:             43.4448
             Kinetic energy:           43.7140
             Potential energy:         -0.2691
             Current temperature:  0.2052
 --------------------------------------------------
 thermalise> Completed equilibration step      250
             Total energy:             44.0381
             Kinetic energy:           43.6053
             Potential energy:          0.4328
             Current temperature:  0.2047
 --------------------------------------------------
 thermalise> Completed equilibration step      300
             Total energy:             42.9479
             Kinetic energy:           43.7761
             Potential energy:         -0.8282
             Current temperature:  0.2055
 --------------------------------------------------
 thermalise> Completed equilibration step      350
             Total energy:             44.7543
             Kinetic energy:           43.7371
             Potential energy:          1.0171
             Current temperature:  0.2053
 --------------------------------------------------
 thermalise> Completed equilibration step      400
             Total energy:             44.7202
             Kinetic energy:           43.6902
             Potential energy:          1.0300
             Current temperature:  0.2051
 --------------------------------------------------
 thermalise> Completed equilibration step      450
             Total energy:             44.5692
             Kinetic energy:           43.7196
             Potential energy:          0.8496
             Current temperature:  0.2053
 --------------------------------------------------
 thermalise> Completed equilibration step      500
             Total energy:             45.4399
             Kinetic energy:           43.7818
             Potential energy:          1.6581
             Current temperature:  0.2055
 --------------------------------------------------
 thermalise> Completed equilibration step      550
             Total energy:             45.0824
             Kinetic energy:           43.7438
             Potential energy:          1.3386
             Current temperature:  0.2054
 --------------------------------------------------
 thermalise> Completed equilibration step      600
             Total energy:             43.3881
             Kinetic energy:           43.7593
             Potential energy:         -0.3712
             Current temperature:  0.2054
 --------------------------------------------------
 thermalise> Completed equilibration step      650
             Total energy:             44.0114
             Kinetic energy:           43.7592
             Potential energy:          0.2522
             Current temperature:  0.2054
 --------------------------------------------------
 thermalise> Completed equilibration step      700
             Total energy:             42.8813
             Kinetic energy:           43.7779
             Potential energy:         -0.8966
             Current temperature:  0.2055
 --------------------------------------------------
 thermalise> Completed equilibration step      750
             Total energy:             42.5022
             Kinetic energy:           43.6971
             Potential energy:         -1.1949
             Current temperature:  0.2052
 --------------------------------------------------
 thermalise> Completed equilibration step      800
             Total energy:             44.1989
             Kinetic energy:           43.7338
             Potential energy:          0.4651
             Current temperature:  0.2053
 --------------------------------------------------
 thermalise> Completed equilibration step      850
             Total energy:             45.0299
             Kinetic energy:           43.7308
             Potential energy:          1.2991
             Current temperature:  0.2053
 --------------------------------------------------
 thermalise> Completed equilibration step      900
             Total energy:             43.6947
             Kinetic energy:           43.8309
             Potential energy:         -0.1362
             Current temperature:  0.2058
 --------------------------------------------------
 thermalise> Completed equilibration step      950
             Total energy:             44.5987
             Kinetic energy:           43.7994
             Potential energy:          0.7992
             Current temperature:  0.2056
 --------------------------------------------------
 thermalise> Completed equilibration step     1000
             Total energy:             45.6880
             Kinetic energy:           43.7609
             Potential energy:          1.9270
             Current temperature:  0.2055
 --------------------------------------------------
 thermalise> Completed equilibration step     1050
             Total energy:             45.0556
             Kinetic energy:           43.7185
             Potential energy:          1.3371
             Current temperature:  0.2053
 --------------------------------------------------
 thermalise> Completed equilibration step     1100
             Total energy:             45.2962
             Kinetic energy:           43.6975
             Potential energy:          1.5987
             Current temperature:  0.2052
 --------------------------------------------------
 thermalise> Completed equilibration step     1150
             Total energy:             45.8849
             Kinetic energy:           43.7263
             Potential energy:          2.1586
             Current temperature:  0.2053
 --------------------------------------------------
 thermalise> Completed equilibration step     1200
             Total energy:             44.7269
             Kinetic energy:           43.6851
             Potential energy:          1.0418
             Current temperature:  0.2051
 --------------------------------------------------
 thermalise> Completed equilibration step     1250
             Total energy:             44.6269
             Kinetic energy:           43.6862
             Potential energy:          0.9407
             Current temperature:  0.2051
 --------------------------------------------------
 thermalise> Completed equilibration step     1300
             Total energy:             43.6133
             Kinetic energy:           43.8176
             Potential energy:         -0.2043
             Current temperature:  0.2057
 --------------------------------------------------
 thermalise> Completed equilibration step     1350
             Total energy:             44.6874
             Kinetic energy:           43.6963
             Potential energy:          0.9911
             Current temperature:  0.2051
 --------------------------------------------------
 thermalise> Completed equilibration step     1400
             Total energy:             45.9878
             Kinetic energy:           43.7035
             Potential energy:          2.2842
             Current temperature:  0.2052
 --------------------------------------------------
 thermalise> Completed equilibration step     1450
             Total energy:             45.3750
             Kinetic energy:           43.7251
             Potential energy:          1.6500
             Current temperature:  0.2053
 --------------------------------------------------
 thermalise> Completed equilibration step     1500
             Total energy:             44.6614
             Kinetic energy:           43.7591
             Potential energy:          0.9023
             Current temperature:  0.2054
 --------------------------------------------------
 thermalise> Completed equilibration step     1550
             Total energy:             44.1907
             Kinetic energy:           43.7914
             Potential energy:          0.3993
             Current temperature:  0.2056
 --------------------------------------------------
 thermalise> Completed equilibration step     1600
             Total energy:             46.0109
             Kinetic energy:           43.7807
             Potential energy:          2.2302
             Current temperature:  0.2055
 --------------------------------------------------
 thermalise> Completed equilibration step     1650
             Total energy:             44.6783
             Kinetic energy:           43.6890
             Potential energy:          0.9893
             Current temperature:  0.2051
 --------------------------------------------------
 thermalise> Completed equilibration step     1700
             Total energy:             45.5146
             Kinetic energy:           43.7698
             Potential energy:          1.7447
             Current temperature:  0.2055
 --------------------------------------------------
 thermalise> Completed equilibration step     1750
             Total energy:             46.6892
             Kinetic energy:           43.7920
             Potential energy:          2.8973
             Current temperature:  0.2056
 --------------------------------------------------
 thermalise> Completed equilibration step     1800
             Total energy:             47.6071
             Kinetic energy:           43.6847
             Potential energy:          3.9224
             Current temperature:  0.2051
 --------------------------------------------------
 thermalise> Completed equilibration step     1850
             Total energy:             45.4699
             Kinetic energy:           43.6903
             Potential energy:          1.7796
             Current temperature:  0.2051
 --------------------------------------------------
 thermalise> Completed equilibration step     1900
             Total energy:             45.8668
             Kinetic energy:           43.7196
             Potential energy:          2.1472
             Current temperature:  0.2053
 --------------------------------------------------
 thermalise> Completed equilibration step     1950
             Total energy:             46.0884
             Kinetic energy:           43.8133
             Potential energy:          2.2751
             Current temperature:  0.2057
 --------------------------------------------------
 thermalise> Completed equilibration step     2000
             Total energy:             45.2712
             Kinetic energy:           43.7127
             Potential energy:          1.5585
             Current temperature:  0.2052
 --------------------------------------------------
 thermalise> Thermalisation step       10 with T=  0.231
 thermalise_rescale> Target T:    0.231, current T:   0.205, scaling:    1.061
 thermalise> Completed equilibration step       50
             Total energy:             50.5449
             Kinetic energy:           49.3066
             Potential energy:          1.2383
             Current temperature:  0.2315
 --------------------------------------------------
 thermalise> Completed equilibration step      100
             Total energy:             52.6385
             Kinetic energy:           49.1532
             Potential energy:          3.4853
             Current temperature:  0.2308
 --------------------------------------------------
 thermalise> Completed equilibration step      150
             Total energy:             51.3929
             Kinetic energy:           49.2507
             Potential energy:          2.1423
             Current temperature:  0.2312
 --------------------------------------------------
 thermalise> Completed equilibration step      200
             Total energy:             50.4619
             Kinetic energy:           49.1080
             Potential energy:          1.3539
             Current temperature:  0.2306
 --------------------------------------------------
 thermalise> Completed equilibration step      250
             Total energy:             51.1282
             Kinetic energy:           49.1650
             Potential energy:          1.9632
             Current temperature:  0.2308
 --------------------------------------------------
 thermalise> Completed equilibration step      300
             Total energy:             50.1831
             Kinetic energy:           49.2866
             Potential energy:          0.8965
             Current temperature:  0.2314
 --------------------------------------------------
 thermalise> Completed equilibration step      350
             Total energy:             51.8985
             Kinetic energy:           49.2383
             Potential energy:          2.6602
             Current temperature:  0.2312
 --------------------------------------------------
 thermalise> Completed equilibration step      400
             Total energy:             52.0501
             Kinetic energy:           49.2097
             Potential energy:          2.8404
             Current temperature:  0.2310
 --------------------------------------------------
 thermalise> Completed equilibration step      450
             Total energy:             52.4837
             Kinetic energy:           49.2559
             Potential energy:          3.2278
             Current temperature:  0.2312
 --------------------------------------------------
 thermalise> Completed equilibration step      500
             Total energy:             52.9393
             Kinetic energy:           49.1159
             Potential energy:          3.8234
             Current temperature:  0.2306
 --------------------------------------------------
 thermalise> Completed equilibration step      550
             Total energy:             52.7173
             Kinetic energy:           49.2145
             Potential energy:          3.5028
             Current temperature:  0.2311
 --------------------------------------------------
 thermalise> Completed equilibration step      600
             Total energy:             52.3024
             Kinetic energy:           49.2124
             Potential energy:          3.0900
             Current temperature:  0.2310
 --------------------------------------------------
 thermalise> Completed equilibration step      650
             Total energy:             52.7546
             Kinetic energy:           49.1995
             Potential energy:          3.5551
             Current temperature:  0.2310
 --------------------------------------------------
 thermalise> Completed equilibration step      700
             Total energy:             52.4397
             Kinetic energy:           49.2146
             Potential energy:          3.2252
             Current temperature:  0.2311
 --------------------------------------------------
 thermalise> Completed equilibration step      750
             Total energy:             52.2013
             Kinetic energy:           49.2184
             Potential energy:          2.9829
             Current temperature:  0.2311
 --------------------------------------------------
 thermalise> Completed equilibration step      800
             Total energy:             52.1893
             Kinetic energy:           49.2041
             Potential energy:          2.9852
             Current temperature:  0.2310
 --------------------------------------------------
 thermalise> Completed equilibration step      850
             Total energy:             53.6331
             Kinetic energy:           49.1623
             Potential energy:          4.4708
             Current temperature:  0.2308
 --------------------------------------------------
 thermalise> Completed equilibration step      900
             Total energy:             53.3381
             Kinetic energy:           49.1420
             Potential energy:          4.1961
             Current temperature:  0.2307
 --------------------------------------------------
 thermalise> Completed equilibration step      950
             Total energy:             51.9975
             Kinetic energy:           49.2279
             Potential energy:          2.7697
             Current temperature:  0.2311
 --------------------------------------------------
 thermalise> Completed equilibration step     1000
             Total energy:             52.2430
             Kinetic energy:           49.2483
             Potential energy:          2.9947
             Current temperature:  0.2312
 --------------------------------------------------
 thermalise> Completed equilibration step     1050
             Total energy:             51.6643
             Kinetic energy:           49.1829
             Potential energy:          2.4814
             Current temperature:  0.2309
 --------------------------------------------------
 thermalise> Completed equilibration step     1100
             Total energy:             51.8615
             Kinetic energy:           49.1583
             Potential energy:          2.7032
             Current temperature:  0.2308
 --------------------------------------------------
 thermalise> Completed equilibration step     1150
             Total energy:             52.7647
             Kinetic energy:           49.2274
             Potential energy:          3.5373
             Current temperature:  0.2311
 --------------------------------------------------
 thermalise> Completed equilibration step     1200
             Total energy:             53.0230
             Kinetic energy:           49.1633
             Potential energy:          3.8597
             Current temperature:  0.2308
 --------------------------------------------------
 thermalise> Completed equilibration step     1250
             Total energy:             53.0018
             Kinetic energy:           49.2386
             Potential energy:          3.7632
             Current temperature:  0.2312
 --------------------------------------------------
 thermalise> Completed equilibration step     1300
             Total energy:             52.9927
             Kinetic energy:           49.1810
             Potential energy:          3.8118
             Current temperature:  0.2309
 --------------------------------------------------
 thermalise> Completed equilibration step     1350
             Total energy:             53.2365
             Kinetic energy:           49.2589
             Potential energy:          3.9776
             Current temperature:  0.2313
 --------------------------------------------------
 thermalise> Completed equilibration step     1400
             Total energy:             53.8720
             Kinetic energy:           49.1977
             Potential energy:          4.6743
             Current temperature:  0.2310
 --------------------------------------------------
 thermalise> Completed equilibration step     1450
             Total energy:             54.2784
             Kinetic energy:           49.2364
             Potential energy:          5.0420
             Current temperature:  0.2312
 --------------------------------------------------
 thermalise> Completed equilibration step     1500
             Total energy:             54.7455
             Kinetic energy:           49.1300
             Potential energy:          5.6155
             Current temperature:  0.2307
 --------------------------------------------------
 thermalise> Completed equilibration step     1550
             Total energy:             54.6460
             Kinetic energy:           49.2354
             Potential energy:          5.4106
             Current temperature:  0.2312
 --------------------------------------------------
 thermalise> Completed equilibration step     1600
             Total energy:             55.1889
             Kinetic energy:           49.2384
             Potential energy:          5.9504
             Current temperature:  0.2312
 --------------------------------------------------
 thermalise> Completed equilibration step     1650
             Total energy:             55.6898
             Kinetic energy:           49.2250
             Potential energy:          6.4648
             Current temperature:  0.2311
 --------------------------------------------------
 thermalise> Completed equilibration step     1700
             Total energy:             55.8980
             Kinetic energy:           49.2806
             Potential energy:          6.6174
             Current temperature:  0.2314
 --------------------------------------------------
 thermalise> Completed equilibration step     1750
             Total energy:             55.3830
             Kinetic energy:           49.2049
             Potential energy:          6.1782
             Current temperature:  0.2310
 --------------------------------------------------
 thermalise> Completed equilibration step     1800
             Total energy:             56.4002
             Kinetic energy:           49.2273
             Potential energy:          7.1729
             Current temperature:  0.2311
 --------------------------------------------------
 thermalise> Completed equilibration step     1850
             Total energy:             56.8405
             Kinetic energy:           49.1773
             Potential energy:          7.6632
             Current temperature:  0.2309
 --------------------------------------------------
 thermalise> Completed equilibration step     1900
             Total energy:             55.9119
             Kinetic energy:           49.1550
             Potential energy:          6.7570
             Current temperature:  0.2308
 --------------------------------------------------
 thermalise> Completed equilibration step     1950
             Total energy:             57.7576
             Kinetic energy:           49.1718
             Potential energy:          8.5858
             Current temperature:  0.2309
 --------------------------------------------------
 thermalise> Completed equilibration step     2000
             Total energy:             57.5808
             Kinetic energy:           49.1165
             Potential energy:          8.4643
             Current temperature:  0.2306
 --------------------------------------------------
 thermalise> Thermalisation step       11 with T=  0.257
 thermalise_rescale> Target T:    0.257, current T:   0.231, scaling:    1.055
 thermalise> Completed equilibration step       50
             Total energy:             63.0129
             Kinetic energy:           54.6203
             Potential energy:          8.3926
             Current temperature:  0.2564
 --------------------------------------------------
 thermalise> Completed equilibration step      100
             Total energy:             64.7571
             Kinetic energy:           54.7296
             Potential energy:         10.0275
             Current temperature:  0.2569
 --------------------------------------------------
 thermalise> Completed equilibration step      150
             Total energy:             63.3040
             Kinetic energy:           54.5651
             Potential energy:          8.7389
             Current temperature:  0.2562
 --------------------------------------------------
 thermalise> Completed equilibration step      200
             Total energy:             62.6297
             Kinetic energy:           54.5677
             Potential energy:          8.0620
             Current temperature:  0.2562
 --------------------------------------------------
 thermalise> Completed equilibration step      250
             Total energy:             63.1312
             Kinetic energy:           54.6925
             Potential energy:          8.4387
             Current temperature:  0.2568
 --------------------------------------------------
 thermalise> Completed equilibration step      300
             Total energy:             64.4417
             Kinetic energy:           54.7575
             Potential energy:          9.6841
             Current temperature:  0.2571
 --------------------------------------------------
 thermalise> Completed equilibration step      350
             Total energy:             65.2122
             Kinetic energy:           54.6932
             Potential energy:         10.5190
             Current temperature:  0.2568
 --------------------------------------------------
 thermalise> Completed equilibration step      400
             Total energy:             66.4749
             Kinetic energy:           54.6441
             Potential energy:         11.8308
             Current temperature:  0.2565
 --------------------------------------------------
 thermalise> Completed equilibration step      450
             Total energy:             65.0121
             Kinetic energy:           54.7260
             Potential energy:         10.2860
             Current temperature:  0.2569
 --------------------------------------------------
 thermalise> Completed equilibration step      500
             Total energy:             64.1775
             Kinetic energy:           54.7191
             Potential energy:          9.4584
             Current temperature:  0.2569
 --------------------------------------------------
 thermalise> Completed equilibration step      550
             Total energy:             64.7697
             Kinetic energy:           54.7190
             Potential energy:         10.0507
             Current temperature:  0.2569
 --------------------------------------------------
 thermalise> Completed equilibration step      600
             Total energy:             65.3729
             Kinetic energy:           54.5890
             Potential energy:         10.7839
             Current temperature:  0.2563
 --------------------------------------------------
 thermalise> Completed equilibration step      650
             Total energy:             64.7025
             Kinetic energy:           54.6426
             Potential energy:         10.0599
             Current temperature:  0.2565
 --------------------------------------------------
 thermalise> Completed equilibration step      700
             Total energy:             65.0028
             Kinetic energy:           54.6386
             Potential energy:         10.3642
             Current temperature:  0.2565
 --------------------------------------------------
 thermalise> Completed equilibration step      750
             Total energy:             63.4629
             Kinetic energy:           54.7835
             Potential energy:          8.6794
             Current temperature:  0.2572
 --------------------------------------------------
 thermalise> Completed equilibration step      800
             Total energy:             62.2486
             Kinetic energy:           54.5957
             Potential energy:          7.6529
             Current temperature:  0.2563
 --------------------------------------------------
 thermalise> Completed equilibration step      850
             Total energy:             63.1302
             Kinetic energy:           54.7159
             Potential energy:          8.4142
             Current temperature:  0.2569
 --------------------------------------------------
 thermalise> Completed equilibration step      900
             Total energy:             63.7069
             Kinetic energy:           54.6753
             Potential energy:          9.0317
             Current temperature:  0.2567
 --------------------------------------------------
 thermalise> Completed equilibration step      950
             Total energy:             64.0396
             Kinetic energy:           54.5828
             Potential energy:          9.4568
             Current temperature:  0.2563
 --------------------------------------------------
 thermalise> Completed equilibration step     1000
             Total energy:             63.8851
             Kinetic energy:           54.7154
             Potential energy:          9.1697
             Current temperature:  0.2569
 --------------------------------------------------
 thermalise> Completed equilibration step     1050
             Total energy:             65.4976
             Kinetic energy:           54.8050
             Potential energy:         10.6925
             Current temperature:  0.2573
 --------------------------------------------------
 thermalise> Completed equilibration step     1100
             Total energy:             65.0120
             Kinetic energy:           54.6609
             Potential energy:         10.3510
             Current temperature:  0.2566
 --------------------------------------------------
 thermalise> Completed equilibration step     1150
             Total energy:             65.9549
             Kinetic energy:           54.6432
             Potential energy:         11.3118
             Current temperature:  0.2565
 --------------------------------------------------
 thermalise> Completed equilibration step     1200
             Total energy:             67.4957
             Kinetic energy:           54.5948
             Potential energy:         12.9009
             Current temperature:  0.2563
 --------------------------------------------------
 thermalise> Completed equilibration step     1250
             Total energy:             66.3177
             Kinetic energy:           54.6098
             Potential energy:         11.7079
             Current temperature:  0.2564
 --------------------------------------------------
 thermalise> Completed equilibration step     1300
             Total energy:             66.5171
             Kinetic energy:           54.5658
             Potential energy:         11.9513
             Current temperature:  0.2562
 --------------------------------------------------
 thermalise> Completed equilibration step     1350
             Total energy:             67.7550
             Kinetic energy:           54.8325
             Potential energy:         12.9225
             Current temperature:  0.2574
 --------------------------------------------------
 thermalise> Completed equilibration step     1400
             Total energy:             67.2133
             Kinetic energy:           54.6501
             Potential energy:         12.5631
             Current temperature:  0.2566
 --------------------------------------------------
 thermalise> Completed equilibration step     1450
             Total energy:             69.1602
             Kinetic energy:           54.6973
             Potential energy:         14.4629
             Current temperature:  0.2568
 --------------------------------------------------
 thermalise> Completed equilibration step     1500
             Total energy:             67.0687
             Kinetic energy:           54.6079
             Potential energy:         12.4608
             Current temperature:  0.2564
 --------------------------------------------------
 thermalise> Completed equilibration step     1550
             Total energy:             67.3954
             Kinetic energy:           54.6046
             Potential energy:         12.7908
             Current temperature:  0.2564
 --------------------------------------------------
 thermalise> Completed equilibration step     1600
             Total energy:             68.1118
             Kinetic energy:           54.6873
             Potential energy:         13.4245
             Current temperature:  0.2567
 --------------------------------------------------
 thermalise> Completed equilibration step     1650
             Total energy:             67.9367
             Kinetic energy:           54.7916
             Potential energy:         13.1451
             Current temperature:  0.2572
 --------------------------------------------------
 thermalise> Completed equilibration step     1700
             Total energy:             69.0062
             Kinetic energy:           54.6621
             Potential energy:         14.3440
             Current temperature:  0.2566
 --------------------------------------------------
 thermalise> Completed equilibration step     1750
             Total energy:             68.9577
             Kinetic energy:           54.5149
             Potential energy:         14.4428
             Current temperature:  0.2559
 --------------------------------------------------
 thermalise> Completed equilibration step     1800
             Total energy:             68.7992
             Kinetic energy:           54.7045
             Potential energy:         14.0947
             Current temperature:  0.2568
 --------------------------------------------------
 thermalise> Completed equilibration step     1850
             Total energy:             69.5938
             Kinetic energy:           54.6700
             Potential energy:         14.9238
             Current temperature:  0.2567
 --------------------------------------------------
 thermalise> Completed equilibration step     1900
             Total energy:             70.2014
             Kinetic energy:           54.5659
             Potential energy:         15.6355
             Current temperature:  0.2562
 --------------------------------------------------
 thermalise> Completed equilibration step     1950
             Total energy:             70.1746
             Kinetic energy:           54.6299
             Potential energy:         15.5447
             Current temperature:  0.2565
 --------------------------------------------------
 thermalise> Completed equilibration step     2000
             Total energy:             70.5963
             Kinetic energy:           54.8131
             Potential energy:         15.7832
             Current temperature:  0.2573
 --------------------------------------------------
 thermalise> Thermalisation step       12 with T=  0.282
 thermalise_rescale> Target T:    0.282, current T:   0.257, scaling:    1.047
 thermalise> Completed equilibration step       50
             Total energy:             74.1844
             Kinetic energy:           60.2573
             Potential energy:         13.9270
             Current temperature:  0.2829
 --------------------------------------------------
 thermalise> Completed equilibration step      100
             Total energy:             76.2848
             Kinetic energy:           60.1005
             Potential energy:         16.1843
             Current temperature:  0.2822
 --------------------------------------------------
 thermalise> Completed equilibration step      150
             Total energy:             75.3332
             Kinetic energy:           60.1521
             Potential energy:         15.1811
             Current temperature:  0.2824
 --------------------------------------------------
 thermalise> Completed equilibration step      200
             Total energy:             73.6393
             Kinetic energy:           60.1525
             Potential energy:         13.4868
             Current temperature:  0.2824
 --------------------------------------------------
 thermalise> Completed equilibration step      250
             Total energy:             74.3707
             Kinetic energy:           60.1433
             Potential energy:         14.2274
             Current temperature:  0.2824
 --------------------------------------------------
 thermalise> Completed equilibration step      300
             Total energy:             73.0277
             Kinetic energy:           60.1220
             Potential energy:         12.9057
             Current temperature:  0.2823
 --------------------------------------------------
 thermalise> Completed equilibration step      350
             Total energy:             73.9693
             Kinetic energy:           60.2172
             Potential energy:         13.7522
             Current temperature:  0.2827
 --------------------------------------------------
 thermalise> Completed equilibration step      400
             Total energy:             74.7113
             Kinetic energy:           60.1784
             Potential energy:         14.5329
             Current temperature:  0.2825
 --------------------------------------------------
 thermalise> Completed equilibration step      450
             Total energy:             77.2682
             Kinetic energy:           59.9919
             Potential energy:         17.2763
             Current temperature:  0.2817
 --------------------------------------------------
 thermalise> Completed equilibration step      500
             Total energy:             75.4808
             Kinetic energy:           60.1003
             Potential energy:         15.3805
             Current temperature:  0.2822
 --------------------------------------------------
 thermalise> Completed equilibration step      550
             Total energy:             76.2944
             Kinetic energy:           60.2523
             Potential energy:         16.0420
             Current temperature:  0.2829
 --------------------------------------------------
 thermalise> Completed equilibration step      600
             Total energy:             74.8031
             Kinetic energy:           60.0573
             Potential energy:         14.7458
             Current temperature:  0.2820
 --------------------------------------------------
 thermalise> Completed equilibration step      650
             Total energy:             75.1970
             Kinetic energy:           60.1400
             Potential energy:         15.0571
             Current temperature:  0.2823
 --------------------------------------------------
 thermalise> Completed equilibration step      700
             Total energy:             76.1668
             Kinetic energy:           60.1944
             Potential energy:         15.9724
             Current temperature:  0.2826
 --------------------------------------------------
 thermalise> Completed equilibration step      750
             Total energy:             77.0065
             Kinetic energy:           60.1057
             Potential energy:         16.9008
             Current temperature:  0.2822
 --------------------------------------------------
 thermalise> Completed equilibration step      800
             Total energy:             78.2936
             Kinetic energy:           60.1159
             Potential energy:         18.1777
             Current temperature:  0.2822
 --------------------------------------------------
 thermalise> Completed equilibration step      850
             Total energy:             77.8311
             Kinetic energy:           60.0821
             Potential energy:         17.7490
             Current temperature:  0.2821
 --------------------------------------------------
 thermalise> Completed equilibration step      900
             Total energy:             77.6049
             Kinetic energy:           60.0398
             Potential energy:         17.5652
             Current temperature:  0.2819
 --------------------------------------------------
 thermalise> Completed equilibration step      950
             Total energy:             76.6120
             Kinetic energy:           60.2591
             Potential energy:         16.3529
             Current temperature:  0.2829
 --------------------------------------------------
 thermalise> Completed equilibration step     1000
             Total energy:             75.9316
             Kinetic energy:           60.1523
             Potential energy:         15.7793
             Current temperature:  0.2824
 --------------------------------------------------
 thermalise> Completed equilibration step     1050
             Total energy:             77.2604
             Kinetic energy:           60.0994
             Potential energy:         17.1609
             Current temperature:  0.2822
 --------------------------------------------------
 thermalise> Completed equilibration step     1100
             Total energy:             77.6951
             Kinetic energy:           60.2198
             Potential energy:         17.4753
             Current temperature:  0.2827
 --------------------------------------------------
 thermalise> Completed equilibration step     1150
             Total energy:             77.1559
             Kinetic energy:           60.2240
             Potential energy:         16.9320
             Current temperature:  0.2827
 --------------------------------------------------
 thermalise> Completed equilibration step     1200
             Total energy:             78.9447
             Kinetic energy:           60.1588
             Potential energy:         18.7860
             Current temperature:  0.2824
 --------------------------------------------------
 thermalise> Completed equilibration step     1250
             Total energy:             77.3734
             Kinetic energy:           60.1962
             Potential energy:         17.1772
             Current temperature:  0.2826
 --------------------------------------------------
 thermalise> Completed equilibration step     1300
             Total energy:             76.5673
             Kinetic energy:           60.2276
             Potential energy:         16.3397
             Current temperature:  0.2828
 --------------------------------------------------
 thermalise> Completed equilibration step     1350
             Total energy:             76.6708
             Kinetic energy:           60.0662
             Potential energy:         16.6046
             Current temperature:  0.2820
 --------------------------------------------------
 thermalise> Completed equilibration step     1400
             Total energy:             77.7600
             Kinetic energy:           60.1210
             Potential energy:         17.6389
             Current temperature:  0.2823
 --------------------------------------------------
 thermalise> Completed equilibration step     1450
             Total energy:             79.0060
             Kinetic energy:           60.1849
             Potential energy:         18.8211
             Current temperature:  0.2826
 --------------------------------------------------
 thermalise> Completed equilibration step     1500
             Total energy:             78.3688
             Kinetic energy:           60.0087
             Potential energy:         18.3601
             Current temperature:  0.2817
 --------------------------------------------------
 thermalise> Completed equilibration step     1550
             Total energy:             80.0436
             Kinetic energy:           60.0618
             Potential energy:         19.9818
             Current temperature:  0.2820
 --------------------------------------------------
 thermalise> Completed equilibration step     1600
             Total energy:             77.8705
             Kinetic energy:           60.1541
             Potential energy:         17.7164
             Current temperature:  0.2824
 --------------------------------------------------
 thermalise> Completed equilibration step     1650
             Total energy:             78.8994
             Kinetic energy:           60.1274
             Potential energy:         18.7720
             Current temperature:  0.2823
 --------------------------------------------------
 thermalise> Completed equilibration step     1700
             Total energy:             79.5619
             Kinetic energy:           60.1648
             Potential energy:         19.3972
             Current temperature:  0.2825
 --------------------------------------------------
 thermalise> Completed equilibration step     1750
             Total energy:             78.9944
             Kinetic energy:           60.1059
             Potential energy:         18.8885
             Current temperature:  0.2822
 --------------------------------------------------
 thermalise> Completed equilibration step     1800
             Total energy:             80.0692
             Kinetic energy:           60.0014
             Potential energy:         20.0679
             Current temperature:  0.2817
 --------------------------------------------------
 thermalise> Completed equilibration step     1850
             Total energy:             79.9195
             Kinetic energy:           60.1312
             Potential energy:         19.7882
             Current temperature:  0.2823
 --------------------------------------------------
 thermalise> Completed equilibration step     1900
             Total energy:             78.7133
             Kinetic energy:           60.1377
             Potential energy:         18.5757
             Current temperature:  0.2823
 --------------------------------------------------
 thermalise> Completed equilibration step     1950
             Total energy:             81.3056
             Kinetic energy:           60.0297
             Potential energy:         21.2759
             Current temperature:  0.2818
 --------------------------------------------------
 thermalise> Completed equilibration step     2000
             Total energy:             80.2770
             Kinetic energy:           60.1342
             Potential energy:         20.1428
             Current temperature:  0.2823
 --------------------------------------------------
 thermalise> Thermalisation step       13 with T=  0.308
 thermalise_rescale> Target T:    0.308, current T:   0.282, scaling:    1.044
 thermalise> Completed equilibration step       50
             Total energy:             86.5183
             Kinetic energy:           65.6994
             Potential energy:         20.8189
             Current temperature:  0.3084
 --------------------------------------------------
 thermalise> Completed equilibration step      100
             Total energy:             88.4253
             Kinetic energy:           65.6100
             Potential energy:         22.8153
             Current temperature:  0.3080
 --------------------------------------------------
 thermalise> Completed equilibration step      150
             Total energy:             88.9820
             Kinetic energy:           65.5164
             Potential energy:         23.4656
             Current temperature:  0.3076
 --------------------------------------------------
 thermalise> Completed equilibration step      200
             Total energy:             88.3362
             Kinetic energy:           65.6164
             Potential energy:         22.7198
             Current temperature:  0.3081
 --------------------------------------------------
 thermalise> Completed equilibration step      250
             Total energy:             89.8165
             Kinetic energy:           65.4972
             Potential energy:         24.3193
             Current temperature:  0.3075
 --------------------------------------------------
 thermalise> Completed equilibration step      300
             Total energy:             90.7005
             Kinetic energy:           65.6034
             Potential energy:         25.0972
             Current temperature:  0.3080
 --------------------------------------------------
 thermalise> Completed equilibration step      350
             Total energy:             89.2141
             Kinetic energy:           65.7029
             Potential energy:         23.5112
             Current temperature:  0.3085
 --------------------------------------------------
 thermalise> Completed equilibration step      400
             Total energy:             87.7899
             Kinetic energy:           65.7260
             Potential energy:         22.0639
             Current temperature:  0.3086
 --------------------------------------------------
 thermalise> Completed equilibration step      450
             Total energy:             89.3458
             Kinetic energy:           65.6016
             Potential energy:         23.7443
             Current temperature:  0.3080
 --------------------------------------------------
 thermalise> Completed equilibration step      500
             Total energy:             87.7453
             Kinetic energy:           65.5673
             Potential energy:         22.1779
             Current temperature:  0.3078
 --------------------------------------------------
 thermalise> Completed equilibration step      550
             Total energy:             87.9766
             Kinetic energy:           65.5882
             Potential energy:         22.3884
             Current temperature:  0.3079
 --------------------------------------------------
 thermalise> Completed equilibration step      600
             Total energy:             90.4549
             Kinetic energy:           65.5548
             Potential energy:         24.9001
             Current temperature:  0.3078
 --------------------------------------------------
 thermalise> Completed equilibration step      650
             Total energy:             88.8458
             Kinetic energy:           65.5382
             Potential energy:         23.3076
             Current temperature:  0.3077
 --------------------------------------------------
 thermalise> Completed equilibration step      700
             Total energy:             87.0783
             Kinetic energy:           65.6037
             Potential energy:         21.4746
             Current temperature:  0.3080
 --------------------------------------------------
 thermalise> Completed equilibration step      750
             Total energy:             90.1860
             Kinetic energy:           65.6851
             Potential energy:         24.5009
             Current temperature:  0.3084
 --------------------------------------------------
 thermalise> Completed equilibration step      800
             Total energy:             91.2504
             Kinetic energy:           65.5990
             Potential energy:         25.6514
             Current temperature:  0.3080
 --------------------------------------------------
 thermalise> Completed equilibration step      850
             Total energy:             92.4243
             Kinetic energy:           65.6432
             Potential energy:         26.7811
             Current temperature:  0.3082
 --------------------------------------------------
 thermalise> Completed equilibration step      900
             Total energy:             92.4599
             Kinetic energy:           65.6822
             Potential energy:         26.7777
             Current temperature:  0.3084
 --------------------------------------------------
 thermalise> Completed equilibration step      950
             Total energy:             91.9632
             Kinetic energy:           65.4513
             Potential energy:         26.5118
             Current temperature:  0.3073
 --------------------------------------------------
 thermalise> Completed equilibration step     1000
             Total energy:             89.9103
             Kinetic energy:           65.6079
             Potential energy:         24.3023
             Current temperature:  0.3080
 --------------------------------------------------
 thermalise> Completed equilibration step     1050
             Total energy:             90.2555
             Kinetic energy:           65.5049
             Potential energy:         24.7506
             Current temperature:  0.3075
 --------------------------------------------------
 thermalise> Completed equilibration step     1100
             Total energy:             92.1121
             Kinetic energy:           65.5998
             Potential energy:         26.5123
             Current temperature:  0.3080
 --------------------------------------------------
 thermalise> Completed equilibration step     1150
             Total energy:             89.6521
             Kinetic energy:           65.5117
             Potential energy:         24.1404
             Current temperature:  0.3076
 --------------------------------------------------
 thermalise> Completed equilibration step     1200
             Total energy:             91.4626
             Kinetic energy:           65.6889
             Potential energy:         25.7738
             Current temperature:  0.3084
 --------------------------------------------------
 thermalise> Completed equilibration step     1250
             Total energy:             91.0610
             Kinetic energy:           65.6542
             Potential energy:         25.4069
             Current temperature:  0.3082
 --------------------------------------------------
 thermalise> Completed equilibration step     1300
             Total energy:             89.3514
             Kinetic energy:           65.5053
             Potential energy:         23.8460
             Current temperature:  0.3075
 --------------------------------------------------
 thermalise> Completed equilibration step     1350
             Total energy:             89.7734
             Kinetic energy:           65.5993
             Potential energy:         24.1741
             Current temperature:  0.3080
 --------------------------------------------------
 thermalise> Completed equilibration step     1400
             Total energy:             90.5700
             Kinetic energy:           65.6323
             Potential energy:         24.9377
             Current temperature:  0.3081
 --------------------------------------------------
 thermalise> Completed equilibration step     1450
             Total energy:             90.1202
             Kinetic energy:           65.6352
             Potential energy:         24.4849
             Current temperature:  0.3081
 --------------------------------------------------
 thermalise> Completed equilibration step     1500
             Total energy:             91.3088
             Kinetic energy:           65.7475
             Potential energy:         25.5613
             Current temperature:  0.3087
 --------------------------------------------------
 thermalise> Completed equilibration step     1550
             Total energy:             92.2427
             Kinetic energy:           65.6523
             Potential energy:         26.5904
             Current temperature:  0.3082
 --------------------------------------------------
 thermalise> Completed equilibration step     1600
             Total energy:             89.5900
             Kinetic energy:           65.6446
             Potential energy:         23.9454
             Current temperature:  0.3082
 --------------------------------------------------
 thermalise> Completed equilibration step     1650
             Total energy:             89.2075
             Kinetic energy:           65.5761
             Potential energy:         23.6315
             Current temperature:  0.3079
 --------------------------------------------------
 thermalise> Completed equilibration step     1700
             Total energy:             91.4859
             Kinetic energy:           65.6058
             Potential energy:         25.8800
             Current temperature:  0.3080
 --------------------------------------------------
 thermalise> Completed equilibration step     1750
             Total energy:             90.5366
             Kinetic energy:           65.5597
             Potential energy:         24.9769
             Current temperature:  0.3078
 --------------------------------------------------
 thermalise> Completed equilibration step     1800
             Total energy:             91.3349
             Kinetic energy:           65.5628
             Potential energy:         25.7721
             Current temperature:  0.3078
 --------------------------------------------------
 thermalise> Completed equilibration step     1850
             Total energy:             91.2636
             Kinetic energy:           65.5322
             Potential energy:         25.7314
             Current temperature:  0.3077
 --------------------------------------------------
 thermalise> Completed equilibration step     1900
             Total energy:             90.9436
             Kinetic energy:           65.4946
             Potential energy:         25.4490
             Current temperature:  0.3075
 --------------------------------------------------
 thermalise> Completed equilibration step     1950
             Total energy:             92.2206
             Kinetic energy:           65.5824
             Potential energy:         26.6381
             Current temperature:  0.3079
 --------------------------------------------------
 thermalise> Completed equilibration step     2000
             Total energy:             91.9470
             Kinetic energy:           65.5352
             Potential energy:         26.4119
             Current temperature:  0.3077
 --------------------------------------------------
 thermalise> Thermalisation step       14 with T=  0.334
 thermalise_rescale> Target T:    0.334, current T:   0.308, scaling:    1.041
 thermalise> Completed equilibration step       50
             Total energy:             98.9828
             Kinetic energy:           71.0912
             Potential energy:         27.8916
             Current temperature:  0.3338
 --------------------------------------------------
 thermalise> Completed equilibration step      100
             Total energy:             97.6957
             Kinetic energy:           71.1860
             Potential energy:         26.5097
             Current temperature:  0.3342
 --------------------------------------------------
 thermalise> Completed equilibration step      150
             Total energy:             96.2475
             Kinetic energy:           71.1024
             Potential energy:         25.1451
             Current temperature:  0.3338
 --------------------------------------------------
 thermalise> Completed equilibration step      200
             Total energy:             96.8705
             Kinetic energy:           71.1527
             Potential energy:         25.7178
             Current temperature:  0.3341
 --------------------------------------------------
 thermalise> Completed equilibration step      250
             Total energy:             96.2195
             Kinetic energy:           71.0647
             Potential energy:         25.1548
             Current temperature:  0.3336
 --------------------------------------------------
 thermalise> Completed equilibration step      300
             Total energy:             97.4949
             Kinetic energy:           71.0376
             Potential energy:         26.4573
             Current temperature:  0.3335
 --------------------------------------------------
 thermalise> Completed equilibration step      350
             Total energy:             97.9343
             Kinetic energy:           71.1914
             Potential energy:         26.7429
             Current temperature:  0.3342
 --------------------------------------------------
 thermalise> Completed equilibration step      400
             Total energy:             96.2841
             Kinetic energy:           71.1072
             Potential energy:         25.1770
             Current temperature:  0.3338
 --------------------------------------------------
 thermalise> Completed equilibration step      450
             Total energy:             97.4558
             Kinetic energy:           70.8887
             Potential energy:         26.5670
             Current temperature:  0.3328
 --------------------------------------------------
 thermalise> Completed equilibration step      500
             Total energy:             95.2841
             Kinetic energy:           71.0756
             Potential energy:         24.2084
             Current temperature:  0.3337
 --------------------------------------------------
 thermalise> Completed equilibration step      550
             Total energy:             95.6305
             Kinetic energy:           71.1084
             Potential energy:         24.5221
             Current temperature:  0.3338
 --------------------------------------------------
 thermalise> Completed equilibration step      600
             Total energy:             98.2652
             Kinetic energy:           71.0274
             Potential energy:         27.2378
             Current temperature:  0.3335
 --------------------------------------------------
 thermalise> Completed equilibration step      650
             Total energy:             96.3681
             Kinetic energy:           71.1565
             Potential energy:         25.2116
             Current temperature:  0.3341
 --------------------------------------------------
 thermalise> Completed equilibration step      700
             Total energy:             96.0450
             Kinetic energy:           71.0616
             Potential energy:         24.9834
             Current temperature:  0.3336
 --------------------------------------------------
 thermalise> Completed equilibration step      750
             Total energy:             95.8855
             Kinetic energy:           71.0888
             Potential energy:         24.7968
             Current temperature:  0.3338
 --------------------------------------------------
 thermalise> Completed equilibration step      800
             Total energy:             95.5463
             Kinetic energy:           71.0649
             Potential energy:         24.4814
             Current temperature:  0.3336
 --------------------------------------------------
 thermalise> Completed equilibration step      850
             Total energy:             96.7182
             Kinetic energy:           71.0549
             Potential energy:         25.6634
             Current temperature:  0.3336
 --------------------------------------------------
 thermalise> Completed equilibration step      900
             Total energy:             96.1314
             Kinetic energy:           71.0538
             Potential energy:         25.0776
             Current temperature:  0.3336
 --------------------------------------------------
 thermalise> Completed equilibration step      950
             Total energy:             96.6098
             Kinetic energy:           70.9986
             Potential energy:         25.6112
             Current temperature:  0.3333
 --------------------------------------------------
 thermalise> Completed equilibration step     1000
             Total energy:             95.8159
             Kinetic energy:           71.2092
             Potential energy:         24.6067
             Current temperature:  0.3343
 --------------------------------------------------
 thermalise> Completed equilibration step     1050
             Total energy:             95.2258
             Kinetic energy:           71.0098
             Potential energy:         24.2160
             Current temperature:  0.3334
 --------------------------------------------------
 thermalise> Completed equilibration step     1100
             Total energy:             95.0854
             Kinetic energy:           71.1318
             Potential energy:         23.9536
             Current temperature:  0.3340
 --------------------------------------------------
 thermalise> Completed equilibration step     1150
             Total energy:             93.5157
             Kinetic energy:           71.1340
             Potential energy:         22.3817
             Current temperature:  0.3340
 --------------------------------------------------
 thermalise> Completed equilibration step     1200
             Total energy:             93.5273
             Kinetic energy:           71.0937
             Potential energy:         22.4336
             Current temperature:  0.3338
 --------------------------------------------------
 thermalise> Completed equilibration step     1250
             Total energy:             93.1444
             Kinetic energy:           71.0763
             Potential energy:         22.0681
             Current temperature:  0.3337
 --------------------------------------------------
 thermalise> Completed equilibration step     1300
             Total energy:             92.6626
             Kinetic energy:           71.0274
             Potential energy:         21.6352
             Current temperature:  0.3335
 --------------------------------------------------
 thermalise> Completed equilibration step     1350
             Total energy:             92.8139
             Kinetic energy:           71.1214
             Potential energy:         21.6926
             Current temperature:  0.3339
 --------------------------------------------------
 thermalise> Completed equilibration step     1400
             Total energy:             93.1819
             Kinetic energy:           70.9632
             Potential energy:         22.2187
             Current temperature:  0.3332
 --------------------------------------------------
 thermalise> Completed equilibration step     1450
             Total energy:             93.2492
             Kinetic energy:           71.1615
             Potential energy:         22.0876
             Current temperature:  0.3341
 --------------------------------------------------
 thermalise> Completed equilibration step     1500
             Total energy:             92.6554
             Kinetic energy:           70.9804
             Potential energy:         21.6750
             Current temperature:  0.3332
 --------------------------------------------------
 thermalise> Completed equilibration step     1550
             Total energy:             94.1916
             Kinetic energy:           71.0036
             Potential energy:         23.1880
             Current temperature:  0.3334
 --------------------------------------------------
 thermalise> Completed equilibration step     1600
             Total energy:             94.9752
             Kinetic energy:           71.1361
             Potential energy:         23.8391
             Current temperature:  0.3340
 --------------------------------------------------
 thermalise> Completed equilibration step     1650
             Total energy:             94.7338
             Kinetic energy:           70.9536
             Potential energy:         23.7801
             Current temperature:  0.3331
 --------------------------------------------------
 thermalise> Completed equilibration step     1700
             Total energy:             94.9003
             Kinetic energy:           70.9958
             Potential energy:         23.9045
             Current temperature:  0.3333
 --------------------------------------------------
 thermalise> Completed equilibration step     1750
             Total energy:             95.5668
             Kinetic energy:           71.1303
             Potential energy:         24.4366
             Current temperature:  0.3339
 --------------------------------------------------
 thermalise> Completed equilibration step     1800
             Total energy:             94.8162
             Kinetic energy:           71.1535
             Potential energy:         23.6628
             Current temperature:  0.3341
 --------------------------------------------------
 thermalise> Completed equilibration step     1850
             Total energy:             95.4773
             Kinetic energy:           70.9753
             Potential energy:         24.5020
             Current temperature:  0.3332
 --------------------------------------------------
 thermalise> Completed equilibration step     1900
             Total energy:             95.7613
             Kinetic energy:           71.1278
             Potential energy:         24.6335
             Current temperature:  0.3339
 --------------------------------------------------
 thermalise> Completed equilibration step     1950
             Total energy:             95.6157
             Kinetic energy:           71.1011
             Potential energy:         24.5146
             Current temperature:  0.3338
 --------------------------------------------------
 thermalise> Completed equilibration step     2000
             Total energy:             95.5273
             Kinetic energy:           70.9810
             Potential energy:         24.5463
             Current temperature:  0.3332
 --------------------------------------------------
 thermalise> Thermalisation step       15 with T=  0.359
 thermalise_rescale> Target T:    0.359, current T:   0.333, scaling:    1.038
 thermalise> Completed equilibration step       50
             Total energy:            103.3992
             Kinetic energy:           76.5471
             Potential energy:         26.8521
             Current temperature:  0.3594
 --------------------------------------------------
 thermalise> Completed equilibration step      100
             Total energy:            100.1386
             Kinetic energy:           76.5295
             Potential energy:         23.6091
             Current temperature:  0.3593
 --------------------------------------------------
 thermalise> Completed equilibration step      150
             Total energy:            101.9481
             Kinetic energy:           76.3828
             Potential energy:         25.5653
             Current temperature:  0.3586
 --------------------------------------------------
 thermalise> Completed equilibration step      200
             Total energy:            102.6549
             Kinetic energy:           76.6701
             Potential energy:         25.9849
             Current temperature:  0.3600
 --------------------------------------------------
 thermalise> Completed equilibration step      250
             Total energy:            101.1757
             Kinetic energy:           76.6678
             Potential energy:         24.5079
             Current temperature:  0.3599
 --------------------------------------------------
 thermalise> Completed equilibration step      300
             Total energy:            102.6801
             Kinetic energy:           76.5884
             Potential energy:         26.0917
             Current temperature:  0.3596
 --------------------------------------------------
 thermalise> Completed equilibration step      350
             Total energy:            102.6451
             Kinetic energy:           76.5353
             Potential energy:         26.1098
             Current temperature:  0.3593
 --------------------------------------------------
 thermalise> Completed equilibration step      400
             Total energy:            102.8724
             Kinetic energy:           76.4747
             Potential energy:         26.3977
             Current temperature:  0.3590
 --------------------------------------------------
 thermalise> Completed equilibration step      450
             Total energy:            103.6907
             Kinetic energy:           76.4429
             Potential energy:         27.2478
             Current temperature:  0.3589
 --------------------------------------------------
 thermalise> Completed equilibration step      500
             Total energy:            102.0705
             Kinetic energy:           76.5361
             Potential energy:         25.5344
             Current temperature:  0.3593
 --------------------------------------------------
 thermalise> Completed equilibration step      550
             Total energy:            101.0470
             Kinetic energy:           76.5932
             Potential energy:         24.4539
             Current temperature:  0.3596
 --------------------------------------------------
 thermalise> Completed equilibration step      600
             Total energy:            100.5753
             Kinetic energy:           76.5736
             Potential energy:         24.0017
             Current temperature:  0.3595
 --------------------------------------------------
 thermalise> Completed equilibration step      650
             Total energy:             99.9070
             Kinetic energy:           76.5500
             Potential energy:         23.3570
             Current temperature:  0.3594
 --------------------------------------------------
 thermalise> Completed equilibration step      700
             Total energy:            100.7810
             Kinetic energy:           76.4499
             Potential energy:         24.3311
             Current temperature:  0.3589
 --------------------------------------------------
 thermalise> Completed equilibration step      750
             Total energy:            101.6098
             Kinetic energy:           76.4494
             Potential energy:         25.1604
             Current temperature:  0.3589
 --------------------------------------------------
 thermalise> Completed equilibration step      800
             Total energy:            101.7704
             Kinetic energy:           76.6609
             Potential energy:         25.1094
             Current temperature:  0.3599
 --------------------------------------------------
 thermalise> Completed equilibration step      850
             Total energy:            102.2395
             Kinetic energy:           76.5735
             Potential energy:         25.6660
             Current temperature:  0.3595
 --------------------------------------------------
 thermalise> Completed equilibration step      900
             Total energy:            101.0958
             Kinetic energy:           76.5881
             Potential energy:         24.5077
             Current temperature:  0.3596
 --------------------------------------------------
 thermalise> Completed equilibration step      950
             Total energy:            101.9061
             Kinetic energy:           76.4142
             Potential energy:         25.4919
             Current temperature:  0.3588
 --------------------------------------------------
 thermalise> Completed equilibration step     1000
             Total energy:            100.9954
             Kinetic energy:           76.5109
             Potential energy:         24.4845
             Current temperature:  0.3592
 --------------------------------------------------
 thermalise> Completed equilibration step     1050
             Total energy:            100.6356
             Kinetic energy:           76.7427
             Potential energy:         23.8929
             Current temperature:  0.3603
 --------------------------------------------------
 thermalise> Completed equilibration step     1100
             Total energy:            100.9844
             Kinetic energy:           76.4865
             Potential energy:         24.4979
             Current temperature:  0.3591
 --------------------------------------------------
 thermalise> Completed equilibration step     1150
             Total energy:            100.2241
             Kinetic energy:           76.5673
             Potential energy:         23.6568
             Current temperature:  0.3595
 --------------------------------------------------
 thermalise> Completed equilibration step     1200
             Total energy:            100.9180
             Kinetic energy:           76.4915
             Potential energy:         24.4265
             Current temperature:  0.3591
 --------------------------------------------------
 thermalise> Completed equilibration step     1250
             Total energy:            100.9204
             Kinetic energy:           76.3532
             Potential energy:         24.5672
             Current temperature:  0.3585
 --------------------------------------------------
 thermalise> Completed equilibration step     1300
             Total energy:            100.8188
             Kinetic energy:           76.5464
             Potential energy:         24.2723
             Current temperature:  0.3594
 --------------------------------------------------
 thermalise> Completed equilibration step     1350
             Total energy:             99.2939
             Kinetic energy:           76.5718
             Potential energy:         22.7221
             Current temperature:  0.3595
 --------------------------------------------------
 thermalise> Completed equilibration step     1400
             Total energy:            100.1507
             Kinetic energy:           76.5677
             Potential energy:         23.5830
             Current temperature:  0.3595
 --------------------------------------------------
 thermalise> Completed equilibration step     1450
             Total energy:            100.8327
             Kinetic energy:           76.6875
             Potential energy:         24.1451
             Current temperature:  0.3600
 --------------------------------------------------
 thermalise> Completed equilibration step     1500
             Total energy:            102.9626
             Kinetic energy:           76.6075
             Potential energy:         26.3550
             Current temperature:  0.3597
 --------------------------------------------------
 thermalise> Completed equilibration step     1550
             Total energy:            102.3349
             Kinetic energy:           76.4082
             Potential energy:         25.9267
             Current temperature:  0.3587
 --------------------------------------------------
 thermalise> Completed equilibration step     1600
             Total energy:            101.1111
             Kinetic energy:           76.5492
             Potential energy:         24.5619
             Current temperature:  0.3594
 --------------------------------------------------
 thermalise> Completed equilibration step     1650
             Total energy:            102.9763
             Kinetic energy:           76.5267
             Potential energy:         26.4496
             Current temperature:  0.3593
 --------------------------------------------------
 thermalise> Completed equilibration step     1700
             Total energy:            103.1938
             Kinetic energy:           76.3978
             Potential energy:         26.7960
             Current temperature:  0.3587
 --------------------------------------------------
 thermalise> Completed equilibration step     1750
             Total energy:            102.7541
             Kinetic energy:           76.4420
             Potential energy:         26.3122
             Current temperature:  0.3589
 --------------------------------------------------
 thermalise> Completed equilibration step     1800
             Total energy:            105.9624
             Kinetic energy:           76.5833
             Potential energy:         29.3791
             Current temperature:  0.3595
 --------------------------------------------------
 thermalise> Completed equilibration step     1850
             Total energy:            103.9082
             Kinetic energy:           76.5220
             Potential energy:         27.3862
             Current temperature:  0.3593
 --------------------------------------------------
 thermalise> Completed equilibration step     1900
             Total energy:            105.4996
             Kinetic energy:           76.4512
             Potential energy:         29.0485
             Current temperature:  0.3589
 --------------------------------------------------
 thermalise> Completed equilibration step     1950
             Total energy:            104.4785
             Kinetic energy:           76.4801
             Potential energy:         27.9984
             Current temperature:  0.3591
 --------------------------------------------------
 thermalise> Completed equilibration step     2000
             Total energy:            106.3470
             Kinetic energy:           76.5283
             Potential energy:         29.8187
             Current temperature:  0.3593
 --------------------------------------------------
 thermalise> Thermalisation step       16 with T=  0.385
 thermalise_rescale> Target T:    0.385, current T:   0.359, scaling:    1.035
 thermalise> Completed equilibration step       50
             Total energy:            112.4657
             Kinetic energy:           82.0718
             Potential energy:         30.3938
             Current temperature:  0.3853
 --------------------------------------------------
 thermalise> Completed equilibration step      100
             Total energy:            111.1219
             Kinetic energy:           82.1197
             Potential energy:         29.0022
             Current temperature:  0.3855
 --------------------------------------------------
 thermalise> Completed equilibration step      150
             Total energy:            112.7548
             Kinetic energy:           82.0251
             Potential energy:         30.7297
             Current temperature:  0.3851
 --------------------------------------------------
 thermalise> Completed equilibration step      200
             Total energy:            110.4294
             Kinetic energy:           81.7899
             Potential energy:         28.6395
             Current temperature:  0.3840
 --------------------------------------------------
 thermalise> Completed equilibration step      250
             Total energy:            111.2749
             Kinetic energy:           82.0968
             Potential energy:         29.1781
             Current temperature:  0.3854
 --------------------------------------------------
 thermalise> Completed equilibration step      300
             Total energy:            111.8292
             Kinetic energy:           82.2368
             Potential energy:         29.5925
             Current temperature:  0.3861
 --------------------------------------------------
 thermalise> Completed equilibration step      350
             Total energy:            110.6839
             Kinetic energy:           81.9962
             Potential energy:         28.6877
             Current temperature:  0.3850
 --------------------------------------------------
 thermalise> Completed equilibration step      400
             Total energy:            112.6454
             Kinetic energy:           81.9702
             Potential energy:         30.6751
             Current temperature:  0.3848
 --------------------------------------------------
 thermalise> Completed equilibration step      450
             Total energy:            112.1787
             Kinetic energy:           81.9821
             Potential energy:         30.1967
             Current temperature:  0.3849
 --------------------------------------------------
 thermalise> Completed equilibration step      500
             Total energy:            112.1729
             Kinetic energy:           82.0429
             Potential energy:         30.1301
             Current temperature:  0.3852
 --------------------------------------------------
 thermalise> Completed equilibration step      550
             Total energy:            115.6785
             Kinetic energy:           81.8206
             Potential energy:         33.8579
             Current temperature:  0.3841
 --------------------------------------------------
 thermalise> Completed equilibration step      600
             Total energy:            114.2253
             Kinetic energy:           81.9685
             Potential energy:         32.2568
             Current temperature:  0.3848
 --------------------------------------------------
 thermalise> Completed equilibration step      650
             Total energy:            113.4194
             Kinetic energy:           82.1118
             Potential energy:         31.3076
             Current temperature:  0.3855
 --------------------------------------------------
 thermalise> Completed equilibration step      700
             Total energy:            118.1356
             Kinetic energy:           82.0954
             Potential energy:         36.0402
             Current temperature:  0.3854
 --------------------------------------------------
 thermalise> Completed equilibration step      750
             Total energy:            117.0956
             Kinetic energy:           82.1504
             Potential energy:         34.9453
             Current temperature:  0.3857
 --------------------------------------------------
 thermalise> Completed equilibration step      800
             Total energy:            115.8631
             Kinetic energy:           81.8316
             Potential energy:         34.0315
             Current temperature:  0.3842
 --------------------------------------------------
 thermalise> Completed equilibration step      850
             Total energy:            117.5657
             Kinetic energy:           82.0277
             Potential energy:         35.5380
             Current temperature:  0.3851
 --------------------------------------------------
 thermalise> Completed equilibration step      900
             Total energy:            117.0788
             Kinetic energy:           82.0305
             Potential energy:         35.0483
             Current temperature:  0.3851
 --------------------------------------------------
 thermalise> Completed equilibration step      950
             Total energy:            113.2365
             Kinetic energy:           81.8984
             Potential energy:         31.3381
             Current temperature:  0.3845
 --------------------------------------------------
 thermalise> Completed equilibration step     1000
             Total energy:            115.8984
             Kinetic energy:           81.8872
             Potential energy:         34.0113
             Current temperature:  0.3844
 --------------------------------------------------
 thermalise> Completed equilibration step     1050
             Total energy:            115.2820
             Kinetic energy:           82.0110
             Potential energy:         33.2710
             Current temperature:  0.3850
 --------------------------------------------------
 thermalise> Completed equilibration step     1100
             Total energy:            113.6409
             Kinetic energy:           81.9311
             Potential energy:         31.7099
             Current temperature:  0.3847
 --------------------------------------------------
 thermalise> Completed equilibration step     1150
             Total energy:            116.8938
             Kinetic energy:           82.0777
             Potential energy:         34.8161
             Current temperature:  0.3853
 --------------------------------------------------
 thermalise> Completed equilibration step     1200
             Total energy:            116.8177
             Kinetic energy:           82.0723
             Potential energy:         34.7454
             Current temperature:  0.3853
 --------------------------------------------------
 thermalise> Completed equilibration step     1250
             Total energy:            114.9787
             Kinetic energy:           81.9599
             Potential energy:         33.0189
             Current temperature:  0.3848
 --------------------------------------------------
 thermalise> Completed equilibration step     1300
             Total energy:            117.5204
             Kinetic energy:           81.9947
             Potential energy:         35.5257
             Current temperature:  0.3850
 --------------------------------------------------
 thermalise> Completed equilibration step     1350
             Total energy:            117.9487
             Kinetic energy:           81.9463
             Potential energy:         36.0024
             Current temperature:  0.3847
 --------------------------------------------------
 thermalise> Completed equilibration step     1400
             Total energy:            116.7262
             Kinetic energy:           81.9058
             Potential energy:         34.8204
             Current temperature:  0.3845
 --------------------------------------------------
 thermalise> Completed equilibration step     1450
             Total energy:            119.4276
             Kinetic energy:           81.8892
             Potential energy:         37.5385
             Current temperature:  0.3845
 --------------------------------------------------
 thermalise> Completed equilibration step     1500
             Total energy:            122.7105
             Kinetic energy:           82.0571
             Potential energy:         40.6535
             Current temperature:  0.3852
 --------------------------------------------------
 thermalise> Completed equilibration step     1550
             Total energy:            123.0178
             Kinetic energy:           82.0861
             Potential energy:         40.9317
             Current temperature:  0.3854
 --------------------------------------------------
 thermalise> Completed equilibration step     1600
             Total energy:            122.8179
             Kinetic energy:           82.0581
             Potential energy:         40.7598
             Current temperature:  0.3852
 --------------------------------------------------
 thermalise> Completed equilibration step     1650
             Total energy:            121.0172
             Kinetic energy:           82.0776
             Potential energy:         38.9395
             Current temperature:  0.3853
 --------------------------------------------------
 thermalise> Completed equilibration step     1700
             Total energy:            118.6531
             Kinetic energy:           82.1475
             Potential energy:         36.5056
             Current temperature:  0.3857
 --------------------------------------------------
 thermalise> Completed equilibration step     1750
             Total energy:            119.9984
             Kinetic energy:           81.9575
             Potential energy:         38.0408
             Current temperature:  0.3848
 --------------------------------------------------
 thermalise> Completed equilibration step     1800
             Total energy:            120.8686
             Kinetic energy:           81.9229
             Potential energy:         38.9457
             Current temperature:  0.3846
 --------------------------------------------------
 thermalise> Completed equilibration step     1850
             Total energy:            119.8124
             Kinetic energy:           81.8517
             Potential energy:         37.9607
             Current temperature:  0.3843
 --------------------------------------------------
 thermalise> Completed equilibration step     1900
             Total energy:            120.7054
             Kinetic energy:           81.9821
             Potential energy:         38.7232
             Current temperature:  0.3849
 --------------------------------------------------
 thermalise> Completed equilibration step     1950
             Total energy:            119.5712
             Kinetic energy:           81.9964
             Potential energy:         37.5748
             Current temperature:  0.3850
 --------------------------------------------------
 thermalise> Completed equilibration step     2000
             Total energy:            118.4954
             Kinetic energy:           81.9298
             Potential energy:         36.5657
             Current temperature:  0.3846
 --------------------------------------------------
 thermalise> Thermalisation step       17 with T=  0.411
 thermalise_rescale> Target T:    0.411, current T:   0.385, scaling:    1.033
 thermalise> Completed equilibration step       50
             Total energy:            127.7308
             Kinetic energy:           87.4639
             Potential energy:         40.2669
             Current temperature:  0.4106
 --------------------------------------------------
 thermalise> Completed equilibration step      100
             Total energy:            129.2511
             Kinetic energy:           87.6423
             Potential energy:         41.6089
             Current temperature:  0.4115
 --------------------------------------------------
 thermalise> Completed equilibration step      150
             Total energy:            127.9814
             Kinetic energy:           87.5348
             Potential energy:         40.4466
             Current temperature:  0.4110
 --------------------------------------------------
 thermalise> Completed equilibration step      200
             Total energy:            129.3004
             Kinetic energy:           87.5425
             Potential energy:         41.7580
             Current temperature:  0.4110
 --------------------------------------------------
 thermalise> Completed equilibration step      250
             Total energy:            131.1470
             Kinetic energy:           87.6226
             Potential energy:         43.5244
             Current temperature:  0.4114
 --------------------------------------------------
 thermalise> Completed equilibration step      300
             Total energy:            128.3024
             Kinetic energy:           87.3859
             Potential energy:         40.9166
             Current temperature:  0.4103
 --------------------------------------------------
 thermalise> Completed equilibration step      350
             Total energy:            129.6130
             Kinetic energy:           87.3713
             Potential energy:         42.2417
             Current temperature:  0.4102
 --------------------------------------------------
 thermalise> Completed equilibration step      400
             Total energy:            127.1956
             Kinetic energy:           87.4005
             Potential energy:         39.7951
             Current temperature:  0.4103
 --------------------------------------------------
 thermalise> Completed equilibration step      450
             Total energy:            127.4011
             Kinetic energy:           87.1872
             Potential energy:         40.2139
             Current temperature:  0.4093
 --------------------------------------------------
 thermalise> Completed equilibration step      500
             Total energy:            128.1387
             Kinetic energy:           87.6809
             Potential energy:         40.4578
             Current temperature:  0.4116
 --------------------------------------------------
 thermalise> Completed equilibration step      550
             Total energy:            126.1263
             Kinetic energy:           87.5368
             Potential energy:         38.5895
             Current temperature:  0.4110
 --------------------------------------------------
 thermalise> Completed equilibration step      600
             Total energy:            125.5566
             Kinetic energy:           87.5077
             Potential energy:         38.0489
             Current temperature:  0.4108
 --------------------------------------------------
 thermalise> Completed equilibration step      650
             Total energy:            124.3088
             Kinetic energy:           87.5543
             Potential energy:         36.7545
             Current temperature:  0.4111
 --------------------------------------------------
 thermalise> Completed equilibration step      700
             Total energy:            125.1761
             Kinetic energy:           87.5098
             Potential energy:         37.6663
             Current temperature:  0.4108
 --------------------------------------------------
 thermalise> Completed equilibration step      750
             Total energy:            123.2430
             Kinetic energy:           87.5170
             Potential energy:         35.7260
             Current temperature:  0.4109
 --------------------------------------------------
 thermalise> Completed equilibration step      800
             Total energy:            123.2113
             Kinetic energy:           87.4117
             Potential energy:         35.7996
             Current temperature:  0.4104
 --------------------------------------------------
 thermalise> Completed equilibration step      850
             Total energy:            123.8549
             Kinetic energy:           87.4053
             Potential energy:         36.4496
             Current temperature:  0.4104
 --------------------------------------------------
 thermalise> Completed equilibration step      900
             Total energy:            124.8999
             Kinetic energy:           87.3643
             Potential energy:         37.5356
             Current temperature:  0.4102
 --------------------------------------------------
 thermalise> Completed equilibration step      950
             Total energy:            126.0667
             Kinetic energy:           87.3450
             Potential energy:         38.7218
             Current temperature:  0.4101
 --------------------------------------------------
 thermalise> Completed equilibration step     1000
             Total energy:            127.9609
             Kinetic energy:           87.4008
             Potential energy:         40.5601
             Current temperature:  0.4103
 --------------------------------------------------
 thermalise> Completed equilibration step     1050
             Total energy:            128.2801
             Kinetic energy:           87.6316
             Potential energy:         40.6484
             Current temperature:  0.4114
 --------------------------------------------------
 thermalise> Completed equilibration step     1100
             Total energy:            128.3836
             Kinetic energy:           87.4250
             Potential energy:         40.9587
             Current temperature:  0.4104
 --------------------------------------------------
 thermalise> Completed equilibration step     1150
             Total energy:            131.5901
             Kinetic energy:           87.4527
             Potential energy:         44.1375
             Current temperature:  0.4106
 --------------------------------------------------
 thermalise> Completed equilibration step     1200
             Total energy:            130.8497
             Kinetic energy:           87.5838
             Potential energy:         43.2659
             Current temperature:  0.4112
 --------------------------------------------------
 thermalise> Completed equilibration step     1250
             Total energy:            129.5578
             Kinetic energy:           87.6119
             Potential energy:         41.9459
             Current temperature:  0.4113
 --------------------------------------------------
 thermalise> Completed equilibration step     1300
             Total energy:            130.6070
             Kinetic energy:           87.4130
             Potential energy:         43.1939
             Current temperature:  0.4104
 --------------------------------------------------
 thermalise> Completed equilibration step     1350
             Total energy:            129.4564
             Kinetic energy:           87.4089
             Potential energy:         42.0475
             Current temperature:  0.4104
 --------------------------------------------------
 thermalise> Completed equilibration step     1400
             Total energy:            129.0178
             Kinetic energy:           87.5279
             Potential energy:         41.4899
             Current temperature:  0.4109
 --------------------------------------------------
 thermalise> Completed equilibration step     1450
             Total energy:            126.2011
             Kinetic energy:           87.2994
             Potential energy:         38.9017
             Current temperature:  0.4099
 --------------------------------------------------
 thermalise> Completed equilibration step     1500
             Total energy:            131.5280
             Kinetic energy:           87.3913
             Potential energy:         44.1367
             Current temperature:  0.4103
 --------------------------------------------------
 thermalise> Completed equilibration step     1550
             Total energy:            132.7183
             Kinetic energy:           87.4639
             Potential energy:         45.2544
             Current temperature:  0.4106
 --------------------------------------------------
 thermalise> Completed equilibration step     1600
             Total energy:            133.7133
             Kinetic energy:           87.3686
             Potential energy:         46.3447
             Current temperature:  0.4102
 --------------------------------------------------
 thermalise> Completed equilibration step     1650
             Total energy:            131.4033
             Kinetic energy:           87.5298
             Potential energy:         43.8735
             Current temperature:  0.4109
 --------------------------------------------------
 thermalise> Completed equilibration step     1700
             Total energy:            131.4159
             Kinetic energy:           87.3586
             Potential energy:         44.0573
             Current temperature:  0.4101
 --------------------------------------------------
 thermalise> Completed equilibration step     1750
             Total energy:            131.9851
             Kinetic energy:           87.7366
             Potential energy:         44.2485
             Current temperature:  0.4119
 --------------------------------------------------
 thermalise> Completed equilibration step     1800
             Total energy:            133.2046
             Kinetic energy:           87.5290
             Potential energy:         45.6756
             Current temperature:  0.4109
 --------------------------------------------------
 thermalise> Completed equilibration step     1850
             Total energy:            134.4939
             Kinetic energy:           87.4483
             Potential energy:         47.0456
             Current temperature:  0.4106
 --------------------------------------------------
 thermalise> Completed equilibration step     1900
             Total energy:            133.6743
             Kinetic energy:           87.3966
             Potential energy:         46.2776
             Current temperature:  0.4103
 --------------------------------------------------
 thermalise> Completed equilibration step     1950
             Total energy:            133.4205
             Kinetic energy:           87.4650
             Potential energy:         45.9555
             Current temperature:  0.4106
 --------------------------------------------------
 thermalise> Completed equilibration step     2000
             Total energy:            134.8166
             Kinetic energy:           87.4269
             Potential energy:         47.3897
             Current temperature:  0.4105
 --------------------------------------------------
 thermalise> Thermalisation step       18 with T=  0.436
 thermalise_rescale> Target T:    0.436, current T:   0.410, scaling:    1.031
 thermalise> Completed equilibration step       50
             Total energy:            142.3534
             Kinetic energy:           92.7573
             Potential energy:         49.5961
             Current temperature:  0.4355
 --------------------------------------------------
 thermalise> Completed equilibration step      100
             Total energy:            143.1724
             Kinetic energy:           92.9784
             Potential energy:         50.1939
             Current temperature:  0.4365
 --------------------------------------------------
 thermalise> Completed equilibration step      150
             Total energy:            141.6406
             Kinetic energy:           92.8564
             Potential energy:         48.7842
             Current temperature:  0.4359
 --------------------------------------------------
 thermalise> Completed equilibration step      200
             Total energy:            140.4508
             Kinetic energy:           92.9684
             Potential energy:         47.4824
             Current temperature:  0.4365
 --------------------------------------------------
 thermalise> Completed equilibration step      250
             Total energy:            138.6742
             Kinetic energy:           93.1391
             Potential energy:         45.5351
             Current temperature:  0.4373
 --------------------------------------------------
 thermalise> Completed equilibration step      300
             Total energy:            138.0528
             Kinetic energy:           93.0196
             Potential energy:         45.0331
             Current temperature:  0.4367
 --------------------------------------------------
 thermalise> Completed equilibration step      350
             Total energy:            134.5621
             Kinetic energy:           92.9053
             Potential energy:         41.6568
             Current temperature:  0.4362
 --------------------------------------------------
 thermalise> Completed equilibration step      400
             Total energy:            133.3649
             Kinetic energy:           92.9069
             Potential energy:         40.4580
             Current temperature:  0.4362
 --------------------------------------------------
 thermalise> Completed equilibration step      450
             Total energy:            136.1179
             Kinetic energy:           92.9159
             Potential energy:         43.2020
             Current temperature:  0.4362
 --------------------------------------------------
 thermalise> Completed equilibration step      500
             Total energy:            136.7171
             Kinetic energy:           92.8937
             Potential energy:         43.8234
             Current temperature:  0.4361
 --------------------------------------------------
 thermalise> Completed equilibration step      550
             Total energy:            136.6614
             Kinetic energy:           92.8300
             Potential energy:         43.8314
             Current temperature:  0.4358
 --------------------------------------------------
 thermalise> Completed equilibration step      600
             Total energy:            137.7550
             Kinetic energy:           93.0626
             Potential energy:         44.6925
             Current temperature:  0.4369
 --------------------------------------------------
 thermalise> Completed equilibration step      650
             Total energy:            137.7100
             Kinetic energy:           92.7290
             Potential energy:         44.9810
             Current temperature:  0.4353
 --------------------------------------------------
 thermalise> Completed equilibration step      700
             Total energy:            141.6604
             Kinetic energy:           93.0958
             Potential energy:         48.5646
             Current temperature:  0.4371
 --------------------------------------------------
 thermalise> Completed equilibration step      750
             Total energy:            143.0637
             Kinetic energy:           93.0751
             Potential energy:         49.9887
             Current temperature:  0.4370
 --------------------------------------------------
 thermalise> Completed equilibration step      800
             Total energy:            142.9049
             Kinetic energy:           93.0032
             Potential energy:         49.9017
             Current temperature:  0.4366
 --------------------------------------------------
 thermalise> Completed equilibration step      850
             Total energy:            142.4907
             Kinetic energy:           92.5784
             Potential energy:         49.9122
             Current temperature:  0.4346
 --------------------------------------------------
 thermalise> Completed equilibration step      900
             Total energy:            144.4165
             Kinetic energy:           93.1614
             Potential energy:         51.2551
             Current temperature:  0.4374
 --------------------------------------------------
 thermalise> Completed equilibration step      950
             Total energy:            140.8881
             Kinetic energy:           93.0046
             Potential energy:         47.8835
             Current temperature:  0.4366
 --------------------------------------------------
 thermalise> Completed equilibration step     1000
             Total energy:            143.1077
             Kinetic energy:           92.9188
             Potential energy:         50.1888
             Current temperature:  0.4362
 --------------------------------------------------
 thermalise> Completed equilibration step     1050
             Total energy:            142.8812
             Kinetic energy:           92.8939
             Potential energy:         49.9873
             Current temperature:  0.4361
 --------------------------------------------------
 thermalise> Completed equilibration step     1100
             Total energy:            138.4661
             Kinetic energy:           92.9257
             Potential energy:         45.5404
             Current temperature:  0.4363
 --------------------------------------------------
 thermalise> Completed equilibration step     1150
             Total energy:            140.0798
             Kinetic energy:           92.6556
             Potential energy:         47.4242
             Current temperature:  0.4350
 --------------------------------------------------
 thermalise> Completed equilibration step     1200
             Total energy:            139.7403
             Kinetic energy:           92.9672
             Potential energy:         46.7731
             Current temperature:  0.4365
 --------------------------------------------------
 thermalise> Completed equilibration step     1250
             Total energy:            139.9401
             Kinetic energy:           92.9069
             Potential energy:         47.0332
             Current temperature:  0.4362
 --------------------------------------------------
 thermalise> Completed equilibration step     1300
             Total energy:            140.9796
             Kinetic energy:           92.9596
             Potential energy:         48.0200
             Current temperature:  0.4364
 --------------------------------------------------
 thermalise> Completed equilibration step     1350
             Total energy:            141.3363
             Kinetic energy:           92.7018
             Potential energy:         48.6346
             Current temperature:  0.4352
 --------------------------------------------------
 thermalise> Completed equilibration step     1400
             Total energy:            141.4561
             Kinetic energy:           93.1385
             Potential energy:         48.3177
             Current temperature:  0.4373
 --------------------------------------------------
 thermalise> Completed equilibration step     1450
             Total energy:            140.9935
             Kinetic energy:           92.9603
             Potential energy:         48.0332
             Current temperature:  0.4364
 --------------------------------------------------
 thermalise> Completed equilibration step     1500
             Total energy:            140.8704
             Kinetic energy:           92.9279
             Potential energy:         47.9425
             Current temperature:  0.4363
 --------------------------------------------------
 thermalise> Completed equilibration step     1550
             Total energy:            137.4427
             Kinetic energy:           92.9401
             Potential energy:         44.5026
             Current temperature:  0.4363
 --------------------------------------------------
 thermalise> Completed equilibration step     1600
             Total energy:            137.1048
             Kinetic energy:           92.8314
             Potential energy:         44.2734
             Current temperature:  0.4358
 --------------------------------------------------
 thermalise> Completed equilibration step     1650
             Total energy:            142.0063
             Kinetic energy:           92.9257
             Potential energy:         49.0806
             Current temperature:  0.4363
 --------------------------------------------------
 thermalise> Completed equilibration step     1700
             Total energy:            138.5679
             Kinetic energy:           93.0123
             Potential energy:         45.5556
             Current temperature:  0.4367
 --------------------------------------------------
 thermalise> Completed equilibration step     1750
             Total energy:            139.1014
             Kinetic energy:           92.6119
             Potential energy:         46.4895
             Current temperature:  0.4348
 --------------------------------------------------
 thermalise> Completed equilibration step     1800
             Total energy:            138.7786
             Kinetic energy:           92.8505
             Potential energy:         45.9281
             Current temperature:  0.4359
 --------------------------------------------------
 thermalise> Completed equilibration step     1850
             Total energy:            140.0808
             Kinetic energy:           93.0560
             Potential energy:         47.0248
             Current temperature:  0.4369
 --------------------------------------------------
 thermalise> Completed equilibration step     1900
             Total energy:            140.9328
             Kinetic energy:           92.9383
             Potential energy:         47.9945
             Current temperature:  0.4363
 --------------------------------------------------
 thermalise> Completed equilibration step     1950
             Total energy:            140.3033
             Kinetic energy:           93.0196
             Potential energy:         47.2837
             Current temperature:  0.4367
 --------------------------------------------------
 thermalise> Completed equilibration step     2000
             Total energy:            139.2163
             Kinetic energy:           93.0111
             Potential energy:         46.2052
             Current temperature:  0.4367
 --------------------------------------------------
 thermalise> Thermalisation step       19 with T=  0.462
 thermalise_rescale> Target T:    0.462, current T:   0.437, scaling:    1.029
 thermalise> Completed equilibration step       50
             Total energy:            147.0868
             Kinetic energy:           98.4509
             Potential energy:         48.6359
             Current temperature:  0.4622
 --------------------------------------------------
 thermalise> Completed equilibration step      100
             Total energy:            150.1708
             Kinetic energy:           98.3979
             Potential energy:         51.7728
             Current temperature:  0.4620
 --------------------------------------------------
 thermalise> Completed equilibration step      150
             Total energy:            149.0644
             Kinetic energy:           98.2885
             Potential energy:         50.7759
             Current temperature:  0.4614
 --------------------------------------------------
 thermalise> Completed equilibration step      200
             Total energy:            148.7469
             Kinetic energy:           98.3478
             Potential energy:         50.3991
             Current temperature:  0.4617
 --------------------------------------------------
 thermalise> Completed equilibration step      250
             Total energy:            149.2117
             Kinetic energy:           98.6482
             Potential energy:         50.5635
             Current temperature:  0.4631
 --------------------------------------------------
 thermalise> Completed equilibration step      300
             Total energy:            148.3485
             Kinetic energy:           98.4016
             Potential energy:         49.9469
             Current temperature:  0.4620
 --------------------------------------------------
 thermalise> Completed equilibration step      350
             Total energy:            148.4295
             Kinetic energy:           98.5664
             Potential energy:         49.8631
             Current temperature:  0.4628
 --------------------------------------------------
 thermalise> Completed equilibration step      400
             Total energy:            147.1242
             Kinetic energy:           98.3219
             Potential energy:         48.8024
             Current temperature:  0.4616
 --------------------------------------------------
 thermalise> Completed equilibration step      450
             Total energy:            149.1714
             Kinetic energy:           98.3189
             Potential energy:         50.8525
             Current temperature:  0.4616
 --------------------------------------------------
 thermalise> Completed equilibration step      500
             Total energy:            149.5941
             Kinetic energy:           98.5034
             Potential energy:         51.0908
             Current temperature:  0.4625
 --------------------------------------------------
 thermalise> Completed equilibration step      550
             Total energy:            148.5060
             Kinetic energy:           98.3216
             Potential energy:         50.1844
             Current temperature:  0.4616
 --------------------------------------------------
 thermalise> Completed equilibration step      600
             Total energy:            148.1956
             Kinetic energy:           98.2186
             Potential energy:         49.9770
             Current temperature:  0.4611
 --------------------------------------------------
 thermalise> Completed equilibration step      650
             Total energy:            148.8645
             Kinetic energy:           98.3274
             Potential energy:         50.5372
             Current temperature:  0.4616
 --------------------------------------------------
 thermalise> Completed equilibration step      700
             Total energy:            149.7766
             Kinetic energy:           98.5482
             Potential energy:         51.2283
             Current temperature:  0.4627
 --------------------------------------------------
 thermalise> Completed equilibration step      750
             Total energy:            148.4705
             Kinetic energy:           98.3816
             Potential energy:         50.0889
             Current temperature:  0.4619
 --------------------------------------------------
 thermalise> Completed equilibration step      800
             Total energy:            151.7179
             Kinetic energy:           98.3429
             Potential energy:         53.3749
             Current temperature:  0.4617
 --------------------------------------------------
 thermalise> Completed equilibration step      850
             Total energy:            147.9644
             Kinetic energy:           98.3477
             Potential energy:         49.6167
             Current temperature:  0.4617
 --------------------------------------------------
 thermalise> Completed equilibration step      900
             Total energy:            149.0312
             Kinetic energy:           98.5766
             Potential energy:         50.4546
             Current temperature:  0.4628
 --------------------------------------------------
 thermalise> Completed equilibration step      950
             Total energy:            150.5726
             Kinetic energy:           98.6039
             Potential energy:         51.9687
             Current temperature:  0.4629
 --------------------------------------------------
 thermalise> Completed equilibration step     1000
             Total energy:            151.1246
             Kinetic energy:           98.3428
             Potential energy:         52.7818
             Current temperature:  0.4617
 --------------------------------------------------
 thermalise> Completed equilibration step     1050
             Total energy:            149.2715
             Kinetic energy:           98.2339
             Potential energy:         51.0375
             Current temperature:  0.4612
 --------------------------------------------------
 thermalise> Completed equilibration step     1100
             Total energy:            148.8622
             Kinetic energy:           98.6573
             Potential energy:         50.2049
             Current temperature:  0.4632
 --------------------------------------------------
 thermalise> Completed equilibration step     1150
             Total energy:            150.6210
             Kinetic energy:           98.2993
             Potential energy:         52.3217
             Current temperature:  0.4615
 --------------------------------------------------
 thermalise> Completed equilibration step     1200
             Total energy:            149.8066
             Kinetic energy:           98.3814
             Potential energy:         51.4252
             Current temperature:  0.4619
 --------------------------------------------------
 thermalise> Completed equilibration step     1250
             Total energy:            147.2481
             Kinetic energy:           98.3654
             Potential energy:         48.8828
             Current temperature:  0.4618
 --------------------------------------------------
 thermalise> Completed equilibration step     1300
             Total energy:            145.3237
             Kinetic energy:           98.4717
             Potential energy:         46.8520
             Current temperature:  0.4623
 --------------------------------------------------
 thermalise> Completed equilibration step     1350
             Total energy:            149.5944
             Kinetic energy:           98.4984
             Potential energy:         51.0960
             Current temperature:  0.4624
 --------------------------------------------------
 thermalise> Completed equilibration step     1400
             Total energy:            148.9910
             Kinetic energy:           98.3836
             Potential energy:         50.6074
             Current temperature:  0.4619
 --------------------------------------------------
 thermalise> Completed equilibration step     1450
             Total energy:            146.7689
             Kinetic energy:           98.5003
             Potential energy:         48.2686
             Current temperature:  0.4624
 --------------------------------------------------
 thermalise> Completed equilibration step     1500
             Total energy:            146.1607
             Kinetic energy:           98.3151
             Potential energy:         47.8456
             Current temperature:  0.4616
 --------------------------------------------------
 thermalise> Completed equilibration step     1550
             Total energy:            146.4313
             Kinetic energy:           98.5114
             Potential energy:         47.9199
             Current temperature:  0.4625
 --------------------------------------------------
 thermalise> Completed equilibration step     1600
             Total energy:            150.1730
             Kinetic energy:           98.2687
             Potential energy:         51.9043
             Current temperature:  0.4614
 --------------------------------------------------
 thermalise> Completed equilibration step     1650
             Total energy:            151.3779
             Kinetic energy:           98.2868
             Potential energy:         53.0911
             Current temperature:  0.4614
 --------------------------------------------------
 thermalise> Completed equilibration step     1700
             Total energy:            148.6041
             Kinetic energy:           98.6609
             Potential energy:         49.9432
             Current temperature:  0.4632
 --------------------------------------------------
 thermalise> Completed equilibration step     1750
             Total energy:            151.1496
             Kinetic energy:           98.3758
             Potential energy:         52.7738
             Current temperature:  0.4619
 --------------------------------------------------
 thermalise> Completed equilibration step     1800
             Total energy:            153.8820
             Kinetic energy:           98.4537
             Potential energy:         55.4283
             Current temperature:  0.4622
 --------------------------------------------------
 thermalise> Completed equilibration step     1850
             Total energy:            150.8411
             Kinetic energy:           98.3365
             Potential energy:         52.5046
             Current temperature:  0.4617
 --------------------------------------------------
 thermalise> Completed equilibration step     1900
             Total energy:            151.1501
             Kinetic energy:           98.1544
             Potential energy:         52.9957
             Current temperature:  0.4608
 --------------------------------------------------
 thermalise> Completed equilibration step     1950
             Total energy:            151.3886
             Kinetic energy:           98.4089
             Potential energy:         52.9797
             Current temperature:  0.4620
 --------------------------------------------------
 thermalise> Completed equilibration step     2000
             Total energy:            154.6511
             Kinetic energy:           98.4972
             Potential energy:         56.1539
             Current temperature:  0.4624
 --------------------------------------------------
 thermalise> Thermalisation step       20 with T=  0.488
 thermalise_rescale> Target T:    0.488, current T:   0.462, scaling:    1.027
 thermalise> Completed equilibration step       50
             Total energy:            159.5477
             Kinetic energy:          103.8001
             Potential energy:         55.7477
             Current temperature:  0.4873
 --------------------------------------------------
 thermalise> Completed equilibration step      100
             Total energy:            158.2531
             Kinetic energy:          103.9953
             Potential energy:         54.2578
             Current temperature:  0.4882
 --------------------------------------------------
 thermalise> Completed equilibration step      150
             Total energy:            156.0888
             Kinetic energy:          104.0460
             Potential energy:         52.0428
             Current temperature:  0.4885
 --------------------------------------------------
 thermalise> Completed equilibration step      200
             Total energy:            156.4016
             Kinetic energy:          103.8834
             Potential energy:         52.5182
             Current temperature:  0.4877
 --------------------------------------------------
 thermalise> Completed equilibration step      250
             Total energy:            156.9303
             Kinetic energy:          104.0040
             Potential energy:         52.9263
             Current temperature:  0.4883
 --------------------------------------------------
 thermalise> Completed equilibration step      300
             Total energy:            157.1191
             Kinetic energy:          103.7746
             Potential energy:         53.3445
             Current temperature:  0.4872
 --------------------------------------------------
 thermalise> Completed equilibration step      350
             Total energy:            158.5824
             Kinetic energy:          103.8955
             Potential energy:         54.6869
             Current temperature:  0.4878
 --------------------------------------------------
 thermalise> Completed equilibration step      400
             Total energy:            156.5314
             Kinetic energy:          103.9261
             Potential energy:         52.6054
             Current temperature:  0.4879
 --------------------------------------------------
 thermalise> Completed equilibration step      450
             Total energy:            155.6270
             Kinetic energy:          104.0773
             Potential energy:         51.5498
             Current temperature:  0.4886
 --------------------------------------------------
 thermalise> Completed equilibration step      500
             Total energy:            155.2683
             Kinetic energy:          104.0962
             Potential energy:         51.1721
             Current temperature:  0.4887
 --------------------------------------------------
 thermalise> Completed equilibration step      550
             Total energy:            155.1971
             Kinetic energy:          103.5620
             Potential energy:         51.6351
             Current temperature:  0.4862
 --------------------------------------------------
 thermalise> Completed equilibration step      600
             Total energy:            156.9651
             Kinetic energy:          103.8535
             Potential energy:         53.1115
             Current temperature:  0.4876
 --------------------------------------------------
 thermalise> Completed equilibration step      650
             Total energy:            157.6706
             Kinetic energy:          104.0105
             Potential energy:         53.6600
             Current temperature:  0.4883
 --------------------------------------------------
 thermalise> Completed equilibration step      700
             Total energy:            160.3804
             Kinetic energy:          103.7163
             Potential energy:         56.6642
             Current temperature:  0.4869
 --------------------------------------------------
 thermalise> Completed equilibration step      750
             Total energy:            159.1557
             Kinetic energy:          103.5110
             Potential energy:         55.6447
             Current temperature:  0.4860
 --------------------------------------------------
 thermalise> Completed equilibration step      800
             Total energy:            156.5370
             Kinetic energy:          103.9440
             Potential energy:         52.5930
             Current temperature:  0.4880
 --------------------------------------------------
 thermalise> Completed equilibration step      850
             Total energy:            157.2260
             Kinetic energy:          103.7354
             Potential energy:         53.4906
             Current temperature:  0.4870
 --------------------------------------------------
 thermalise> Completed equilibration step      900
             Total energy:            157.3668
             Kinetic energy:          103.7108
             Potential energy:         53.6560
             Current temperature:  0.4869
 --------------------------------------------------
 thermalise> Completed equilibration step      950
             Total energy:            155.7409
             Kinetic energy:          103.9861
             Potential energy:         51.7548
             Current temperature:  0.4882
 --------------------------------------------------
 thermalise> Completed equilibration step     1000
             Total energy:            156.5473
             Kinetic energy:          103.9677
             Potential energy:         52.5795
             Current temperature:  0.4881
 --------------------------------------------------
 thermalise> Completed equilibration step     1050
             Total energy:            158.4311
             Kinetic energy:          103.7650
             Potential energy:         54.6661
             Current temperature:  0.4872
 --------------------------------------------------
 thermalise> Completed equilibration step     1100
             Total energy:            161.3126
             Kinetic energy:          103.9347
             Potential energy:         57.3779
             Current temperature:  0.4880
 --------------------------------------------------
 thermalise> Completed equilibration step     1150
             Total energy:            158.1601
             Kinetic energy:          103.8639
             Potential energy:         54.2962
             Current temperature:  0.4876
 --------------------------------------------------
 thermalise> Completed equilibration step     1200
             Total energy:            160.3993
             Kinetic energy:          103.8496
             Potential energy:         56.5497
             Current temperature:  0.4876
 --------------------------------------------------
 thermalise> Completed equilibration step     1250
             Total energy:            163.6334
             Kinetic energy:          103.8214
             Potential energy:         59.8120
             Current temperature:  0.4874
 --------------------------------------------------
 thermalise> Completed equilibration step     1300
             Total energy:            158.4663
             Kinetic energy:          103.9021
             Potential energy:         54.5642
             Current temperature:  0.4878
 --------------------------------------------------
 thermalise> Completed equilibration step     1350
             Total energy:            162.6150
             Kinetic energy:          103.5042
             Potential energy:         59.1108
             Current temperature:  0.4859
 --------------------------------------------------
 thermalise> Completed equilibration step     1400
             Total energy:            164.4839
             Kinetic energy:          103.7661
             Potential energy:         60.7178
             Current temperature:  0.4872
 --------------------------------------------------
 thermalise> Completed equilibration step     1450
             Total energy:            164.6834
             Kinetic energy:          104.0834
             Potential energy:         60.6000
             Current temperature:  0.4887
 --------------------------------------------------
 thermalise> Completed equilibration step     1500
             Total energy:            165.1687
             Kinetic energy:          104.1058
             Potential energy:         61.0628
             Current temperature:  0.4888
 --------------------------------------------------
 thermalise> Completed equilibration step     1550
             Total energy:            164.0648
             Kinetic energy:          104.0771
             Potential energy:         59.9876
             Current temperature:  0.4886
 --------------------------------------------------
 thermalise> Completed equilibration step     1600
             Total energy:            167.1557
             Kinetic energy:          103.9209
             Potential energy:         63.2347
             Current temperature:  0.4879
 --------------------------------------------------
 thermalise> Completed equilibration step     1650
             Total energy:            167.2636
             Kinetic energy:          103.8701
             Potential energy:         63.3935
             Current temperature:  0.4877
 --------------------------------------------------
 thermalise> Completed equilibration step     1700
             Total energy:            166.2611
             Kinetic energy:          103.6750
             Potential energy:         62.5861
             Current temperature:  0.4867
 --------------------------------------------------
 thermalise> Completed equilibration step     1750
             Total energy:            165.7013
             Kinetic energy:          103.6458
             Potential energy:         62.0555
             Current temperature:  0.4866
 --------------------------------------------------
 thermalise> Completed equilibration step     1800
             Total energy:            167.7383
             Kinetic energy:          103.9476
             Potential energy:         63.7908
             Current temperature:  0.4880
 --------------------------------------------------
 thermalise> Completed equilibration step     1850
             Total energy:            164.2879
             Kinetic energy:          103.8714
             Potential energy:         60.4165
             Current temperature:  0.4877
 --------------------------------------------------
 thermalise> Completed equilibration step     1900
             Total energy:            163.2589
             Kinetic energy:          103.8013
             Potential energy:         59.4575
             Current temperature:  0.4873
 --------------------------------------------------
 thermalise> Completed equilibration step     1950
             Total energy:            163.0731
             Kinetic energy:          103.6136
             Potential energy:         59.4595
             Current temperature:  0.4864
 --------------------------------------------------
 thermalise> Completed equilibration step     2000
             Total energy:            165.5540
             Kinetic energy:          104.0985
             Potential energy:         61.4555
             Current temperature:  0.4887
 --------------------------------------------------
 thermalise> Thermalisation step       21 with T=  0.513
 thermalise_rescale> Target T:    0.513, current T:   0.489, scaling:    1.025
 thermalise> Completed equilibration step       50
             Total energy:            169.7783
             Kinetic energy:          109.4010
             Potential energy:         60.3774
             Current temperature:  0.5136
 --------------------------------------------------
 thermalise> Completed equilibration step      100
             Total energy:            172.8376
             Kinetic energy:          109.2967
             Potential energy:         63.5409
             Current temperature:  0.5131
 --------------------------------------------------
 thermalise> Completed equilibration step      150
             Total energy:            175.2045
             Kinetic energy:          109.3191
             Potential energy:         65.8854
             Current temperature:  0.5132
 --------------------------------------------------
 thermalise> Completed equilibration step      200
             Total energy:            174.8665
             Kinetic energy:          109.4017
             Potential energy:         65.4648
             Current temperature:  0.5136
 --------------------------------------------------
 thermalise> Completed equilibration step      250
             Total energy:            175.4725
             Kinetic energy:          109.2419
             Potential energy:         66.2305
             Current temperature:  0.5129
 --------------------------------------------------
 thermalise> Completed equilibration step      300
             Total energy:            179.4931
             Kinetic energy:          109.2256
             Potential energy:         70.2675
             Current temperature:  0.5128
 --------------------------------------------------
 thermalise> Completed equilibration step      350
             Total energy:            180.0112
             Kinetic energy:          109.4660
             Potential energy:         70.5452
             Current temperature:  0.5139
 --------------------------------------------------
 thermalise> Completed equilibration step      400
             Total energy:            179.3584
             Kinetic energy:          109.2429
             Potential energy:         70.1155
             Current temperature:  0.5129
 --------------------------------------------------
 thermalise> Completed equilibration step      450
             Total energy:            181.2460
             Kinetic energy:          109.1831
             Potential energy:         72.0629
             Current temperature:  0.5126
 --------------------------------------------------
 thermalise> Completed equilibration step      500
             Total energy:            181.8303
             Kinetic energy:          109.2088
             Potential energy:         72.6215
             Current temperature:  0.5127
 --------------------------------------------------
 thermalise> Completed equilibration step      550
             Total energy:            183.3302
             Kinetic energy:          109.4219
             Potential energy:         73.9084
             Current temperature:  0.5137
 --------------------------------------------------
 thermalise> Completed equilibration step      600
             Total energy:            183.8353
             Kinetic energy:          109.4377
             Potential energy:         74.3976
             Current temperature:  0.5138
 --------------------------------------------------
 thermalise> Completed equilibration step      650
             Total energy:            185.1868
             Kinetic energy:          109.3610
             Potential energy:         75.8259
             Current temperature:  0.5134
 --------------------------------------------------
 thermalise> Completed equilibration step      700
             Total energy:            183.7746
             Kinetic energy:          109.2004
             Potential energy:         74.5742
             Current temperature:  0.5127
 --------------------------------------------------
 thermalise> Completed equilibration step      750
             Total energy:            184.4748
             Kinetic energy:          109.2189
             Potential energy:         75.2559
             Current temperature:  0.5128
 --------------------------------------------------
 thermalise> Completed equilibration step      800
             Total energy:            179.5653
             Kinetic energy:          109.4862
             Potential energy:         70.0791
             Current temperature:  0.5140
 --------------------------------------------------
 thermalise> Completed equilibration step      850
             Total energy:            178.2927
             Kinetic energy:          109.2840
             Potential energy:         69.0087
             Current temperature:  0.5131
 --------------------------------------------------
 thermalise> Completed equilibration step      900
             Total energy:            179.1703
             Kinetic energy:          109.3987
             Potential energy:         69.7716
             Current temperature:  0.5136
 --------------------------------------------------
 thermalise> Completed equilibration step      950
             Total energy:            181.0596
             Kinetic energy:          109.4094
             Potential energy:         71.6502
             Current temperature:  0.5137
 --------------------------------------------------
 thermalise> Completed equilibration step     1000
             Total energy:            180.0863
             Kinetic energy:          109.2595
             Potential energy:         70.8269
             Current temperature:  0.5130
 --------------------------------------------------
 thermalise> Completed equilibration step     1050
             Total energy:            180.4128
             Kinetic energy:          109.1243
             Potential energy:         71.2885
             Current temperature:  0.5123
 --------------------------------------------------
 thermalise> Completed equilibration step     1100
             Total energy:            180.8917
             Kinetic energy:          109.2977
             Potential energy:         71.5941
             Current temperature:  0.5131
 --------------------------------------------------
 thermalise> Completed equilibration step     1150
             Total energy:            180.2695
             Kinetic energy:          109.4205
             Potential energy:         70.8490
             Current temperature:  0.5137
 --------------------------------------------------
 thermalise> Completed equilibration step     1200
             Total energy:            178.6314
             Kinetic energy:          109.3090
             Potential energy:         69.3224
             Current temperature:  0.5132
 --------------------------------------------------
 thermalise> Completed equilibration step     1250
             Total energy:            180.4591
             Kinetic energy:          109.4206
             Potential energy:         71.0384
             Current temperature:  0.5137
 --------------------------------------------------
 thermalise> Completed equilibration step     1300
             Total energy:            181.2776
             Kinetic energy:          109.2553
             Potential energy:         72.0223
             Current temperature:  0.5129
 --------------------------------------------------
 thermalise> Completed equilibration step     1350
             Total energy:            180.0842
             Kinetic energy:          109.3504
             Potential energy:         70.7338
             Current temperature:  0.5134
 --------------------------------------------------
 thermalise> Completed equilibration step     1400
             Total energy:            180.9977
             Kinetic energy:          109.2805
             Potential energy:         71.7171
             Current temperature:  0.5131
 --------------------------------------------------
 thermalise> Completed equilibration step     1450
             Total energy:            182.9997
             Kinetic energy:          109.1796
             Potential energy:         73.8201
             Current temperature:  0.5126
 --------------------------------------------------
 thermalise> Completed equilibration step     1500
             Total energy:            184.2740
             Kinetic energy:          109.3286
             Potential energy:         74.9454
             Current temperature:  0.5133
 --------------------------------------------------
 thermalise> Completed equilibration step     1550
             Total energy:            180.1151
             Kinetic energy:          109.1319
             Potential energy:         70.9832
             Current temperature:  0.5124
 --------------------------------------------------
 thermalise> Completed equilibration step     1600
             Total energy:            181.5611
             Kinetic energy:          109.4560
             Potential energy:         72.1051
             Current temperature:  0.5139
 --------------------------------------------------
 thermalise> Completed equilibration step     1650
             Total energy:            180.0058
             Kinetic energy:          109.4186
             Potential energy:         70.5872
             Current temperature:  0.5137
 --------------------------------------------------
 thermalise> Completed equilibration step     1700
             Total energy:            182.4861
             Kinetic energy:          109.4373
             Potential energy:         73.0489
             Current temperature:  0.5138
 --------------------------------------------------
 thermalise> Completed equilibration step     1750
             Total energy:            180.5109
             Kinetic energy:          109.1809
             Potential energy:         71.3300
             Current temperature:  0.5126
 --------------------------------------------------
 thermalise> Completed equilibration step     1800
             Total energy:            183.2012
             Kinetic energy:          109.0460
             Potential energy:         74.1552
             Current temperature:  0.5120
 --------------------------------------------------
 thermalise> Completed equilibration step     1850
             Total energy:            183.1640
             Kinetic energy:          109.3731
             Potential energy:         73.7909
             Current temperature:  0.5135
 --------------------------------------------------
 thermalise> Completed equilibration step     1900
             Total energy:            186.6498
             Kinetic energy:          109.4570
             Potential energy:         77.1928
             Current temperature:  0.5139
 --------------------------------------------------
 thermalise> Completed equilibration step     1950
             Total energy:            185.9898
             Kinetic energy:          109.4728
             Potential energy:         76.5170
             Current temperature:  0.5140
 --------------------------------------------------
 thermalise> Completed equilibration step     2000
             Total energy:            184.1137
             Kinetic energy:          109.2608
             Potential energy:         74.8529
             Current temperature:  0.5130
 --------------------------------------------------
 thermalise> Thermalisation step       22 with T=  0.539
 thermalise_rescale> Target T:    0.539, current T:   0.513, scaling:    1.025
 thermalise> Completed equilibration step       50
             Total energy:            193.0047
             Kinetic energy:          114.8763
             Potential energy:         78.1283
             Current temperature:  0.5393
 --------------------------------------------------
 thermalise> Completed equilibration step      100
             Total energy:            189.9510
             Kinetic energy:          114.8072
             Potential energy:         75.1438
             Current temperature:  0.5390
 --------------------------------------------------
 thermalise> Completed equilibration step      150
             Total energy:            192.6536
             Kinetic energy:          114.5940
             Potential energy:         78.0596
             Current temperature:  0.5380
 --------------------------------------------------
 thermalise> Completed equilibration step      200
             Total energy:            193.8450
             Kinetic energy:          114.8603
             Potential energy:         78.9847
             Current temperature:  0.5393
 --------------------------------------------------
 thermalise> Completed equilibration step      250
             Total energy:            195.0480
             Kinetic energy:          114.6377
             Potential energy:         80.4104
             Current temperature:  0.5382
 --------------------------------------------------
 thermalise> Completed equilibration step      300
             Total energy:            191.6682
             Kinetic energy:          114.6381
             Potential energy:         77.0300
             Current temperature:  0.5382
 --------------------------------------------------
 thermalise> Completed equilibration step      350
             Total energy:            189.9085
             Kinetic energy:          114.9426
             Potential energy:         74.9659
             Current temperature:  0.5396
 --------------------------------------------------
 thermalise> Completed equilibration step      400
             Total energy:            193.1588
             Kinetic energy:          114.9375
             Potential energy:         78.2213
             Current temperature:  0.5396
 --------------------------------------------------
 thermalise> Completed equilibration step      450
             Total energy:            188.2641
             Kinetic energy:          114.5740
             Potential energy:         73.6901
             Current temperature:  0.5379
 --------------------------------------------------
 thermalise> Completed equilibration step      500
             Total energy:            192.1482
             Kinetic energy:          115.2299
             Potential energy:         76.9182
             Current temperature:  0.5410
 --------------------------------------------------
 thermalise> Completed equilibration step      550
             Total energy:            193.7303
             Kinetic energy:          114.7739
             Potential energy:         78.9564
             Current temperature:  0.5388
 --------------------------------------------------
 thermalise> Completed equilibration step      600
             Total energy:            192.4364
             Kinetic energy:          115.0108
             Potential energy:         77.4256
             Current temperature:  0.5400
 --------------------------------------------------
 thermalise> Completed equilibration step      650
             Total energy:            189.2208
             Kinetic energy:          115.0336
             Potential energy:         74.1872
             Current temperature:  0.5401
 --------------------------------------------------
 thermalise> Completed equilibration step      700
             Total energy:            190.3100
             Kinetic energy:          114.6943
             Potential energy:         75.6157
             Current temperature:  0.5385
 --------------------------------------------------
 thermalise> Completed equilibration step      750
             Total energy:            188.7940
             Kinetic energy:          114.6257
             Potential energy:         74.1683
             Current temperature:  0.5381
 --------------------------------------------------
 thermalise> Completed equilibration step      800
             Total energy:            191.1500
             Kinetic energy:          114.8040
             Potential energy:         76.3460
             Current temperature:  0.5390
 --------------------------------------------------
 thermalise> Completed equilibration step      850
             Total energy:            187.9900
             Kinetic energy:          114.6500
             Potential energy:         73.3400
             Current temperature:  0.5383
 --------------------------------------------------
 thermalise> Completed equilibration step      900
             Total energy:            190.0861
             Kinetic energy:          114.7206
             Potential energy:         75.3655
             Current temperature:  0.5386
 --------------------------------------------------
 thermalise> Completed equilibration step      950
             Total energy:            188.8583
             Kinetic energy:          114.9543
             Potential energy:         73.9039
             Current temperature:  0.5397
 --------------------------------------------------
 thermalise> Completed equilibration step     1000
             Total energy:            193.1049
             Kinetic energy:          114.6838
             Potential energy:         78.4211
             Current temperature:  0.5384
 --------------------------------------------------
 thermalise> Completed equilibration step     1050
             Total energy:            190.1965
             Kinetic energy:          114.8425
             Potential energy:         75.3540
             Current temperature:  0.5392
 --------------------------------------------------
 thermalise> Completed equilibration step     1100
             Total energy:            192.8272
             Kinetic energy:          114.7763
             Potential energy:         78.0509
             Current temperature:  0.5389
 --------------------------------------------------
 thermalise> Completed equilibration step     1150
             Total energy:            192.1702
             Kinetic energy:          114.9707
             Potential energy:         77.1995
             Current temperature:  0.5398
 --------------------------------------------------
 thermalise> Completed equilibration step     1200
             Total energy:            194.8692
             Kinetic energy:          114.5617
             Potential energy:         80.3075
             Current temperature:  0.5378
 --------------------------------------------------
 thermalise> Completed equilibration step     1250
             Total energy:            196.2528
             Kinetic energy:          114.9209
             Potential energy:         81.3319
             Current temperature:  0.5395
 --------------------------------------------------
 thermalise> Completed equilibration step     1300
             Total energy:            195.0373
             Kinetic energy:          114.7285
             Potential energy:         80.3088
             Current temperature:  0.5386
 --------------------------------------------------
 thermalise> Completed equilibration step     1350
             Total energy:            193.6532
             Kinetic energy:          114.9591
             Potential energy:         78.6940
             Current temperature:  0.5397
 --------------------------------------------------
 thermalise> Completed equilibration step     1400
             Total energy:            194.6441
             Kinetic energy:          114.8339
             Potential energy:         79.8102
             Current temperature:  0.5391
 --------------------------------------------------
 thermalise> Completed equilibration step     1450
             Total energy:            194.8633
             Kinetic energy:          114.8457
             Potential energy:         80.0175
             Current temperature:  0.5392
 --------------------------------------------------
 thermalise> Completed equilibration step     1500
             Total energy:            197.0560
             Kinetic energy:          114.6765
             Potential energy:         82.3795
             Current temperature:  0.5384
 --------------------------------------------------
 thermalise> Completed equilibration step     1550
             Total energy:            195.9936
             Kinetic energy:          114.5991
             Potential energy:         81.3945
             Current temperature:  0.5380
 --------------------------------------------------
 thermalise> Completed equilibration step     1600
             Total energy:            193.5097
             Kinetic energy:          115.0362
             Potential energy:         78.4735
             Current temperature:  0.5401
 --------------------------------------------------
 thermalise> Completed equilibration step     1650
             Total energy:            192.5116
             Kinetic energy:          114.6962
             Potential energy:         77.8154
             Current temperature:  0.5385
 --------------------------------------------------
 thermalise> Completed equilibration step     1700
             Total energy:            194.6606
             Kinetic energy:          114.7091
             Potential energy:         79.9515
             Current temperature:  0.5385
 --------------------------------------------------
 thermalise> Completed equilibration step     1750
             Total energy:            199.3224
             Kinetic energy:          115.0645
             Potential energy:         84.2579
             Current temperature:  0.5402
 --------------------------------------------------
 thermalise> Completed equilibration step     1800
             Total energy:            200.4960
             Kinetic energy:          114.9744
             Potential energy:         85.5216
             Current temperature:  0.5398
 --------------------------------------------------
 thermalise> Completed equilibration step     1850
             Total energy:            197.2663
             Kinetic energy:          114.7062
             Potential energy:         82.5601
             Current temperature:  0.5385
 --------------------------------------------------
 thermalise> Completed equilibration step     1900
             Total energy:            197.5398
             Kinetic energy:          114.6014
             Potential energy:         82.9385
             Current temperature:  0.5380
 --------------------------------------------------
 thermalise> Completed equilibration step     1950
             Total energy:            199.6163
             Kinetic energy:          114.8189
             Potential energy:         84.7974
             Current temperature:  0.5391
 --------------------------------------------------
 thermalise> Completed equilibration step     2000
             Total energy:            200.3188
             Kinetic energy:          114.8406
             Potential energy:         85.4782
             Current temperature:  0.5392
 --------------------------------------------------
 thermalise> Thermalisation step       23 with T=  0.565
 thermalise_rescale> Target T:    0.565, current T:   0.539, scaling:    1.023
 thermalise> Completed equilibration step       50
             Total energy:            205.1419
             Kinetic energy:          120.3798
             Potential energy:         84.7621
             Current temperature:  0.5652
 --------------------------------------------------
 thermalise> Completed equilibration step      100
             Total energy:            198.2067
             Kinetic energy:          120.3094
             Potential energy:         77.8973
             Current temperature:  0.5648
 --------------------------------------------------
 thermalise> Completed equilibration step      150
             Total energy:            198.6708
             Kinetic energy:          120.1885
             Potential energy:         78.4824
             Current temperature:  0.5643
 --------------------------------------------------
 thermalise> Completed equilibration step      200
             Total energy:            198.8334
             Kinetic energy:          120.3496
             Potential energy:         78.4839
             Current temperature:  0.5650
 --------------------------------------------------
 thermalise> Completed equilibration step      250
             Total energy:            199.2949
             Kinetic energy:          120.3556
             Potential energy:         78.9393
             Current temperature:  0.5650
 --------------------------------------------------
 thermalise> Completed equilibration step      300
             Total energy:            201.6567
             Kinetic energy:          119.8097
             Potential energy:         81.8470
             Current temperature:  0.5625
 --------------------------------------------------
 thermalise> Completed equilibration step      350
             Total energy:            203.9504
             Kinetic energy:          120.0593
             Potential energy:         83.8912
             Current temperature:  0.5637
 --------------------------------------------------
 thermalise> Completed equilibration step      400
             Total energy:            208.0634
             Kinetic energy:          120.4991
             Potential energy:         87.5643
             Current temperature:  0.5657
 --------------------------------------------------
 thermalise> Completed equilibration step      450
             Total energy:            209.7849
             Kinetic energy:          120.3303
             Potential energy:         89.4546
             Current temperature:  0.5649
 --------------------------------------------------
 thermalise> Completed equilibration step      500
             Total energy:            207.9082
             Kinetic energy:          120.2828
             Potential energy:         87.6254
             Current temperature:  0.5647
 --------------------------------------------------
 thermalise> Completed equilibration step      550
             Total energy:            209.2270
             Kinetic energy:          120.1234
             Potential energy:         89.1036
             Current temperature:  0.5640
 --------------------------------------------------
 thermalise> Completed equilibration step      600
             Total energy:            213.6447
             Kinetic energy:          119.9870
             Potential energy:         93.6577
             Current temperature:  0.5633
 --------------------------------------------------
 thermalise> Completed equilibration step      650
             Total energy:            212.0392
             Kinetic energy:          120.5654
             Potential energy:         91.4738
             Current temperature:  0.5660
 --------------------------------------------------
 thermalise> Completed equilibration step      700
             Total energy:            215.9188
             Kinetic energy:          120.6001
             Potential energy:         95.3187
             Current temperature:  0.5662
 --------------------------------------------------
 thermalise> Completed equilibration step      750
             Total energy:            208.7769
             Kinetic energy:          120.4478
             Potential energy:         88.3291
             Current temperature:  0.5655
 --------------------------------------------------
 thermalise> Completed equilibration step      800
             Total energy:            209.0579
             Kinetic energy:          120.2964
             Potential energy:         88.7615
             Current temperature:  0.5648
 --------------------------------------------------
 thermalise> Completed equilibration step      850
             Total energy:            211.3117
             Kinetic energy:          120.2139
             Potential energy:         91.0978
             Current temperature:  0.5644
 --------------------------------------------------
 thermalise> Completed equilibration step      900
             Total energy:            207.9103
             Kinetic energy:          120.2561
             Potential energy:         87.6542
             Current temperature:  0.5646
 --------------------------------------------------
 thermalise> Completed equilibration step      950
             Total energy:            204.6846
             Kinetic energy:          120.3560
             Potential energy:         84.3286
             Current temperature:  0.5651
 --------------------------------------------------
 thermalise> Completed equilibration step     1000
             Total energy:            206.7249
             Kinetic energy:          119.9370
             Potential energy:         86.7878
             Current temperature:  0.5631
 --------------------------------------------------
 thermalise> Completed equilibration step     1050
             Total energy:            201.9556
             Kinetic energy:          120.5083
             Potential energy:         81.4473
             Current temperature:  0.5658
 --------------------------------------------------
 thermalise> Completed equilibration step     1100
             Total energy:            203.4435
             Kinetic energy:          119.7818
             Potential energy:         83.6617
             Current temperature:  0.5624
 --------------------------------------------------
 thermalise> Completed equilibration step     1150
             Total energy:            203.6559
             Kinetic energy:          120.3039
             Potential energy:         83.3519
             Current temperature:  0.5648
 --------------------------------------------------
 thermalise> Completed equilibration step     1200
             Total energy:            203.9998
             Kinetic energy:          120.2033
             Potential energy:         83.7965
             Current temperature:  0.5643
 --------------------------------------------------
 thermalise> Completed equilibration step     1250
             Total energy:            207.4519
             Kinetic energy:          120.4906
             Potential energy:         86.9613
             Current temperature:  0.5657
 --------------------------------------------------
 thermalise> Completed equilibration step     1300
             Total energy:            208.9870
             Kinetic energy:          120.3392
             Potential energy:         88.6478
             Current temperature:  0.5650
 --------------------------------------------------
 thermalise> Completed equilibration step     1350
             Total energy:            214.8985
             Kinetic energy:          120.2875
             Potential energy:         94.6111
             Current temperature:  0.5647
 --------------------------------------------------
 thermalise> Completed equilibration step     1400
             Total energy:            212.2435
             Kinetic energy:          120.5167
             Potential energy:         91.7268
             Current temperature:  0.5658
 --------------------------------------------------
 thermalise> Completed equilibration step     1450
             Total energy:            205.8951
             Kinetic energy:          120.1452
             Potential energy:         85.7500
             Current temperature:  0.5641
 --------------------------------------------------
 thermalise> Completed equilibration step     1500
             Total energy:            205.8611
             Kinetic energy:          120.4157
             Potential energy:         85.4455
             Current temperature:  0.5653
 --------------------------------------------------
 thermalise> Completed equilibration step     1550
             Total energy:            205.0044
             Kinetic energy:          120.3612
             Potential energy:         84.6431
             Current temperature:  0.5651
 --------------------------------------------------
 thermalise> Completed equilibration step     1600
             Total energy:            209.2584
             Kinetic energy:          119.9422
             Potential energy:         89.3162
             Current temperature:  0.5631
 --------------------------------------------------
 thermalise> Completed equilibration step     1650
             Total energy:            206.2809
             Kinetic energy:          120.3049
             Potential energy:         85.9759
             Current temperature:  0.5648
 --------------------------------------------------
 thermalise> Completed equilibration step     1700
             Total energy:            206.9287
             Kinetic energy:          120.3955
             Potential energy:         86.5332
             Current temperature:  0.5652
 --------------------------------------------------
 thermalise> Completed equilibration step     1750
             Total energy:            206.3860
             Kinetic energy:          120.4508
             Potential energy:         85.9351
             Current temperature:  0.5655
 --------------------------------------------------
 thermalise> Completed equilibration step     1800
             Total energy:            204.6071
             Kinetic energy:          120.1017
             Potential energy:         84.5053
             Current temperature:  0.5639
 --------------------------------------------------
 thermalise> Completed equilibration step     1850
             Total energy:            203.8863
             Kinetic energy:          120.3917
             Potential energy:         83.4946
             Current temperature:  0.5652
 --------------------------------------------------
 thermalise> Completed equilibration step     1900
             Total energy:            205.1130
             Kinetic energy:          120.1950
             Potential energy:         84.9181
             Current temperature:  0.5643
 --------------------------------------------------
 thermalise> Completed equilibration step     1950
             Total energy:            207.5326
             Kinetic energy:          119.9131
             Potential energy:         87.6196
             Current temperature:  0.5630
 --------------------------------------------------
 thermalise> Completed equilibration step     2000
             Total energy:            214.4198
             Kinetic energy:          120.3559
             Potential energy:         94.0640
             Current temperature:  0.5651
 --------------------------------------------------
 thermalise> Thermalisation step       24 with T=  0.590
 thermalise_rescale> Target T:    0.590, current T:   0.565, scaling:    1.022
 thermalise> Completed equilibration step       50
             Total energy:            219.7612
             Kinetic energy:          125.7049
             Potential energy:         94.0563
             Current temperature:  0.5902
 --------------------------------------------------
 thermalise> Completed equilibration step      100
             Total energy:            219.7559
             Kinetic energy:          125.7077
             Potential energy:         94.0482
             Current temperature:  0.5902
 --------------------------------------------------
 thermalise> Completed equilibration step      150
             Total energy:            213.2869
             Kinetic energy:          125.7044
             Potential energy:         87.5825
             Current temperature:  0.5902
 --------------------------------------------------
 thermalise> Completed equilibration step      200
             Total energy:            214.0845
             Kinetic energy:          125.8760
             Potential energy:         88.2084
             Current temperature:  0.5910
 --------------------------------------------------
 thermalise> Completed equilibration step      250
             Total energy:            213.1469
             Kinetic energy:          125.7177
             Potential energy:         87.4292
             Current temperature:  0.5902
 --------------------------------------------------
 thermalise> Completed equilibration step      300
             Total energy:            215.8664
             Kinetic energy:          126.0609
             Potential energy:         89.8055
             Current temperature:  0.5918
 --------------------------------------------------
 thermalise> Completed equilibration step      350
             Total energy:            212.7618
             Kinetic energy:          125.7349
             Potential energy:         87.0269
             Current temperature:  0.5903
 --------------------------------------------------
 thermalise> Completed equilibration step      400
             Total energy:            209.9539
             Kinetic energy:          125.8379
             Potential energy:         84.1160
             Current temperature:  0.5908
 --------------------------------------------------
 thermalise> Completed equilibration step      450
             Total energy:            214.2153
             Kinetic energy:          125.9728
             Potential energy:         88.2424
             Current temperature:  0.5914
 --------------------------------------------------
 thermalise> Completed equilibration step      500
             Total energy:            207.9985
             Kinetic energy:          125.9164
             Potential energy:         82.0821
             Current temperature:  0.5912
 --------------------------------------------------
 thermalise> Completed equilibration step      550
             Total energy:            211.3830
             Kinetic energy:          125.8538
             Potential energy:         85.5292
             Current temperature:  0.5909
 --------------------------------------------------
 thermalise> Completed equilibration step      600
             Total energy:            210.6264
             Kinetic energy:          125.4019
             Potential energy:         85.2246
             Current temperature:  0.5887
 --------------------------------------------------
 thermalise> Completed equilibration step      650
             Total energy:            217.9325
             Kinetic energy:          125.8391
             Potential energy:         92.0934
             Current temperature:  0.5908
 --------------------------------------------------
 thermalise> Completed equilibration step      700
             Total energy:            214.1307
             Kinetic energy:          125.8409
             Potential energy:         88.2898
             Current temperature:  0.5908
 --------------------------------------------------
 thermalise> Completed equilibration step      750
             Total energy:            212.4385
             Kinetic energy:          125.6313
             Potential energy:         86.8072
             Current temperature:  0.5898
 --------------------------------------------------
 thermalise> Completed equilibration step      800
             Total energy:            213.6066
             Kinetic energy:          125.5485
             Potential energy:         88.0581
             Current temperature:  0.5894
 --------------------------------------------------
 thermalise> Completed equilibration step      850
             Total energy:            211.5414
             Kinetic energy:          125.8609
             Potential energy:         85.6805
             Current temperature:  0.5909
 --------------------------------------------------
 thermalise> Completed equilibration step      900
             Total energy:            207.9579
             Kinetic energy:          125.6721
             Potential energy:         82.2857
             Current temperature:  0.5900
 --------------------------------------------------
 thermalise> Completed equilibration step      950
             Total energy:            214.3779
             Kinetic energy:          125.5629
             Potential energy:         88.8150
             Current temperature:  0.5895
 --------------------------------------------------
 thermalise> Completed equilibration step     1000
             Total energy:            210.0543
             Kinetic energy:          126.1360
             Potential energy:         83.9183
             Current temperature:  0.5922
 --------------------------------------------------
 thermalise> Completed equilibration step     1050
             Total energy:            215.2970
             Kinetic energy:          125.7298
             Potential energy:         89.5672
             Current temperature:  0.5903
 --------------------------------------------------
 thermalise> Completed equilibration step     1100
             Total energy:            207.5145
             Kinetic energy:          126.1115
             Potential energy:         81.4029
             Current temperature:  0.5921
 --------------------------------------------------
 thermalise> Completed equilibration step     1150
             Total energy:            213.7677
             Kinetic energy:          125.3764
             Potential energy:         88.3913
             Current temperature:  0.5886
 --------------------------------------------------
 thermalise> Completed equilibration step     1200
             Total energy:            217.7712
             Kinetic energy:          125.5133
             Potential energy:         92.2579
             Current temperature:  0.5893
 --------------------------------------------------
 thermalise> Completed equilibration step     1250
             Total energy:            213.0441
             Kinetic energy:          125.8889
             Potential energy:         87.1552
             Current temperature:  0.5910
 --------------------------------------------------
 thermalise> Completed equilibration step     1300
             Total energy:            222.6877
             Kinetic energy:          125.4906
             Potential energy:         97.1970
             Current temperature:  0.5892
 --------------------------------------------------
 thermalise> Completed equilibration step     1350
             Total energy:            222.3775
             Kinetic energy:          125.8488
             Potential energy:         96.5287
             Current temperature:  0.5908
 --------------------------------------------------
 thermalise> Completed equilibration step     1400
             Total energy:            218.9573
             Kinetic energy:          125.7972
             Potential energy:         93.1602
             Current temperature:  0.5906
 --------------------------------------------------
 thermalise> Completed equilibration step     1450
             Total energy:            219.0428
             Kinetic energy:          125.7090
             Potential energy:         93.3337
             Current temperature:  0.5902
 --------------------------------------------------
 thermalise> Completed equilibration step     1500
             Total energy:            224.5306
             Kinetic energy:          126.1349
             Potential energy:         98.3957
             Current temperature:  0.5922
 --------------------------------------------------
 thermalise> Completed equilibration step     1550
             Total energy:            223.8844
             Kinetic energy:          125.5949
             Potential energy:         98.2895
             Current temperature:  0.5896
 --------------------------------------------------
 thermalise> Completed equilibration step     1600
             Total energy:            222.7413
             Kinetic energy:          125.9141
             Potential energy:         96.8273
             Current temperature:  0.5911
 --------------------------------------------------
 thermalise> Completed equilibration step     1650
             Total energy:            212.3212
             Kinetic energy:          125.8404
             Potential energy:         86.4809
             Current temperature:  0.5908
 --------------------------------------------------
 thermalise> Completed equilibration step     1700
             Total energy:            214.5771
             Kinetic energy:          125.5936
             Potential energy:         88.9835
             Current temperature:  0.5896
 --------------------------------------------------
 thermalise> Completed equilibration step     1750
             Total energy:            211.6601
             Kinetic energy:          126.0604
             Potential energy:         85.5997
             Current temperature:  0.5918
 --------------------------------------------------
 thermalise> Completed equilibration step     1800
             Total energy:            209.3609
             Kinetic energy:          125.3551
             Potential energy:         84.0058
             Current temperature:  0.5885
 --------------------------------------------------
 thermalise> Completed equilibration step     1850
             Total energy:            219.0155
             Kinetic energy:          125.8992
             Potential energy:         93.1162
             Current temperature:  0.5911
 --------------------------------------------------
 thermalise> Completed equilibration step     1900
             Total energy:            215.1119
             Kinetic energy:          125.5029
             Potential energy:         89.6090
             Current temperature:  0.5892
 --------------------------------------------------
 thermalise> Completed equilibration step     1950
             Total energy:            218.6479
             Kinetic energy:          125.6740
             Potential energy:         92.9739
             Current temperature:  0.5900
 --------------------------------------------------
 thermalise> Completed equilibration step     2000
             Total energy:            219.3289
             Kinetic energy:          125.7268
             Potential energy:         93.6021
             Current temperature:  0.5903
 --------------------------------------------------
 thermalise> Thermalisation step       25 with T=  0.616
 thermalise_rescale> Target T:    0.616, current T:   0.590, scaling:    1.022
 thermalise> Completed equilibration step       50
             Total energy:            223.5769
             Kinetic energy:          131.6878
             Potential energy:         91.8891
             Current temperature:  0.6183
 --------------------------------------------------
 thermalise> Completed equilibration step      100
             Total energy:            223.1881
             Kinetic energy:          130.8245
             Potential energy:         92.3636
             Current temperature:  0.6142
 --------------------------------------------------
 thermalise> Completed equilibration step      150
             Total energy:            221.6602
             Kinetic energy:          131.6013
             Potential energy:         90.0589
             Current temperature:  0.6178
 --------------------------------------------------
 thermalise> Completed equilibration step      200
             Total energy:            217.7194
             Kinetic energy:          131.0803
             Potential energy:         86.6391
             Current temperature:  0.6154
 --------------------------------------------------
 thermalise> Completed equilibration step      250
             Total energy:            221.8227
             Kinetic energy:          131.0230
             Potential energy:         90.7997
             Current temperature:  0.6151
 --------------------------------------------------
 thermalise> Completed equilibration step      300
             Total energy:            220.0152
             Kinetic energy:          131.3446
             Potential energy:         88.6706
             Current temperature:  0.6166
 --------------------------------------------------
 thermalise> Completed equilibration step      350
             Total energy:            214.7170
             Kinetic energy:          131.2535
             Potential energy:         83.4635
             Current temperature:  0.6162
 --------------------------------------------------
 thermalise> Completed equilibration step      400
             Total energy:            218.6845
             Kinetic energy:          131.0652
             Potential energy:         87.6193
             Current temperature:  0.6153
 --------------------------------------------------
 thermalise> Completed equilibration step      450
             Total energy:            220.2231
             Kinetic energy:          131.0545
             Potential energy:         89.1686
             Current temperature:  0.6153
 --------------------------------------------------
 thermalise> Completed equilibration step      500
             Total energy:            220.2426
             Kinetic energy:          131.4494
             Potential energy:         88.7932
             Current temperature:  0.6171
 --------------------------------------------------
 thermalise> Completed equilibration step      550
             Total energy:            220.8692
             Kinetic energy:          131.2967
             Potential energy:         89.5725
             Current temperature:  0.6164
 --------------------------------------------------
 thermalise> Completed equilibration step      600
             Total energy:            223.5203
             Kinetic energy:          130.9864
             Potential energy:         92.5338
             Current temperature:  0.6150
 --------------------------------------------------
 thermalise> Completed equilibration step      650
             Total energy:            227.8793
             Kinetic energy:          131.1616
             Potential energy:         96.7177
             Current temperature:  0.6158
 --------------------------------------------------
 thermalise> Completed equilibration step      700
             Total energy:            227.5366
             Kinetic energy:          131.0636
             Potential energy:         96.4730
             Current temperature:  0.6153
 --------------------------------------------------
 thermalise> Completed equilibration step      750
             Total energy:            222.1237
             Kinetic energy:          131.3077
             Potential energy:         90.8160
             Current temperature:  0.6165
 --------------------------------------------------
 thermalise> Completed equilibration step      800
             Total energy:            223.7481
             Kinetic energy:          131.2448
             Potential energy:         92.5033
             Current temperature:  0.6162
 --------------------------------------------------
 thermalise> Completed equilibration step      850
             Total energy:            224.7807
             Kinetic energy:          131.4723
             Potential energy:         93.3084
             Current temperature:  0.6172
 --------------------------------------------------
 thermalise> Completed equilibration step      900
             Total energy:            229.6420
             Kinetic energy:          130.7873
             Potential energy:         98.8547
             Current temperature:  0.6140
 --------------------------------------------------
 thermalise> Completed equilibration step      950
             Total energy:            227.1726
             Kinetic energy:          131.1593
             Potential energy:         96.0133
             Current temperature:  0.6158
 --------------------------------------------------
 thermalise> Completed equilibration step     1000
             Total energy:            226.8913
             Kinetic energy:          131.5462
             Potential energy:         95.3450
             Current temperature:  0.6176
 --------------------------------------------------
 thermalise> Completed equilibration step     1050
             Total energy:            223.2906
             Kinetic energy:          131.4589
             Potential energy:         91.8317
             Current temperature:  0.6172
 --------------------------------------------------
 thermalise> Completed equilibration step     1100
             Total energy:            220.3051
             Kinetic energy:          131.2130
             Potential energy:         89.0921
             Current temperature:  0.6160
 --------------------------------------------------
 thermalise> Completed equilibration step     1150
             Total energy:            220.6293
             Kinetic energy:          130.7920
             Potential energy:         89.8373
             Current temperature:  0.6140
 --------------------------------------------------
 thermalise> Completed equilibration step     1200
             Total energy:            224.9668
             Kinetic energy:          131.2060
             Potential energy:         93.7609
             Current temperature:  0.6160
 --------------------------------------------------
 thermalise> Completed equilibration step     1250
             Total energy:            221.8729
             Kinetic energy:          131.1094
             Potential energy:         90.7634
             Current temperature:  0.6155
 --------------------------------------------------
 thermalise> Completed equilibration step     1300
             Total energy:            219.1477
             Kinetic energy:          131.1099
             Potential energy:         88.0378
             Current temperature:  0.6155
 --------------------------------------------------
 thermalise> Completed equilibration step     1350
             Total energy:            218.9679
             Kinetic energy:          131.0624
             Potential energy:         87.9054
             Current temperature:  0.6153
 --------------------------------------------------
 thermalise> Completed equilibration step     1400
             Total energy:            216.8614
             Kinetic energy:          131.2325
             Potential energy:         85.6289
             Current temperature:  0.6161
 --------------------------------------------------
 thermalise> Completed equilibration step     1450
             Total energy:            218.9552
             Kinetic energy:          131.2097
             Potential energy:         87.7455
             Current temperature:  0.6160
 --------------------------------------------------
 thermalise> Completed equilibration step     1500
             Total energy:            217.3062
             Kinetic energy:          131.5924
             Potential energy:         85.7138
             Current temperature:  0.6178
 --------------------------------------------------
 thermalise> Completed equilibration step     1550
             Total energy:            216.5137
             Kinetic energy:          130.9506
             Potential energy:         85.5631
             Current temperature:  0.6148
 --------------------------------------------------
 thermalise> Completed equilibration step     1600
             Total energy:            217.7777
             Kinetic energy:          131.3977
             Potential energy:         86.3799
             Current temperature:  0.6169
 --------------------------------------------------
 thermalise> Completed equilibration step     1650
             Total energy:            224.8183
             Kinetic energy:          131.1304
             Potential energy:         93.6880
             Current temperature:  0.6156
 --------------------------------------------------
 thermalise> Completed equilibration step     1700
             Total energy:            223.3093
             Kinetic energy:          131.6077
             Potential energy:         91.7016
             Current temperature:  0.6179
 --------------------------------------------------
 thermalise> Completed equilibration step     1750
             Total energy:            217.3615
             Kinetic energy:          131.3393
             Potential energy:         86.0223
             Current temperature:  0.6166
 --------------------------------------------------
 thermalise> Completed equilibration step     1800
             Total energy:            218.1436
             Kinetic energy:          131.3306
             Potential energy:         86.8131
             Current temperature:  0.6166
 --------------------------------------------------
 thermalise> Completed equilibration step     1850
             Total energy:            219.5238
             Kinetic energy:          130.7408
             Potential energy:         88.7830
             Current temperature:  0.6138
 --------------------------------------------------
 thermalise> Completed equilibration step     1900
             Total energy:            224.6193
             Kinetic energy:          131.1848
             Potential energy:         93.4344
             Current temperature:  0.6159
 --------------------------------------------------
 thermalise> Completed equilibration step     1950
             Total energy:            219.3947
             Kinetic energy:          131.3177
             Potential energy:         88.0771
             Current temperature:  0.6165
 --------------------------------------------------
 thermalise> Completed equilibration step     2000
             Total energy:            219.1759
             Kinetic energy:          131.3169
             Potential energy:         87.8590
             Current temperature:  0.6165
 --------------------------------------------------
  thermalise> Completed thermalisation
  
 mdhire> Initial energies - EPOT=      87.8590; EKIN=     131.3169
 
  mdsteps> Completed step           25
           Total energy:            213.7639
           Kinetic energy:          130.9937
           Potential energy:         82.7702
           Current temperature:       0.6160
 --------------------------------------------------
  mdsteps> Completed step           50
           Total energy:            215.4560
           Kinetic energy:          130.9313
           Potential energy:         84.5247
           Current temperature:       0.6160
 --------------------------------------------------
  mdsteps> Completed step           75
           Total energy:            216.1967
           Kinetic energy:          131.0103
           Potential energy:         85.1865
           Current temperature:       0.6160
 --------------------------------------------------
  mdsteps> Completed step          100
           Total energy:            214.8822
           Kinetic energy:          131.4920
           Potential energy:         83.3902
           Current temperature:       0.6160
 --------------------------------------------------
  mdsteps> Completed step          125
           Total energy:            215.1465
           Kinetic energy:          131.2581
           Potential energy:         83.8883
           Current temperature:       0.6160
 --------------------------------------------------
  mdsteps> Completed step          150
           Total energy:            216.3832
           Kinetic energy:          131.1246
           Potential energy:         85.2585
           Current temperature:       0.6160
 --------------------------------------------------
  mdsteps> Completed step          175
           Total energy:            222.2874
           Kinetic energy:          131.3936
           Potential energy:         90.8938
           Current temperature:       0.6160
 --------------------------------------------------
  mdsteps> Completed step          200
           Total energy:            224.0423
           Kinetic energy:          131.5283
           Potential energy:         92.5141
           Current temperature:       0.6160
 --------------------------------------------------
  mdsteps> Completed step          225
           Total energy:            224.4408
           Kinetic energy:          131.0863
           Potential energy:         93.3545
           Current temperature:       0.6160
 --------------------------------------------------
  mdsteps> Completed step          250
           Total energy:            224.6570
           Kinetic energy:          130.9591
           Potential energy:         93.6979
           Current temperature:       0.6160
 --------------------------------------------------
  mdsteps> Completed step          275
           Total energy:            219.5525
           Kinetic energy:          131.5840
           Potential energy:         87.9685
           Current temperature:       0.6160
 --------------------------------------------------
  mdsteps> Completed step          300
           Total energy:            215.4880
           Kinetic energy:          131.1550
           Potential energy:         84.3330
           Current temperature:       0.6160
 --------------------------------------------------
  mdsteps> Completed step          325
           Total energy:            213.8393
           Kinetic energy:          131.2995
           Potential energy:         82.5398
           Current temperature:       0.6160
 --------------------------------------------------
  mdsteps> Completed step          350
           Total energy:            213.0396
           Kinetic energy:          131.0842
           Potential energy:         81.9555
           Current temperature:       0.6160
 --------------------------------------------------
  mdsteps> Completed step          375
           Total energy:            216.9588
           Kinetic energy:          131.2054
           Potential energy:         85.7534
           Current temperature:       0.6160
 --------------------------------------------------
  mdsteps> Completed step          400
           Total energy:            217.6444
           Kinetic energy:          131.1780
           Potential energy:         86.4663
           Current temperature:       0.6160
 --------------------------------------------------
  mdsteps> Completed step          425
           Total energy:            220.9415
           Kinetic energy:          130.8913
           Potential energy:         90.0502
           Current temperature:       0.6160
 --------------------------------------------------
  mdsteps> Completed step          450
           Total energy:            225.0888
           Kinetic energy:          131.1105
           Potential energy:         93.9783
           Current temperature:       0.6160
 --------------------------------------------------
  mdsteps> Completed step          475
           Total energy:            229.3186
           Kinetic energy:          131.4916
           Potential energy:         97.8270
           Current temperature:       0.6160
 --------------------------------------------------
  mdsteps> Completed step          500
           Total energy:            224.7088
           Kinetic energy:          131.1066
           Potential energy:         93.6022
           Current temperature:       0.6160
 --------------------------------------------------
  mdsteps> Completed step          525
           Total energy:            221.9739
           Kinetic energy:          131.1644
           Potential energy:         90.8096
           Current temperature:       0.6160
 --------------------------------------------------
  mdsteps> Completed step          550
           Total energy:            217.7651
           Kinetic energy:          131.6300
           Potential energy:         86.1351
           Current temperature:       0.6160
 --------------------------------------------------
  mdsteps> Completed step          575
           Total energy:            221.0109
           Kinetic energy:          131.1637
           Potential energy:         89.8472
           Current temperature:       0.6160
 --------------------------------------------------
  mdsteps> Completed step          600
           Total energy:            219.7549
           Kinetic energy:          131.2727
           Potential energy:         88.4823
           Current temperature:       0.6160
 --------------------------------------------------
  mdsteps> Completed step          625
           Total energy:            214.4065
           Kinetic energy:          131.3870
           Potential energy:         83.0195
           Current temperature:       0.6160
 --------------------------------------------------
  mdsteps> Completed step          650
           Total energy:            218.5711
           Kinetic energy:          131.5658
           Potential energy:         87.0053
           Current temperature:       0.6160
 --------------------------------------------------
  mdsteps> Completed step          675
           Total energy:            218.4287
           Kinetic energy:          131.1716
           Potential energy:         87.2571
           Current temperature:       0.6160
 --------------------------------------------------
  mdsteps> Completed step          700
           Total energy:            216.0334
           Kinetic energy:          131.2500
           Potential energy:         84.7834
           Current temperature:       0.6160
 --------------------------------------------------
  mdsteps> Completed step          725
           Total energy:            220.7536
           Kinetic energy:          131.2752
           Potential energy:         89.4784
           Current temperature:       0.6160
 --------------------------------------------------
  mdsteps> Completed step          750
           Total energy:            220.5471
           Kinetic energy:          131.0838
           Potential energy:         89.4634
           Current temperature:       0.6160
 --------------------------------------------------
  mdsteps> Completed step          775
           Total energy:            217.5174
           Kinetic energy:          131.0598
           Potential energy:         86.4575
           Current temperature:       0.6160
 --------------------------------------------------
  mdsteps> Completed step          800
           Total energy:            214.6924
           Kinetic energy:          131.3796
           Potential energy:         83.3127
           Current temperature:       0.6160
 --------------------------------------------------
  mdsteps> Completed step          825
           Total energy:            211.4595
           Kinetic energy:          131.2578
           Potential energy:         80.2017
           Current temperature:       0.6160
 --------------------------------------------------
  mdsteps> Completed step          850
           Total energy:            210.7874
           Kinetic energy:          131.2055
           Potential energy:         79.5819
           Current temperature:       0.6160
 --------------------------------------------------
  mdsteps> Completed step          875
           Total energy:            210.3333
           Kinetic energy:          131.1713
           Potential energy:         79.1619
           Current temperature:       0.6160
 --------------------------------------------------
  mdsteps> Completed step          900
           Total energy:            212.2126
           Kinetic energy:          130.9479
           Potential energy:         81.2648
           Current temperature:       0.6160
 --------------------------------------------------
  mdsteps> Completed step          925
           Total energy:            218.1508
           Kinetic energy:          130.9466
           Potential energy:         87.2042
           Current temperature:       0.6160
 --------------------------------------------------
  mdsteps> Completed step          950
           Total energy:            224.1034
           Kinetic energy:          131.7348
           Potential energy:         92.3686
           Current temperature:       0.6160
 --------------------------------------------------
  mdsteps> Completed step          975
           Total energy:            222.0866
           Kinetic energy:          130.7157
           Potential energy:         91.3709
           Current temperature:       0.6160
 --------------------------------------------------
  mdsteps> Completed step         1000
           Total energy:            224.7260
           Kinetic energy:          131.0716
           Potential energy:         93.6544
           Current temperature:       0.6160
 --------------------------------------------------
  mdsteps> Completed step         1025
           Total energy:            222.0607
           Kinetic energy:          131.7108
           Potential energy:         90.3499
           Current temperature:       0.6160
 --------------------------------------------------
  mdsteps> Completed step         1050
           Total energy:            222.7758
           Kinetic energy:          131.0098
           Potential energy:         91.7660
           Current temperature:       0.6160
 --------------------------------------------------
  mdsteps> Completed step         1075
           Total energy:            221.1583
           Kinetic energy:          131.1075
           Potential energy:         90.0508
           Current temperature:       0.6160
 --------------------------------------------------
  mdsteps> Completed step         1100
           Total energy:            223.5784
           Kinetic energy:          131.1263
           Potential energy:         92.4520
           Current temperature:       0.6160
 --------------------------------------------------
  mdsteps> Completed step         1125
           Total energy:            221.9820
           Kinetic energy:          131.3229
           Potential energy:         90.6591
           Current temperature:       0.6160
 --------------------------------------------------
  mdsteps> Completed step         1150
           Total energy:            219.6051
           Kinetic energy:          131.1945
           Potential energy:         88.4105
           Current temperature:       0.6160
 --------------------------------------------------
  mdsteps> Completed step         1175
           Total energy:            223.2831
           Kinetic energy:          131.5604
           Potential energy:         91.7227
           Current temperature:       0.6160
 --------------------------------------------------
  mdsteps> Completed step         1200
           Total energy:            216.2113
           Kinetic energy:          131.1370
           Potential energy:         85.0743
           Current temperature:       0.6160
 --------------------------------------------------
  mdsteps> Completed step         1225
           Total energy:            216.5746
           Kinetic energy:          131.4361
           Potential energy:         85.1385
           Current temperature:       0.6160
 --------------------------------------------------
  mdsteps> Completed step         1250
           Total energy:            218.1755
           Kinetic energy:          131.2850
           Potential energy:         86.8905
           Current temperature:       0.6160
 --------------------------------------------------
  mdsteps> Completed step         1275
           Total energy:            224.1528
           Kinetic energy:          130.8546
           Potential energy:         93.2982
           Current temperature:       0.6160
 --------------------------------------------------
  mdsteps> Completed step         1300
           Total energy:            220.3103
           Kinetic energy:          131.2255
           Potential energy:         89.0848
           Current temperature:       0.6160
 --------------------------------------------------
  mdsteps> Completed step         1325
           Total energy:            218.3284
           Kinetic energy:          131.0436
           Potential energy:         87.2848
           Current temperature:       0.6160
 --------------------------------------------------
  mdsteps> Completed step         1350
           Total energy:            219.1205
           Kinetic energy:          130.9970
           Potential energy:         88.1235
           Current temperature:       0.6160
 --------------------------------------------------
  mdsteps> Completed step         1375
           Total energy:            220.5225
           Kinetic energy:          131.1344
           Potential energy:         89.3881
           Current temperature:       0.6160
 --------------------------------------------------
  mdsteps> Completed step         1400
           Total energy:            220.1192
           Kinetic energy:          131.2246
           Potential energy:         88.8946
           Current temperature:       0.6160
 --------------------------------------------------
  mdsteps> Completed step         1425
           Total energy:            218.1769
           Kinetic energy:          130.6101
           Potential energy:         87.5668
           Current temperature:       0.6160
 --------------------------------------------------
  mdsteps> Completed step         1450
           Total energy:            221.7527
           Kinetic energy:          131.6013
           Potential energy:         90.1514
           Current temperature:       0.6160
 --------------------------------------------------
  mdsteps> Completed step         1475
           Total energy:            219.0499
           Kinetic energy:          131.3632
           Potential energy:         87.6867
           Current temperature:       0.6160
 --------------------------------------------------
  mdsteps> Completed step         1500
           Total energy:            222.1499
           Kinetic energy:          130.9063
           Potential energy:         91.2436
           Current temperature:       0.6160
 --------------------------------------------------
  mdsteps> Completed step         1525
           Total energy:            221.7949
           Kinetic energy:          131.3799
           Potential energy:         90.4149
           Current temperature:       0.6160
 --------------------------------------------------
  mdsteps> Completed step         1550
           Total energy:            223.2452
           Kinetic energy:          131.3280
           Potential energy:         91.9171
           Current temperature:       0.6160
 --------------------------------------------------
  mdsteps> Completed step         1575
           Total energy:            224.0310
           Kinetic energy:          130.7770
           Potential energy:         93.2539
           Current temperature:       0.6160
 --------------------------------------------------
  mdsteps> Completed step         1600
           Total energy:            222.5896
           Kinetic energy:          130.9653
           Potential energy:         91.6243
           Current temperature:       0.6160
 --------------------------------------------------
  mdsteps> Completed step         1625
           Total energy:            223.9714
           Kinetic energy:          131.4802
           Potential energy:         92.4911
           Current temperature:       0.6160
 --------------------------------------------------
  mdsteps> Completed step         1650
           Total energy:            224.0422
           Kinetic energy:          131.2118
           Potential energy:         92.8304
           Current temperature:       0.6160
 --------------------------------------------------
  mdsteps> Completed step         1675
           Total energy:            224.0503
           Kinetic energy:          131.2635
           Potential energy:         92.7868
           Current temperature:       0.6160
 --------------------------------------------------
  mdsteps> Completed step         1700
           Total energy:            228.1717
           Kinetic energy:          131.2656
           Potential energy:         96.9061
           Current temperature:       0.6160
 --------------------------------------------------
  mdsteps> Completed step         1725
           Total energy:            223.9804
           Kinetic energy:          131.2625
           Potential energy:         92.7179
           Current temperature:       0.6160
 --------------------------------------------------
  mdsteps> Completed step         1750
           Total energy:            222.4463
           Kinetic energy:          131.0353
           Potential energy:         91.4110
           Current temperature:       0.6160
 --------------------------------------------------
  mdsteps> Completed step         1775
           Total energy:            219.2082
           Kinetic energy:          130.9335
           Potential energy:         88.2746
           Current temperature:       0.6160
 --------------------------------------------------
  mdsteps> Completed step         1800
           Total energy:            219.8810
           Kinetic energy:          131.3119
           Potential energy:         88.5691
           Current temperature:       0.6160
 --------------------------------------------------
  mdsteps> Completed step         1825
           Total energy:            223.1627
           Kinetic energy:          131.4897
           Potential energy:         91.6731
           Current temperature:       0.6160
 --------------------------------------------------
  mdsteps> Completed step         1850
           Total energy:            223.2289
           Kinetic energy:          131.4751
           Potential energy:         91.7539
           Current temperature:       0.6160
 --------------------------------------------------
  mdsteps> Completed step         1875
           Total energy:            221.3685
           Kinetic energy:          131.2211
           Potential energy:         90.1475
           Current temperature:       0.6160
 --------------------------------------------------
  mdsteps> Completed step         1900
           Total energy:            216.0608
           Kinetic energy:          131.4103
           Potential energy:         84.6505
           Current temperature:       0.6160
 --------------------------------------------------
  mdsteps> Completed step         1925
           Total energy:            219.3949
           Kinetic energy:          131.4059
           Potential energy:         87.9890
           Current temperature:       0.6160
 --------------------------------------------------
  mdsteps> Completed step         1950
           Total energy:            219.4946
           Kinetic energy:          130.9510
           Potential energy:         88.5436
           Current temperature:       0.6160
 --------------------------------------------------
  mdsteps> Completed step         1975
           Total energy:            219.1993
           Kinetic energy:          131.0503
           Potential energy:         88.1490
           Current temperature:       0.6160
 --------------------------------------------------
  mdsteps> Completed step         2000
           Total energy:            224.7935
           Kinetic energy:          130.9433
           Potential energy:         93.8502
           Current temperature:       0.6160
 --------------------------------------------------
  md_finish> MD simulation completed
 
 mdhire> Total time:           18.92
 mdhire> Setup time:            1.95
 mdhire> Thermalisation :      16.52
 mdhire> Simulation time:       0.45
