 Molecular dynamics simulation for HiRE 
 ______________________________________ 
 
 settings> Run MD simulation for       2000 steps
 settings> Time step for simulation:            0.01
 settings> MD simulation will use LAngevin dynamics
 settings> Gamma value for Langevin dynamics:   0.10
 settings> Temperature for MD simulation:         0.62
 
 mininit> Energy and RMS force=    -1.187195866        0.7669502638     after      0 LBFGS steps
 mininit> Energy and RMS force=    -16.06471244        0.1099074126     after    500 LBFGS steps, step: 0.0248228265
 mininit> Energy and RMS force=    -17.15781042        0.5417955721E-01 after   1000 LBFGS steps, step: 0.0129837970
 mininit> Energy and RMS force=    -17.52472202        0.2994438271E-01 after   1500 LBFGS steps, step: 0.0104733313
 mininit> Energy and RMS force=    -21.96183128        0.1090156662     after   2000 LBFGS steps, step: 0.0082243260
 mininit> Energy and RMS force=    -22.84547928        0.5011014745E-01 after   2500 LBFGS steps, step: 0.0327889155
 mininit> Energy and RMS force=    -23.55229225        0.1865785156E-01 after   3000 LBFGS steps, step: 0.0026394603
 mininit> Energy and RMS force=    -23.56387400        0.2423473157E-02 after   3500 LBFGS steps, step: 0.0004236997
 mininit> Energy and RMS force=    -23.56443724        0.9955999267E-03 after   3766 LBFGS steps
  runmin> Minimisation converged in         3766  steps
          Energy of minimum:   -23.564437238261178     
 
 mdhire> Initial energies - EPOT=     -23.5644; EKIN=       0.0000
 
  mdhire> Thermalisation from    0.0000000000000000       to   0.61599999999999999     
 init_velocity> Centre of mass:                    0.545159       0.185955      -0.039600
 init_velocity> Momentum of centre of mass:      701.060402      32.900190    -261.296986
 init_velocity> Angular momentum:               -750.600161    6038.980044   -2821.742430
 init_velocity> Angular velocity:                  0.044002       0.008552       0.024077
 init_velocity> Final momentum CoM:                0.000000       0.000000      -0.000000
 init_velocity> Final angular momentum:       -11046.002036    -879.952975   -4936.600888
 init_velocity> Kinetic energy:        0.213000
 
 thermalise> Thermalise simulation in       25 steps with     2000 equilibration steps for each new T
  
 thermalise> Thermalisation step        1 with T=  0.001
 thermalise_rescale> Target T:    0.001, current T:   0.001, scaling:    1.000
 thermalise> Completed equilibration step       50
             Total energy:            -23.3500
             Kinetic energy:            0.1534
             Potential energy:        -23.5034
             Current temperature:  0.0007
 --------------------------------------------------
 thermalise> Completed equilibration step      100
             Total energy:            -23.3426
             Kinetic energy:            0.1438
             Potential energy:        -23.4864
             Current temperature:  0.0007
 --------------------------------------------------
 thermalise> Completed equilibration step      150
             Total energy:            -23.3427
             Kinetic energy:            0.1306
             Potential energy:        -23.4733
             Current temperature:  0.0006
 --------------------------------------------------
 thermalise> Completed equilibration step      200
             Total energy:            -23.3353
             Kinetic energy:            0.1245
             Potential energy:        -23.4599
             Current temperature:  0.0006
 --------------------------------------------------
 thermalise> Completed equilibration step      250
             Total energy:            -23.3266
             Kinetic energy:            0.1309
             Potential energy:        -23.4575
             Current temperature:  0.0006
 --------------------------------------------------
 thermalise> Completed equilibration step      300
             Total energy:            -23.3269
             Kinetic energy:            0.1308
             Potential energy:        -23.4577
             Current temperature:  0.0006
 --------------------------------------------------
 thermalise> Completed equilibration step      350
             Total energy:            -23.3121
             Kinetic energy:            0.1406
             Potential energy:        -23.4527
             Current temperature:  0.0007
 --------------------------------------------------
 thermalise> Completed equilibration step      400
             Total energy:            -23.2954
             Kinetic energy:            0.1567
             Potential energy:        -23.4521
             Current temperature:  0.0007
 --------------------------------------------------
 thermalise> Completed equilibration step      450
             Total energy:            -23.2908
             Kinetic energy:            0.1491
             Potential energy:        -23.4399
             Current temperature:  0.0007
 --------------------------------------------------
 thermalise> Completed equilibration step      500
             Total energy:            -23.2826
             Kinetic energy:            0.1496
             Potential energy:        -23.4322
             Current temperature:  0.0007
 --------------------------------------------------
 thermalise> Completed equilibration step      550
             Total energy:            -23.2760
             Kinetic energy:            0.1517
             Potential energy:        -23.4276
             Current temperature:  0.0007
 --------------------------------------------------
 thermalise> Completed equilibration step      600
             Total energy:            -23.2653
             Kinetic energy:            0.1621
             Potential energy:        -23.4274
             Current temperature:  0.0008
 --------------------------------------------------
 thermalise> Completed equilibration step      650
             Total energy:            -23.2571
             Kinetic energy:            0.1565
             Potential energy:        -23.4136
             Current temperature:  0.0007
 --------------------------------------------------
 thermalise> Completed equilibration step      700
             Total energy:            -23.2522
             Kinetic energy:            0.1639
             Potential energy:        -23.4160
             Current temperature:  0.0008
 --------------------------------------------------
 thermalise> Completed equilibration step      750
             Total energy:            -23.2508
             Kinetic energy:            0.1591
             Potential energy:        -23.4100
             Current temperature:  0.0007
 --------------------------------------------------
 thermalise> Completed equilibration step      800
             Total energy:            -23.2369
             Kinetic energy:            0.1730
             Potential energy:        -23.4099
             Current temperature:  0.0008
 --------------------------------------------------
 thermalise> Completed equilibration step      850
             Total energy:            -23.2374
             Kinetic energy:            0.1616
             Potential energy:        -23.3990
             Current temperature:  0.0008
 --------------------------------------------------
 thermalise> Completed equilibration step      900
             Total energy:            -23.2465
             Kinetic energy:            0.1542
             Potential energy:        -23.4007
             Current temperature:  0.0007
 --------------------------------------------------
 thermalise> Completed equilibration step      950
             Total energy:            -23.2486
             Kinetic energy:            0.1579
             Potential energy:        -23.4065
             Current temperature:  0.0007
 --------------------------------------------------
 thermalise> Completed equilibration step     1000
             Total energy:            -23.2445
             Kinetic energy:            0.1685
             Potential energy:        -23.4129
             Current temperature:  0.0008
 --------------------------------------------------
 thermalise> Completed equilibration step     1050
             Total energy:            -23.2554
             Kinetic energy:            0.1483
             Potential energy:        -23.4037
             Current temperature:  0.0007
 --------------------------------------------------
 thermalise> Completed equilibration step     1100
             Total energy:            -23.2502
             Kinetic energy:            0.1523
             Potential energy:        -23.4025
             Current temperature:  0.0007
 --------------------------------------------------
 thermalise> Completed equilibration step     1150
             Total energy:            -23.2405
             Kinetic energy:            0.1583
             Potential energy:        -23.3988
             Current temperature:  0.0007
 --------------------------------------------------
 thermalise> Completed equilibration step     1200
             Total energy:            -23.2384
             Kinetic energy:            0.1731
             Potential energy:        -23.4114
             Current temperature:  0.0008
 --------------------------------------------------
 thermalise> Completed equilibration step     1250
             Total energy:            -23.2325
             Kinetic energy:            0.1689
             Potential energy:        -23.4013
             Current temperature:  0.0008
 --------------------------------------------------
 thermalise> Completed equilibration step     1300
             Total energy:            -23.2292
             Kinetic energy:            0.1810
             Potential energy:        -23.4103
             Current temperature:  0.0008
 --------------------------------------------------
 thermalise> Completed equilibration step     1350
             Total energy:            -23.2189
             Kinetic energy:            0.1669
             Potential energy:        -23.3858
             Current temperature:  0.0008
 --------------------------------------------------
 thermalise> Completed equilibration step     1400
             Total energy:            -23.2128
             Kinetic energy:            0.1747
             Potential energy:        -23.3874
             Current temperature:  0.0008
 --------------------------------------------------
 thermalise> Completed equilibration step     1450
             Total energy:            -23.2097
             Kinetic energy:            0.1795
             Potential energy:        -23.3891
             Current temperature:  0.0008
 --------------------------------------------------
 thermalise> Completed equilibration step     1500
             Total energy:            -23.2092
             Kinetic energy:            0.1690
             Potential energy:        -23.3782
             Current temperature:  0.0008
 --------------------------------------------------
 thermalise> Completed equilibration step     1550
             Total energy:            -23.2037
             Kinetic energy:            0.1643
             Potential energy:        -23.3680
             Current temperature:  0.0008
 --------------------------------------------------
 thermalise> Completed equilibration step     1600
             Total energy:            -23.2035
             Kinetic energy:            0.1823
             Potential energy:        -23.3859
             Current temperature:  0.0009
 --------------------------------------------------
 thermalise> Completed equilibration step     1650
             Total energy:            -23.1940
             Kinetic energy:            0.1852
             Potential energy:        -23.3791
             Current temperature:  0.0009
 --------------------------------------------------
 thermalise> Completed equilibration step     1700
             Total energy:            -23.1849
             Kinetic energy:            0.2005
             Potential energy:        -23.3853
             Current temperature:  0.0009
 --------------------------------------------------
 thermalise> Completed equilibration step     1750
             Total energy:            -23.1823
             Kinetic energy:            0.1991
             Potential energy:        -23.3814
             Current temperature:  0.0009
 --------------------------------------------------
 thermalise> Completed equilibration step     1800
             Total energy:            -23.1813
             Kinetic energy:            0.2058
             Potential energy:        -23.3871
             Current temperature:  0.0010
 --------------------------------------------------
 thermalise> Completed equilibration step     1850
             Total energy:            -23.1831
             Kinetic energy:            0.1840
             Potential energy:        -23.3672
             Current temperature:  0.0009
 --------------------------------------------------
 thermalise> Completed equilibration step     1900
             Total energy:            -23.1848
             Kinetic energy:            0.1890
             Potential energy:        -23.3737
             Current temperature:  0.0009
 --------------------------------------------------
 thermalise> Completed equilibration step     1950
             Total energy:            -23.1800
             Kinetic energy:            0.1946
             Potential energy:        -23.3746
             Current temperature:  0.0009
 --------------------------------------------------
 thermalise> Completed equilibration step     2000
             Total energy:            -23.1709
             Kinetic energy:            0.1920
             Potential energy:        -23.3629
             Current temperature:  0.0009
 --------------------------------------------------
 thermalise> Thermalisation step        2 with T=  0.026
 thermalise_rescale> Target T:    0.026, current T:   0.001, scaling:    5.336
 thermalise> Completed equilibration step       50
             Total energy:            -17.7727
             Kinetic energy:            3.3799
             Potential energy:        -21.1526
             Current temperature:  0.0159
 --------------------------------------------------
 thermalise> Completed equilibration step      100
             Total energy:            -17.5673
             Kinetic energy:            3.1560
             Potential energy:        -20.7233
             Current temperature:  0.0148
 --------------------------------------------------
 thermalise> Completed equilibration step      150
             Total energy:            -17.3619
             Kinetic energy:            3.2794
             Potential energy:        -20.6412
             Current temperature:  0.0154
 --------------------------------------------------
 thermalise> Completed equilibration step      200
             Total energy:            -16.9360
             Kinetic energy:            3.6200
             Potential energy:        -20.5560
             Current temperature:  0.0170
 --------------------------------------------------
 thermalise> Completed equilibration step      250
             Total energy:            -16.6355
             Kinetic energy:            3.8712
             Potential energy:        -20.5067
             Current temperature:  0.0182
 --------------------------------------------------
 thermalise> Completed equilibration step      300
             Total energy:            -16.7431
             Kinetic energy:            3.8427
             Potential energy:        -20.5858
             Current temperature:  0.0180
 --------------------------------------------------
 thermalise> Completed equilibration step      350
             Total energy:            -16.5949
             Kinetic energy:            3.4615
             Potential energy:        -20.0565
             Current temperature:  0.0163
 --------------------------------------------------
 thermalise> Completed equilibration step      400
             Total energy:            -16.4612
             Kinetic energy:            3.5422
             Potential energy:        -20.0034
             Current temperature:  0.0166
 --------------------------------------------------
 thermalise> Completed equilibration step      450
             Total energy:            -16.3228
             Kinetic energy:            3.7623
             Potential energy:        -20.0850
             Current temperature:  0.0177
 --------------------------------------------------
 thermalise> Completed equilibration step      500
             Total energy:            -16.3631
             Kinetic energy:            3.9474
             Potential energy:        -20.3106
             Current temperature:  0.0185
 --------------------------------------------------
 thermalise> Completed equilibration step      550
             Total energy:            -16.1597
             Kinetic energy:            3.5779
             Potential energy:        -19.7376
             Current temperature:  0.0168
 --------------------------------------------------
 thermalise> Completed equilibration step      600
             Total energy:            -15.8918
             Kinetic energy:            3.7830
             Potential energy:        -19.6748
             Current temperature:  0.0178
 --------------------------------------------------
 thermalise> Completed equilibration step      650
             Total energy:            -15.5441
             Kinetic energy:            4.3784
             Potential energy:        -19.9226
             Current temperature:  0.0206
 --------------------------------------------------
 thermalise> Completed equilibration step      700
             Total energy:            -15.2241
             Kinetic energy:            4.4547
             Potential energy:        -19.6789
             Current temperature:  0.0209
 --------------------------------------------------
 thermalise> Completed equilibration step      750
             Total energy:            -15.1372
             Kinetic energy:            4.6649
             Potential energy:        -19.8020
             Current temperature:  0.0219
 --------------------------------------------------
 thermalise> Completed equilibration step      800
             Total energy:            -15.1538
             Kinetic energy:            4.1617
             Potential energy:        -19.3155
             Current temperature:  0.0195
 --------------------------------------------------
 thermalise> Completed equilibration step      850
             Total energy:            -15.0357
             Kinetic energy:            4.2977
             Potential energy:        -19.3334
             Current temperature:  0.0202
 --------------------------------------------------
 thermalise> Completed equilibration step      900
             Total energy:            -15.3193
             Kinetic energy:            4.5097
             Potential energy:        -19.8290
             Current temperature:  0.0212
 --------------------------------------------------
 thermalise> Completed equilibration step      950
             Total energy:            -14.9716
             Kinetic energy:            5.1256
             Potential energy:        -20.0972
             Current temperature:  0.0241
 --------------------------------------------------
 thermalise> Completed equilibration step     1000
             Total energy:            -14.6473
             Kinetic energy:            4.4420
             Potential energy:        -19.0892
             Current temperature:  0.0209
 --------------------------------------------------
 thermalise> Completed equilibration step     1050
             Total energy:            -14.4983
             Kinetic energy:            4.9283
             Potential energy:        -19.4266
             Current temperature:  0.0231
 --------------------------------------------------
 thermalise> Completed equilibration step     1100
             Total energy:            -14.2635
             Kinetic energy:            5.0011
             Potential energy:        -19.2646
             Current temperature:  0.0235
 --------------------------------------------------
 thermalise> Completed equilibration step     1150
             Total energy:            -14.1360
             Kinetic energy:            5.4209
             Potential energy:        -19.5569
             Current temperature:  0.0255
 --------------------------------------------------
 thermalise> Completed equilibration step     1200
             Total energy:            -13.9904
             Kinetic energy:            5.0004
             Potential energy:        -18.9909
             Current temperature:  0.0235
 --------------------------------------------------
 thermalise> Completed equilibration step     1250
             Total energy:            -13.9235
             Kinetic energy:            4.9897
             Potential energy:        -18.9132
             Current temperature:  0.0234
 --------------------------------------------------
 thermalise> Completed equilibration step     1300
             Total energy:            -13.9673
             Kinetic energy:            4.8793
             Potential energy:        -18.8466
             Current temperature:  0.0229
 --------------------------------------------------
 thermalise> Completed equilibration step     1350
             Total energy:            -13.9275
             Kinetic energy:            4.4692
             Potential energy:        -18.3967
             Current temperature:  0.0210
 --------------------------------------------------
 thermalise> Completed equilibration step     1400
             Total energy:            -14.1866
             Kinetic energy:            4.5832
             Potential energy:        -18.7698
             Current temperature:  0.0215
 --------------------------------------------------
 thermalise> Completed equilibration step     1450
             Total energy:            -14.0636
             Kinetic energy:            4.8737
             Potential energy:        -18.9373
             Current temperature:  0.0229
 --------------------------------------------------
 thermalise> Completed equilibration step     1500
             Total energy:            -13.6739
             Kinetic energy:            4.9431
             Potential energy:        -18.6170
             Current temperature:  0.0232
 --------------------------------------------------
 thermalise> Completed equilibration step     1550
             Total energy:            -13.4943
             Kinetic energy:            4.8196
             Potential energy:        -18.3138
             Current temperature:  0.0226
 --------------------------------------------------
 thermalise> Completed equilibration step     1600
             Total energy:            -13.7993
             Kinetic energy:            5.0724
             Potential energy:        -18.8717
             Current temperature:  0.0238
 --------------------------------------------------
 thermalise> Completed equilibration step     1650
             Total energy:            -13.8332
             Kinetic energy:            4.8260
             Potential energy:        -18.6592
             Current temperature:  0.0227
 --------------------------------------------------
 thermalise> Completed equilibration step     1700
             Total energy:            -13.9647
             Kinetic energy:            4.2695
             Potential energy:        -18.2342
             Current temperature:  0.0200
 --------------------------------------------------
 thermalise> Completed equilibration step     1750
             Total energy:            -13.7223
             Kinetic energy:            5.1804
             Potential energy:        -18.9028
             Current temperature:  0.0243
 --------------------------------------------------
 thermalise> Completed equilibration step     1800
             Total energy:            -13.6117
             Kinetic energy:            4.9933
             Potential energy:        -18.6050
             Current temperature:  0.0234
 --------------------------------------------------
 thermalise> Completed equilibration step     1850
             Total energy:            -13.4237
             Kinetic energy:            5.2398
             Potential energy:        -18.6635
             Current temperature:  0.0246
 --------------------------------------------------
 thermalise> Completed equilibration step     1900
             Total energy:            -13.3230
             Kinetic energy:            5.9060
             Potential energy:        -19.2290
             Current temperature:  0.0277
 --------------------------------------------------
 thermalise> Completed equilibration step     1950
             Total energy:            -13.5399
             Kinetic energy:            5.2437
             Potential energy:        -18.7835
             Current temperature:  0.0246
 --------------------------------------------------
 thermalise> Completed equilibration step     2000
             Total energy:            -13.6872
             Kinetic energy:            5.1604
             Potential energy:        -18.8476
             Current temperature:  0.0242
 --------------------------------------------------
 thermalise> Thermalisation step        3 with T=  0.051
 thermalise_rescale> Target T:    0.051, current T:   0.024, scaling:    1.456
 thermalise> Completed equilibration step       50
             Total energy:             -7.7974
             Kinetic energy:            8.6515
             Potential energy:        -16.4489
             Current temperature:  0.0406
 --------------------------------------------------
 thermalise> Completed equilibration step      100
             Total energy:             -7.2597
             Kinetic energy:            8.7289
             Potential energy:        -15.9885
             Current temperature:  0.0410
 --------------------------------------------------
 thermalise> Completed equilibration step      150
             Total energy:             -7.1326
             Kinetic energy:            8.8724
             Potential energy:        -16.0050
             Current temperature:  0.0417
 --------------------------------------------------
 thermalise> Completed equilibration step      200
             Total energy:             -6.9112
             Kinetic energy:            8.5374
             Potential energy:        -15.4485
             Current temperature:  0.0401
 --------------------------------------------------
 thermalise> Completed equilibration step      250
             Total energy:             -6.2457
             Kinetic energy:            8.4811
             Potential energy:        -14.7267
             Current temperature:  0.0398
 --------------------------------------------------
 thermalise> Completed equilibration step      300
             Total energy:             -6.1524
             Kinetic energy:            9.1330
             Potential energy:        -15.2854
             Current temperature:  0.0429
 --------------------------------------------------
 thermalise> Completed equilibration step      350
             Total energy:             -5.7903
             Kinetic energy:            8.9931
             Potential energy:        -14.7834
             Current temperature:  0.0422
 --------------------------------------------------
 thermalise> Completed equilibration step      400
             Total energy:             -5.2290
             Kinetic energy:            9.0217
             Potential energy:        -14.2507
             Current temperature:  0.0424
 --------------------------------------------------
 thermalise> Completed equilibration step      450
             Total energy:             -4.9922
             Kinetic energy:            9.4489
             Potential energy:        -14.4410
             Current temperature:  0.0444
 --------------------------------------------------
 thermalise> Completed equilibration step      500
             Total energy:             -4.5917
             Kinetic energy:            9.7816
             Potential energy:        -14.3733
             Current temperature:  0.0459
 --------------------------------------------------
 thermalise> Completed equilibration step      550
             Total energy:             -4.2721
             Kinetic energy:            9.3255
             Potential energy:        -13.5977
             Current temperature:  0.0438
 --------------------------------------------------
 thermalise> Completed equilibration step      600
             Total energy:             -3.8902
             Kinetic energy:            9.9531
             Potential energy:        -13.8433
             Current temperature:  0.0467
 --------------------------------------------------
 thermalise> Completed equilibration step      650
             Total energy:             -3.8545
             Kinetic energy:           10.9872
             Potential energy:        -14.8417
             Current temperature:  0.0516
 --------------------------------------------------
 thermalise> Completed equilibration step      700
             Total energy:             -3.3435
             Kinetic energy:           10.2253
             Potential energy:        -13.5688
             Current temperature:  0.0480
 --------------------------------------------------
 thermalise> Completed equilibration step      750
             Total energy:             -3.5827
             Kinetic energy:           10.9741
             Potential energy:        -14.5569
             Current temperature:  0.0515
 --------------------------------------------------
 thermalise> Completed equilibration step      800
             Total energy:             -3.6909
             Kinetic energy:           10.8822
             Potential energy:        -14.5730
             Current temperature:  0.0511
 --------------------------------------------------
 thermalise> Completed equilibration step      850
             Total energy:             -3.3600
             Kinetic energy:           10.8300
             Potential energy:        -14.1900
             Current temperature:  0.0508
 --------------------------------------------------
 thermalise> Completed equilibration step      900
             Total energy:             -2.9496
             Kinetic energy:           11.3791
             Potential energy:        -14.3287
             Current temperature:  0.0534
 --------------------------------------------------
 thermalise> Completed equilibration step      950
             Total energy:             -3.6465
             Kinetic energy:           10.3223
             Potential energy:        -13.9688
             Current temperature:  0.0485
 --------------------------------------------------
 thermalise> Completed equilibration step     1000
             Total energy:             -3.6403
             Kinetic energy:            9.8290
             Potential energy:        -13.4693
             Current temperature:  0.0461
 --------------------------------------------------
 thermalise> Completed equilibration step     1050
             Total energy:             -3.7563
             Kinetic energy:           10.1432
             Potential energy:        -13.8995
             Current temperature:  0.0476
 --------------------------------------------------
 thermalise> Completed equilibration step     1100
             Total energy:             -3.4391
             Kinetic energy:           10.8185
             Potential energy:        -14.2576
             Current temperature:  0.0508
 --------------------------------------------------
 thermalise> Completed equilibration step     1150
             Total energy:             -2.8527
             Kinetic energy:           10.0702
             Potential energy:        -12.9230
             Current temperature:  0.0473
 --------------------------------------------------
 thermalise> Completed equilibration step     1200
             Total energy:             -2.7614
             Kinetic energy:           10.2104
             Potential energy:        -12.9718
             Current temperature:  0.0479
 --------------------------------------------------
 thermalise> Completed equilibration step     1250
             Total energy:             -2.3910
             Kinetic energy:           10.7028
             Potential energy:        -13.0938
             Current temperature:  0.0502
 --------------------------------------------------
 thermalise> Completed equilibration step     1300
             Total energy:             -1.8114
             Kinetic energy:           10.5849
             Potential energy:        -12.3963
             Current temperature:  0.0497
 --------------------------------------------------
 thermalise> Completed equilibration step     1350
             Total energy:             -1.9347
             Kinetic energy:           10.2907
             Potential energy:        -12.2254
             Current temperature:  0.0483
 --------------------------------------------------
 thermalise> Completed equilibration step     1400
             Total energy:             -2.1839
             Kinetic energy:           10.7907
             Potential energy:        -12.9746
             Current temperature:  0.0507
 --------------------------------------------------
 thermalise> Completed equilibration step     1450
             Total energy:             -2.0218
             Kinetic energy:            9.9238
             Potential energy:        -11.9456
             Current temperature:  0.0466
 --------------------------------------------------
 thermalise> Completed equilibration step     1500
             Total energy:             -1.8491
             Kinetic energy:           10.3506
             Potential energy:        -12.1997
             Current temperature:  0.0486
 --------------------------------------------------
 thermalise> Completed equilibration step     1550
             Total energy:             -1.7740
             Kinetic energy:           10.2458
             Potential energy:        -12.0198
             Current temperature:  0.0481
 --------------------------------------------------
 thermalise> Completed equilibration step     1600
             Total energy:             -1.7625
             Kinetic energy:           10.8331
             Potential energy:        -12.5956
             Current temperature:  0.0509
 --------------------------------------------------
 thermalise> Completed equilibration step     1650
             Total energy:             -2.6201
             Kinetic energy:           10.0640
             Potential energy:        -12.6841
             Current temperature:  0.0472
 --------------------------------------------------
 thermalise> Completed equilibration step     1700
             Total energy:             -3.2335
             Kinetic energy:            9.7670
             Potential energy:        -13.0004
             Current temperature:  0.0459
 --------------------------------------------------
 thermalise> Completed equilibration step     1750
             Total energy:             -3.2962
             Kinetic energy:           10.8965
             Potential energy:        -14.1927
             Current temperature:  0.0512
 --------------------------------------------------
 thermalise> Completed equilibration step     1800
             Total energy:             -3.2216
             Kinetic energy:            9.8169
             Potential energy:        -13.0384
             Current temperature:  0.0461
 --------------------------------------------------
 thermalise> Completed equilibration step     1850
             Total energy:             -2.5806
             Kinetic energy:           10.1903
             Potential energy:        -12.7709
             Current temperature:  0.0478
 --------------------------------------------------
 thermalise> Completed equilibration step     1900
             Total energy:             -1.5587
             Kinetic energy:           11.3266
             Potential energy:        -12.8853
             Current temperature:  0.0532
 --------------------------------------------------
 thermalise> Completed equilibration step     1950
             Total energy:             -1.9644
             Kinetic energy:           12.1397
             Potential energy:        -14.1041
             Current temperature:  0.0570
 --------------------------------------------------
 thermalise> Completed equilibration step     2000
             Total energy:             -2.3585
             Kinetic energy:           11.1185
             Potential energy:        -13.4771
             Current temperature:  0.0522
 --------------------------------------------------
 thermalise> Thermalisation step        4 with T=  0.077
 thermalise_rescale> Target T:    0.077, current T:   0.052, scaling:    1.215
 thermalise> Completed equilibration step       50
             Total energy:              2.9150
             Kinetic energy:           14.4922
             Potential energy:        -11.5771
             Current temperature:  0.0680
 --------------------------------------------------
 thermalise> Completed equilibration step      100
             Total energy:              2.1118
             Kinetic energy:           11.9386
             Potential energy:         -9.8268
             Current temperature:  0.0560
 --------------------------------------------------
 thermalise> Completed equilibration step      150
             Total energy:              2.8998
             Kinetic energy:           13.8205
             Potential energy:        -10.9208
             Current temperature:  0.0649
 --------------------------------------------------
 thermalise> Completed equilibration step      200
             Total energy:              3.2264
             Kinetic energy:           14.5644
             Potential energy:        -11.3380
             Current temperature:  0.0684
 --------------------------------------------------
 thermalise> Completed equilibration step      250
             Total energy:              3.3552
             Kinetic energy:           14.2647
             Potential energy:        -10.9094
             Current temperature:  0.0670
 --------------------------------------------------
 thermalise> Completed equilibration step      300
             Total energy:              3.6367
             Kinetic energy:           13.8823
             Potential energy:        -10.2455
             Current temperature:  0.0652
 --------------------------------------------------
 thermalise> Completed equilibration step      350
             Total energy:              4.0974
             Kinetic energy:           14.0928
             Potential energy:         -9.9953
             Current temperature:  0.0662
 --------------------------------------------------
 thermalise> Completed equilibration step      400
             Total energy:              3.3636
             Kinetic energy:           13.6258
             Potential energy:        -10.2623
             Current temperature:  0.0640
 --------------------------------------------------
 thermalise> Completed equilibration step      450
             Total energy:              3.8470
             Kinetic energy:           14.9744
             Potential energy:        -11.1274
             Current temperature:  0.0703
 --------------------------------------------------
 thermalise> Completed equilibration step      500
             Total energy:              4.0375
             Kinetic energy:           14.4811
             Potential energy:        -10.4437
             Current temperature:  0.0680
 --------------------------------------------------
 thermalise> Completed equilibration step      550
             Total energy:              4.2188
             Kinetic energy:           13.6155
             Potential energy:         -9.3967
             Current temperature:  0.0639
 --------------------------------------------------
 thermalise> Completed equilibration step      600
             Total energy:              4.5179
             Kinetic energy:           13.1236
             Potential energy:         -8.6058
             Current temperature:  0.0616
 --------------------------------------------------
 thermalise> Completed equilibration step      650
             Total energy:              4.4469
             Kinetic energy:           14.1252
             Potential energy:         -9.6783
             Current temperature:  0.0663
 --------------------------------------------------
 thermalise> Completed equilibration step      700
             Total energy:              4.9198
             Kinetic energy:           13.3352
             Potential energy:         -8.4154
             Current temperature:  0.0626
 --------------------------------------------------
 thermalise> Completed equilibration step      750
             Total energy:              5.2098
             Kinetic energy:           13.7783
             Potential energy:         -8.5686
             Current temperature:  0.0647
 --------------------------------------------------
 thermalise> Completed equilibration step      800
             Total energy:              6.0013
             Kinetic energy:           14.5208
             Potential energy:         -8.5194
             Current temperature:  0.0682
 --------------------------------------------------
 thermalise> Completed equilibration step      850
             Total energy:              6.3172
             Kinetic energy:           15.7061
             Potential energy:         -9.3889
             Current temperature:  0.0737
 --------------------------------------------------
 thermalise> Completed equilibration step      900
             Total energy:              7.0618
             Kinetic energy:           14.6216
             Potential energy:         -7.5598
             Current temperature:  0.0686
 --------------------------------------------------
 thermalise> Completed equilibration step      950
             Total energy:              6.8025
             Kinetic energy:           16.2328
             Potential energy:         -9.4303
             Current temperature:  0.0762
 --------------------------------------------------
 thermalise> Completed equilibration step     1000
             Total energy:              7.4411
             Kinetic energy:           16.3523
             Potential energy:         -8.9111
             Current temperature:  0.0768
 --------------------------------------------------
 thermalise> Completed equilibration step     1050
             Total energy:              7.2784
             Kinetic energy:           15.7534
             Potential energy:         -8.4750
             Current temperature:  0.0740
 --------------------------------------------------
 thermalise> Completed equilibration step     1100
             Total energy:              7.1225
             Kinetic energy:           16.3597
             Potential energy:         -9.2372
             Current temperature:  0.0768
 --------------------------------------------------
 thermalise> Completed equilibration step     1150
             Total energy:              7.5947
             Kinetic energy:           15.6751
             Potential energy:         -8.0805
             Current temperature:  0.0736
 --------------------------------------------------
 thermalise> Completed equilibration step     1200
             Total energy:              8.1602
             Kinetic energy:           16.4110
             Potential energy:         -8.2508
             Current temperature:  0.0770
 --------------------------------------------------
 thermalise> Completed equilibration step     1250
             Total energy:              8.7227
             Kinetic energy:           15.2956
             Potential energy:         -6.5729
             Current temperature:  0.0718
 --------------------------------------------------
 thermalise> Completed equilibration step     1300
             Total energy:              8.8857
             Kinetic energy:           14.8724
             Potential energy:         -5.9866
             Current temperature:  0.0698
 --------------------------------------------------
 thermalise> Completed equilibration step     1350
             Total energy:              9.6603
             Kinetic energy:           16.8994
             Potential energy:         -7.2391
             Current temperature:  0.0793
 --------------------------------------------------
 thermalise> Completed equilibration step     1400
             Total energy:              9.5715
             Kinetic energy:           16.8164
             Potential energy:         -7.2449
             Current temperature:  0.0790
 --------------------------------------------------
 thermalise> Completed equilibration step     1450
             Total energy:              8.5075
             Kinetic energy:           16.4559
             Potential energy:         -7.9484
             Current temperature:  0.0773
 --------------------------------------------------
 thermalise> Completed equilibration step     1500
             Total energy:              7.9525
             Kinetic energy:           16.9862
             Potential energy:         -9.0337
             Current temperature:  0.0797
 --------------------------------------------------
 thermalise> Completed equilibration step     1550
             Total energy:              7.5469
             Kinetic energy:           15.1890
             Potential energy:         -7.6420
             Current temperature:  0.0713
 --------------------------------------------------
 thermalise> Completed equilibration step     1600
             Total energy:              8.4180
             Kinetic energy:           16.5074
             Potential energy:         -8.0893
             Current temperature:  0.0775
 --------------------------------------------------
 thermalise> Completed equilibration step     1650
             Total energy:              8.6934
             Kinetic energy:           16.6116
             Potential energy:         -7.9182
             Current temperature:  0.0780
 --------------------------------------------------
 thermalise> Completed equilibration step     1700
             Total energy:              9.2556
             Kinetic energy:           16.9668
             Potential energy:         -7.7112
             Current temperature:  0.0797
 --------------------------------------------------
 thermalise> Completed equilibration step     1750
             Total energy:              9.7339
             Kinetic energy:           17.5233
             Potential energy:         -7.7893
             Current temperature:  0.0823
 --------------------------------------------------
 thermalise> Completed equilibration step     1800
             Total energy:             10.0463
             Kinetic energy:           17.7350
             Potential energy:         -7.6887
             Current temperature:  0.0833
 --------------------------------------------------
 thermalise> Completed equilibration step     1850
             Total energy:             10.5325
             Kinetic energy:           15.3695
             Potential energy:         -4.8370
             Current temperature:  0.0722
 --------------------------------------------------
 thermalise> Completed equilibration step     1900
             Total energy:             10.3453
             Kinetic energy:           16.9038
             Potential energy:         -6.5586
             Current temperature:  0.0794
 --------------------------------------------------
 thermalise> Completed equilibration step     1950
             Total energy:              9.6392
             Kinetic energy:           17.3394
             Potential energy:         -7.7002
             Current temperature:  0.0814
 --------------------------------------------------
 thermalise> Completed equilibration step     2000
             Total energy:              8.5252
             Kinetic energy:           14.7193
             Potential energy:         -6.1941
             Current temperature:  0.0691
 --------------------------------------------------
 thermalise> Thermalisation step        5 with T=  0.103
 thermalise_rescale> Target T:    0.103, current T:   0.069, scaling:    1.219
 thermalise> Completed equilibration step       50
             Total energy:             15.3534
             Kinetic energy:           19.9216
             Potential energy:         -4.5682
             Current temperature:  0.0935
 --------------------------------------------------
 thermalise> Completed equilibration step      100
             Total energy:             15.7623
             Kinetic energy:           20.1364
             Potential energy:         -4.3741
             Current temperature:  0.0945
 --------------------------------------------------
 thermalise> Completed equilibration step      150
             Total energy:             15.5152
             Kinetic energy:           19.6334
             Potential energy:         -4.1182
             Current temperature:  0.0922
 --------------------------------------------------
 thermalise> Completed equilibration step      200
             Total energy:             15.4708
             Kinetic energy:           19.9843
             Potential energy:         -4.5135
             Current temperature:  0.0938
 --------------------------------------------------
 thermalise> Completed equilibration step      250
             Total energy:             17.0999
             Kinetic energy:           20.8569
             Potential energy:         -3.7570
             Current temperature:  0.0979
 --------------------------------------------------
 thermalise> Completed equilibration step      300
             Total energy:             16.8181
             Kinetic energy:           19.6592
             Potential energy:         -2.8411
             Current temperature:  0.0923
 --------------------------------------------------
 thermalise> Completed equilibration step      350
             Total energy:             16.3197
             Kinetic energy:           19.8048
             Potential energy:         -3.4850
             Current temperature:  0.0930
 --------------------------------------------------
 thermalise> Completed equilibration step      400
             Total energy:             16.2015
             Kinetic energy:           18.6190
             Potential energy:         -2.4176
             Current temperature:  0.0874
 --------------------------------------------------
 thermalise> Completed equilibration step      450
             Total energy:             16.4402
             Kinetic energy:           21.7667
             Potential energy:         -5.3265
             Current temperature:  0.1022
 --------------------------------------------------
 thermalise> Completed equilibration step      500
             Total energy:             16.8552
             Kinetic energy:           19.0086
             Potential energy:         -2.1534
             Current temperature:  0.0892
 --------------------------------------------------
 thermalise> Completed equilibration step      550
             Total energy:             16.9793
             Kinetic energy:           19.9683
             Potential energy:         -2.9890
             Current temperature:  0.0937
 --------------------------------------------------
 thermalise> Completed equilibration step      600
             Total energy:             16.3785
             Kinetic energy:           20.5295
             Potential energy:         -4.1510
             Current temperature:  0.0964
 --------------------------------------------------
 thermalise> Completed equilibration step      650
             Total energy:             17.2097
             Kinetic energy:           21.4532
             Potential energy:         -4.2435
             Current temperature:  0.1007
 --------------------------------------------------
 thermalise> Completed equilibration step      700
             Total energy:             17.9842
             Kinetic energy:           24.0200
             Potential energy:         -6.0358
             Current temperature:  0.1128
 --------------------------------------------------
 thermalise> Completed equilibration step      750
             Total energy:             17.6444
             Kinetic energy:           20.5475
             Potential energy:         -2.9031
             Current temperature:  0.0965
 --------------------------------------------------
 thermalise> Completed equilibration step      800
             Total energy:             17.8848
             Kinetic energy:           21.0546
             Potential energy:         -3.1699
             Current temperature:  0.0988
 --------------------------------------------------
 thermalise> Completed equilibration step      850
             Total energy:             17.4963
             Kinetic energy:           20.9866
             Potential energy:         -3.4903
             Current temperature:  0.0985
 --------------------------------------------------
 thermalise> Completed equilibration step      900
             Total energy:             17.2375
             Kinetic energy:           21.0484
             Potential energy:         -3.8109
             Current temperature:  0.0988
 --------------------------------------------------
 thermalise> Completed equilibration step      950
             Total energy:             16.9558
             Kinetic energy:           20.5649
             Potential energy:         -3.6091
             Current temperature:  0.0965
 --------------------------------------------------
 thermalise> Completed equilibration step     1000
             Total energy:             16.0739
             Kinetic energy:           19.7362
             Potential energy:         -3.6623
             Current temperature:  0.0927
 --------------------------------------------------
 thermalise> Completed equilibration step     1050
             Total energy:             16.4225
             Kinetic energy:           19.7882
             Potential energy:         -3.3657
             Current temperature:  0.0929
 --------------------------------------------------
 thermalise> Completed equilibration step     1100
             Total energy:             16.8076
             Kinetic energy:           20.6785
             Potential energy:         -3.8709
             Current temperature:  0.0971
 --------------------------------------------------
 thermalise> Completed equilibration step     1150
             Total energy:             17.6493
             Kinetic energy:           21.4355
             Potential energy:         -3.7862
             Current temperature:  0.1006
 --------------------------------------------------
 thermalise> Completed equilibration step     1200
             Total energy:             17.2916
             Kinetic energy:           19.3796
             Potential energy:         -2.0880
             Current temperature:  0.0910
 --------------------------------------------------
 thermalise> Completed equilibration step     1250
             Total energy:             17.4414
             Kinetic energy:           21.3709
             Potential energy:         -3.9295
             Current temperature:  0.1003
 --------------------------------------------------
 thermalise> Completed equilibration step     1300
             Total energy:             16.9951
             Kinetic energy:           22.8818
             Potential energy:         -5.8867
             Current temperature:  0.1074
 --------------------------------------------------
 thermalise> Completed equilibration step     1350
             Total energy:             17.2000
             Kinetic energy:           20.3229
             Potential energy:         -3.1230
             Current temperature:  0.0954
 --------------------------------------------------
 thermalise> Completed equilibration step     1400
             Total energy:             18.7201
             Kinetic energy:           21.7889
             Potential energy:         -3.0688
             Current temperature:  0.1023
 --------------------------------------------------
 thermalise> Completed equilibration step     1450
             Total energy:             18.6346
             Kinetic energy:           19.9320
             Potential energy:         -1.2975
             Current temperature:  0.0936
 --------------------------------------------------
 thermalise> Completed equilibration step     1500
             Total energy:             18.6840
             Kinetic energy:           21.5554
             Potential energy:         -2.8714
             Current temperature:  0.1012
 --------------------------------------------------
 thermalise> Completed equilibration step     1550
             Total energy:             17.8816
             Kinetic energy:           20.5752
             Potential energy:         -2.6936
             Current temperature:  0.0966
 --------------------------------------------------
 thermalise> Completed equilibration step     1600
             Total energy:             17.6412
             Kinetic energy:           19.3069
             Potential energy:         -1.6656
             Current temperature:  0.0906
 --------------------------------------------------
 thermalise> Completed equilibration step     1650
             Total energy:             17.1350
             Kinetic energy:           20.9560
             Potential energy:         -3.8210
             Current temperature:  0.0984
 --------------------------------------------------
 thermalise> Completed equilibration step     1700
             Total energy:             16.8439
             Kinetic energy:           19.7745
             Potential energy:         -2.9306
             Current temperature:  0.0928
 --------------------------------------------------
 thermalise> Completed equilibration step     1750
             Total energy:             17.8694
             Kinetic energy:           22.4485
             Potential energy:         -4.5791
             Current temperature:  0.1054
 --------------------------------------------------
 thermalise> Completed equilibration step     1800
             Total energy:             17.9704
             Kinetic energy:           21.8388
             Potential energy:         -3.8684
             Current temperature:  0.1025
 --------------------------------------------------
 thermalise> Completed equilibration step     1850
             Total energy:             18.0920
             Kinetic energy:           21.9945
             Potential energy:         -3.9025
             Current temperature:  0.1033
 --------------------------------------------------
 thermalise> Completed equilibration step     1900
             Total energy:             17.6991
             Kinetic energy:           20.5304
             Potential energy:         -2.8313
             Current temperature:  0.0964
 --------------------------------------------------
 thermalise> Completed equilibration step     1950
             Total energy:             17.6004
             Kinetic energy:           21.8335
             Potential energy:         -4.2331
             Current temperature:  0.1025
 --------------------------------------------------
 thermalise> Completed equilibration step     2000
             Total energy:             18.1745
             Kinetic energy:           20.8764
             Potential energy:         -2.7019
             Current temperature:  0.0980
 --------------------------------------------------
 thermalise> Thermalisation step        6 with T=  0.128
 thermalise_rescale> Target T:    0.128, current T:   0.098, scaling:    1.144
 thermalise> Completed equilibration step       50
             Total energy:             25.6762
             Kinetic energy:           27.3205
             Potential energy:         -1.6443
             Current temperature:  0.1283
 --------------------------------------------------
 thermalise> Completed equilibration step      100
             Total energy:             25.9915
             Kinetic energy:           26.6827
             Potential energy:         -0.6912
             Current temperature:  0.1253
 --------------------------------------------------
 thermalise> Completed equilibration step      150
             Total energy:             25.3739
             Kinetic energy:           27.9057
             Potential energy:         -2.5318
             Current temperature:  0.1310
 --------------------------------------------------
 thermalise> Completed equilibration step      200
             Total energy:             25.8091
             Kinetic energy:           25.6849
             Potential energy:          0.1242
             Current temperature:  0.1206
 --------------------------------------------------
 thermalise> Completed equilibration step      250
             Total energy:             26.1966
             Kinetic energy:           28.0769
             Potential energy:         -1.8803
             Current temperature:  0.1318
 --------------------------------------------------
 thermalise> Completed equilibration step      300
             Total energy:             25.7075
             Kinetic energy:           25.4689
             Potential energy:          0.2386
             Current temperature:  0.1196
 --------------------------------------------------
 thermalise> Completed equilibration step      350
             Total energy:             26.6444
             Kinetic energy:           25.3372
             Potential energy:          1.3072
             Current temperature:  0.1190
 --------------------------------------------------
 thermalise> Completed equilibration step      400
             Total energy:             26.0423
             Kinetic energy:           25.3159
             Potential energy:          0.7263
             Current temperature:  0.1189
 --------------------------------------------------
 thermalise> Completed equilibration step      450
             Total energy:             26.4613
             Kinetic energy:           27.6194
             Potential energy:         -1.1581
             Current temperature:  0.1297
 --------------------------------------------------
 thermalise> Completed equilibration step      500
             Total energy:             26.0917
             Kinetic energy:           24.5241
             Potential energy:          1.5676
             Current temperature:  0.1151
 --------------------------------------------------
 thermalise> Completed equilibration step      550
             Total energy:             27.7903
             Kinetic energy:           26.1856
             Potential energy:          1.6047
             Current temperature:  0.1229
 --------------------------------------------------
 thermalise> Completed equilibration step      600
             Total energy:             26.8715
             Kinetic energy:           25.5561
             Potential energy:          1.3154
             Current temperature:  0.1200
 --------------------------------------------------
 thermalise> Completed equilibration step      650
             Total energy:             27.5599
             Kinetic energy:           27.5478
             Potential energy:          0.0121
             Current temperature:  0.1293
 --------------------------------------------------
 thermalise> Completed equilibration step      700
             Total energy:             28.5400
             Kinetic energy:           25.9136
             Potential energy:          2.6264
             Current temperature:  0.1217
 --------------------------------------------------
 thermalise> Completed equilibration step      750
             Total energy:             27.4988
             Kinetic energy:           26.0988
             Potential energy:          1.4000
             Current temperature:  0.1225
 --------------------------------------------------
 thermalise> Completed equilibration step      800
             Total energy:             26.5330
             Kinetic energy:           22.9691
             Potential energy:          3.5638
             Current temperature:  0.1078
 --------------------------------------------------
 thermalise> Completed equilibration step      850
             Total energy:             25.6309
             Kinetic energy:           25.4383
             Potential energy:          0.1926
             Current temperature:  0.1194
 --------------------------------------------------
 thermalise> Completed equilibration step      900
             Total energy:             24.7723
             Kinetic energy:           25.9225
             Potential energy:         -1.1502
             Current temperature:  0.1217
 --------------------------------------------------
 thermalise> Completed equilibration step      950
             Total energy:             25.1901
             Kinetic energy:           23.8384
             Potential energy:          1.3517
             Current temperature:  0.1119
 --------------------------------------------------
 thermalise> Completed equilibration step     1000
             Total energy:             26.3316
             Kinetic energy:           28.0667
             Potential energy:         -1.7351
             Current temperature:  0.1318
 --------------------------------------------------
 thermalise> Completed equilibration step     1050
             Total energy:             25.2166
             Kinetic energy:           24.5167
             Potential energy:          0.6999
             Current temperature:  0.1151
 --------------------------------------------------
 thermalise> Completed equilibration step     1100
             Total energy:             25.1082
             Kinetic energy:           22.8890
             Potential energy:          2.2192
             Current temperature:  0.1075
 --------------------------------------------------
 thermalise> Completed equilibration step     1150
             Total energy:             24.8816
             Kinetic energy:           23.1649
             Potential energy:          1.7167
             Current temperature:  0.1088
 --------------------------------------------------
 thermalise> Completed equilibration step     1200
             Total energy:             24.5413
             Kinetic energy:           23.7161
             Potential energy:          0.8251
             Current temperature:  0.1113
 --------------------------------------------------
 thermalise> Completed equilibration step     1250
             Total energy:             24.1301
             Kinetic energy:           21.6617
             Potential energy:          2.4685
             Current temperature:  0.1017
 --------------------------------------------------
 thermalise> Completed equilibration step     1300
             Total energy:             23.1749
             Kinetic energy:           23.6956
             Potential energy:         -0.5206
             Current temperature:  0.1112
 --------------------------------------------------
 thermalise> Completed equilibration step     1350
             Total energy:             24.0099
             Kinetic energy:           25.5252
             Potential energy:         -1.5153
             Current temperature:  0.1198
 --------------------------------------------------
 thermalise> Completed equilibration step     1400
             Total energy:             22.9009
             Kinetic energy:           22.8354
             Potential energy:          0.0656
             Current temperature:  0.1072
 --------------------------------------------------
 thermalise> Completed equilibration step     1450
             Total energy:             22.5948
             Kinetic energy:           22.0120
             Potential energy:          0.5828
             Current temperature:  0.1033
 --------------------------------------------------
 thermalise> Completed equilibration step     1500
             Total energy:             23.6754
             Kinetic energy:           23.9017
             Potential energy:         -0.2263
             Current temperature:  0.1122
 --------------------------------------------------
 thermalise> Completed equilibration step     1550
             Total energy:             23.9146
             Kinetic energy:           24.5504
             Potential energy:         -0.6358
             Current temperature:  0.1153
 --------------------------------------------------
 thermalise> Completed equilibration step     1600
             Total energy:             24.3291
             Kinetic energy:           25.5811
             Potential energy:         -1.2520
             Current temperature:  0.1201
 --------------------------------------------------
 thermalise> Completed equilibration step     1650
             Total energy:             25.3870
             Kinetic energy:           24.6833
             Potential energy:          0.7037
             Current temperature:  0.1159
 --------------------------------------------------
 thermalise> Completed equilibration step     1700
             Total energy:             26.0792
             Kinetic energy:           27.3068
             Potential energy:         -1.2276
             Current temperature:  0.1282
 --------------------------------------------------
 thermalise> Completed equilibration step     1750
             Total energy:             26.7237
             Kinetic energy:           26.0728
             Potential energy:          0.6509
             Current temperature:  0.1224
 --------------------------------------------------
 thermalise> Completed equilibration step     1800
             Total energy:             26.4051
             Kinetic energy:           26.5088
             Potential energy:         -0.1036
             Current temperature:  0.1245
 --------------------------------------------------
 thermalise> Completed equilibration step     1850
             Total energy:             26.7594
             Kinetic energy:           24.5623
             Potential energy:          2.1971
             Current temperature:  0.1153
 --------------------------------------------------
 thermalise> Completed equilibration step     1900
             Total energy:             26.7306
             Kinetic energy:           25.8061
             Potential energy:          0.9246
             Current temperature:  0.1212
 --------------------------------------------------
 thermalise> Completed equilibration step     1950
             Total energy:             25.9713
             Kinetic energy:           25.5370
             Potential energy:          0.4343
             Current temperature:  0.1199
 --------------------------------------------------
 thermalise> Completed equilibration step     2000
             Total energy:             26.4897
             Kinetic energy:           23.7682
             Potential energy:          2.7215
             Current temperature:  0.1116
 --------------------------------------------------
 thermalise> Thermalisation step        7 with T=  0.154
 thermalise_rescale> Target T:    0.154, current T:   0.112, scaling:    1.175
 thermalise> Completed equilibration step       50
             Total energy:             35.9454
             Kinetic energy:           30.4624
             Potential energy:          5.4831
             Current temperature:  0.1430
 --------------------------------------------------
 thermalise> Completed equilibration step      100
             Total energy:             36.6194
             Kinetic energy:           31.9645
             Potential energy:          4.6549
             Current temperature:  0.1501
 --------------------------------------------------
 thermalise> Completed equilibration step      150
             Total energy:             36.2046
             Kinetic energy:           30.8858
             Potential energy:          5.3189
             Current temperature:  0.1450
 --------------------------------------------------
 thermalise> Completed equilibration step      200
             Total energy:             36.1572
             Kinetic energy:           29.8755
             Potential energy:          6.2817
             Current temperature:  0.1403
 --------------------------------------------------
 thermalise> Completed equilibration step      250
             Total energy:             35.4152
             Kinetic energy:           27.7750
             Potential energy:          7.6403
             Current temperature:  0.1304
 --------------------------------------------------
 thermalise> Completed equilibration step      300
             Total energy:             37.4583
             Kinetic energy:           30.3518
             Potential energy:          7.1065
             Current temperature:  0.1425
 --------------------------------------------------
 thermalise> Completed equilibration step      350
             Total energy:             36.4911
             Kinetic energy:           31.3945
             Potential energy:          5.0966
             Current temperature:  0.1474
 --------------------------------------------------
 thermalise> Completed equilibration step      400
             Total energy:             36.4496
             Kinetic energy:           28.4476
             Potential energy:          8.0020
             Current temperature:  0.1336
 --------------------------------------------------
 thermalise> Completed equilibration step      450
             Total energy:             37.7056
             Kinetic energy:           30.9668
             Potential energy:          6.7389
             Current temperature:  0.1454
 --------------------------------------------------
 thermalise> Completed equilibration step      500
             Total energy:             39.2010
             Kinetic energy:           32.2507
             Potential energy:          6.9504
             Current temperature:  0.1514
 --------------------------------------------------
 thermalise> Completed equilibration step      550
             Total energy:             39.1574
             Kinetic energy:           31.0884
             Potential energy:          8.0690
             Current temperature:  0.1460
 --------------------------------------------------
 thermalise> Completed equilibration step      600
             Total energy:             39.1233
             Kinetic energy:           32.7670
             Potential energy:          6.3563
             Current temperature:  0.1538
 --------------------------------------------------
 thermalise> Completed equilibration step      650
             Total energy:             39.3723
             Kinetic energy:           33.8737
             Potential energy:          5.4986
             Current temperature:  0.1590
 --------------------------------------------------
 thermalise> Completed equilibration step      700
             Total energy:             39.6262
             Kinetic energy:           31.5456
             Potential energy:          8.0806
             Current temperature:  0.1481
 --------------------------------------------------
 thermalise> Completed equilibration step      750
             Total energy:             40.7615
             Kinetic energy:           32.2983
             Potential energy:          8.4632
             Current temperature:  0.1516
 --------------------------------------------------
 thermalise> Completed equilibration step      800
             Total energy:             42.7625
             Kinetic energy:           33.3680
             Potential energy:          9.3945
             Current temperature:  0.1567
 --------------------------------------------------
 thermalise> Completed equilibration step      850
             Total energy:             43.1084
             Kinetic energy:           31.8337
             Potential energy:         11.2747
             Current temperature:  0.1495
 --------------------------------------------------
 thermalise> Completed equilibration step      900
             Total energy:             42.0650
             Kinetic energy:           31.3726
             Potential energy:         10.6924
             Current temperature:  0.1473
 --------------------------------------------------
 thermalise> Completed equilibration step      950
             Total energy:             42.1583
             Kinetic energy:           34.1511
             Potential energy:          8.0073
             Current temperature:  0.1603
 --------------------------------------------------
 thermalise> Completed equilibration step     1000
             Total energy:             41.5533
             Kinetic energy:           31.6407
             Potential energy:          9.9125
             Current temperature:  0.1485
 --------------------------------------------------
 thermalise> Completed equilibration step     1050
             Total energy:             42.3135
             Kinetic energy:           32.2320
             Potential energy:         10.0815
             Current temperature:  0.1513
 --------------------------------------------------
 thermalise> Completed equilibration step     1100
             Total energy:             42.5546
             Kinetic energy:           31.5386
             Potential energy:         11.0160
             Current temperature:  0.1481
 --------------------------------------------------
 thermalise> Completed equilibration step     1150
             Total energy:             44.2037
             Kinetic energy:           35.6606
             Potential energy:          8.5430
             Current temperature:  0.1674
 --------------------------------------------------
 thermalise> Completed equilibration step     1200
             Total energy:             44.9119
             Kinetic energy:           34.2158
             Potential energy:         10.6961
             Current temperature:  0.1606
 --------------------------------------------------
 thermalise> Completed equilibration step     1250
             Total energy:             44.7230
             Kinetic energy:           33.9259
             Potential energy:         10.7971
             Current temperature:  0.1593
 --------------------------------------------------
 thermalise> Completed equilibration step     1300
             Total energy:             45.2564
             Kinetic energy:           39.2752
             Potential energy:          5.9812
             Current temperature:  0.1844
 --------------------------------------------------
 thermalise> Completed equilibration step     1350
             Total energy:             44.2453
             Kinetic energy:           30.1382
             Potential energy:         14.1071
             Current temperature:  0.1415
 --------------------------------------------------
 thermalise> Completed equilibration step     1400
             Total energy:             44.9264
             Kinetic energy:           33.5874
             Potential energy:         11.3391
             Current temperature:  0.1577
 --------------------------------------------------
 thermalise> Completed equilibration step     1450
             Total energy:             46.6320
             Kinetic energy:           34.0339
             Potential energy:         12.5981
             Current temperature:  0.1598
 --------------------------------------------------
 thermalise> Completed equilibration step     1500
             Total energy:             46.4351
             Kinetic energy:           35.3069
             Potential energy:         11.1282
             Current temperature:  0.1658
 --------------------------------------------------
 thermalise> Completed equilibration step     1550
             Total energy:             46.5286
             Kinetic energy:           34.2924
             Potential energy:         12.2362
             Current temperature:  0.1610
 --------------------------------------------------
 thermalise> Completed equilibration step     1600
             Total energy:             46.2515
             Kinetic energy:           34.5291
             Potential energy:         11.7225
             Current temperature:  0.1621
 --------------------------------------------------
 thermalise> Completed equilibration step     1650
             Total energy:             47.1467
             Kinetic energy:           37.0839
             Potential energy:         10.0628
             Current temperature:  0.1741
 --------------------------------------------------
 thermalise> Completed equilibration step     1700
             Total energy:             49.0197
             Kinetic energy:           34.8655
             Potential energy:         14.1542
             Current temperature:  0.1637
 --------------------------------------------------
 thermalise> Completed equilibration step     1750
             Total energy:             49.2026
             Kinetic energy:           39.1149
             Potential energy:         10.0877
             Current temperature:  0.1836
 --------------------------------------------------
 thermalise> Completed equilibration step     1800
             Total energy:             49.2448
             Kinetic energy:           35.2944
             Potential energy:         13.9504
             Current temperature:  0.1657
 --------------------------------------------------
 thermalise> Completed equilibration step     1850
             Total energy:             46.6074
             Kinetic energy:           33.4335
             Potential energy:         13.1739
             Current temperature:  0.1570
 --------------------------------------------------
 thermalise> Completed equilibration step     1900
             Total energy:             44.7907
             Kinetic energy:           35.2693
             Potential energy:          9.5214
             Current temperature:  0.1656
 --------------------------------------------------
 thermalise> Completed equilibration step     1950
             Total energy:             45.1858
             Kinetic energy:           38.5571
             Potential energy:          6.6287
             Current temperature:  0.1810
 --------------------------------------------------
 thermalise> Completed equilibration step     2000
             Total energy:             44.7481
             Kinetic energy:           32.8500
             Potential energy:         11.8981
             Current temperature:  0.1542
 --------------------------------------------------
 thermalise> Thermalisation step        8 with T=  0.180
 thermalise_rescale> Target T:    0.180, current T:   0.154, scaling:    1.079
 thermalise> Completed equilibration step       50
             Total energy:             50.1038
             Kinetic energy:           40.4029
             Potential energy:          9.7009
             Current temperature:  0.1897
 --------------------------------------------------
 thermalise> Completed equilibration step      100
             Total energy:             48.2413
             Kinetic energy:           34.5600
             Potential energy:         13.6813
             Current temperature:  0.1623
 --------------------------------------------------
 thermalise> Completed equilibration step      150
             Total energy:             46.0046
             Kinetic energy:           34.3415
             Potential energy:         11.6631
             Current temperature:  0.1612
 --------------------------------------------------
 thermalise> Completed equilibration step      200
             Total energy:             47.6842
             Kinetic energy:           36.4746
             Potential energy:         11.2096
             Current temperature:  0.1712
 --------------------------------------------------
 thermalise> Completed equilibration step      250
             Total energy:             48.0104
             Kinetic energy:           36.0577
             Potential energy:         11.9527
             Current temperature:  0.1693
 --------------------------------------------------
 thermalise> Completed equilibration step      300
             Total energy:             48.5288
             Kinetic energy:           37.0790
             Potential energy:         11.4498
             Current temperature:  0.1741
 --------------------------------------------------
 thermalise> Completed equilibration step      350
             Total energy:             50.0333
             Kinetic energy:           37.9855
             Potential energy:         12.0478
             Current temperature:  0.1783
 --------------------------------------------------
 thermalise> Completed equilibration step      400
             Total energy:             50.0349
             Kinetic energy:           36.5993
             Potential energy:         13.4356
             Current temperature:  0.1718
 --------------------------------------------------
 thermalise> Completed equilibration step      450
             Total energy:             49.6463
             Kinetic energy:           35.9588
             Potential energy:         13.6875
             Current temperature:  0.1688
 --------------------------------------------------
 thermalise> Completed equilibration step      500
             Total energy:             49.0560
             Kinetic energy:           35.9950
             Potential energy:         13.0610
             Current temperature:  0.1690
 --------------------------------------------------
 thermalise> Completed equilibration step      550
             Total energy:             50.0151
             Kinetic energy:           39.3372
             Potential energy:         10.6779
             Current temperature:  0.1847
 --------------------------------------------------
 thermalise> Completed equilibration step      600
             Total energy:             50.4429
             Kinetic energy:           38.6577
             Potential energy:         11.7851
             Current temperature:  0.1815
 --------------------------------------------------
 thermalise> Completed equilibration step      650
             Total energy:             48.8750
             Kinetic energy:           37.4293
             Potential energy:         11.4457
             Current temperature:  0.1757
 --------------------------------------------------
 thermalise> Completed equilibration step      700
             Total energy:             48.9034
             Kinetic energy:           37.6732
             Potential energy:         11.2302
             Current temperature:  0.1769
 --------------------------------------------------
 thermalise> Completed equilibration step      750
             Total energy:             50.6211
             Kinetic energy:           38.3782
             Potential energy:         12.2430
             Current temperature:  0.1802
 --------------------------------------------------
 thermalise> Completed equilibration step      800
             Total energy:             49.4766
             Kinetic energy:           35.6805
             Potential energy:         13.7961
             Current temperature:  0.1675
 --------------------------------------------------
 thermalise> Completed equilibration step      850
             Total energy:             50.3786
             Kinetic energy:           37.5014
             Potential energy:         12.8772
             Current temperature:  0.1761
 --------------------------------------------------
 thermalise> Completed equilibration step      900
             Total energy:             51.9555
             Kinetic energy:           35.5592
             Potential energy:         16.3963
             Current temperature:  0.1669
 --------------------------------------------------
 thermalise> Completed equilibration step      950
             Total energy:             50.8712
             Kinetic energy:           38.4516
             Potential energy:         12.4196
             Current temperature:  0.1805
 --------------------------------------------------
 thermalise> Completed equilibration step     1000
             Total energy:             50.7193
             Kinetic energy:           37.3013
             Potential energy:         13.4180
             Current temperature:  0.1751
 --------------------------------------------------
 thermalise> Completed equilibration step     1050
             Total energy:             51.9248
             Kinetic energy:           38.9010
             Potential energy:         13.0237
             Current temperature:  0.1826
 --------------------------------------------------
 thermalise> Completed equilibration step     1100
             Total energy:             51.7625
             Kinetic energy:           37.0041
             Potential energy:         14.7584
             Current temperature:  0.1737
 --------------------------------------------------
 thermalise> Completed equilibration step     1150
             Total energy:             50.4722
             Kinetic energy:           40.5021
             Potential energy:          9.9701
             Current temperature:  0.1902
 --------------------------------------------------
 thermalise> Completed equilibration step     1200
             Total energy:             50.6237
             Kinetic energy:           35.1615
             Potential energy:         15.4622
             Current temperature:  0.1651
 --------------------------------------------------
 thermalise> Completed equilibration step     1250
             Total energy:             51.0273
             Kinetic energy:           38.2374
             Potential energy:         12.7900
             Current temperature:  0.1795
 --------------------------------------------------
 thermalise> Completed equilibration step     1300
             Total energy:             50.5334
             Kinetic energy:           36.6178
             Potential energy:         13.9156
             Current temperature:  0.1719
 --------------------------------------------------
 thermalise> Completed equilibration step     1350
             Total energy:             50.2114
             Kinetic energy:           39.2678
             Potential energy:         10.9436
             Current temperature:  0.1844
 --------------------------------------------------
 thermalise> Completed equilibration step     1400
             Total energy:             48.9439
             Kinetic energy:           36.5659
             Potential energy:         12.3780
             Current temperature:  0.1717
 --------------------------------------------------
 thermalise> Completed equilibration step     1450
             Total energy:             46.6749
             Kinetic energy:           34.6671
             Potential energy:         12.0078
             Current temperature:  0.1628
 --------------------------------------------------
 thermalise> Completed equilibration step     1500
             Total energy:             47.2987
             Kinetic energy:           35.0800
             Potential energy:         12.2187
             Current temperature:  0.1647
 --------------------------------------------------
 thermalise> Completed equilibration step     1550
             Total energy:             45.4199
             Kinetic energy:           31.7691
             Potential energy:         13.6508
             Current temperature:  0.1492
 --------------------------------------------------
 thermalise> Completed equilibration step     1600
             Total energy:             46.7155
             Kinetic energy:           34.0763
             Potential energy:         12.6392
             Current temperature:  0.1600
 --------------------------------------------------
 thermalise> Completed equilibration step     1650
             Total energy:             44.1763
             Kinetic energy:           33.0740
             Potential energy:         11.1023
             Current temperature:  0.1553
 --------------------------------------------------
 thermalise> Completed equilibration step     1700
             Total energy:             44.1011
             Kinetic energy:           33.4473
             Potential energy:         10.6538
             Current temperature:  0.1570
 --------------------------------------------------
 thermalise> Completed equilibration step     1750
             Total energy:             44.1267
             Kinetic energy:           34.6262
             Potential energy:          9.5005
             Current temperature:  0.1626
 --------------------------------------------------
 thermalise> Completed equilibration step     1800
             Total energy:             44.3657
             Kinetic energy:           32.2338
             Potential energy:         12.1318
             Current temperature:  0.1513
 --------------------------------------------------
 thermalise> Completed equilibration step     1850
             Total energy:             42.6497
             Kinetic energy:           36.2844
             Potential energy:          6.3653
             Current temperature:  0.1703
 --------------------------------------------------
 thermalise> Completed equilibration step     1900
             Total energy:             43.1608
             Kinetic energy:           35.1743
             Potential energy:          7.9865
             Current temperature:  0.1651
 --------------------------------------------------
 thermalise> Completed equilibration step     1950
             Total energy:             44.6690
             Kinetic energy:           33.4016
             Potential energy:         11.2673
             Current temperature:  0.1568
 --------------------------------------------------
 thermalise> Completed equilibration step     2000
             Total energy:             44.7129
             Kinetic energy:           34.9167
             Potential energy:          9.7962
             Current temperature:  0.1639
 --------------------------------------------------
 thermalise> Thermalisation step        9 with T=  0.205
 thermalise_rescale> Target T:    0.205, current T:   0.164, scaling:    1.119
 thermalise> Completed equilibration step       50
             Total energy:             56.2812
             Kinetic energy:           45.1557
             Potential energy:         11.1255
             Current temperature:  0.2120
 --------------------------------------------------
 thermalise> Completed equilibration step      100
             Total energy:             55.4240
             Kinetic energy:           39.0440
             Potential energy:         16.3799
             Current temperature:  0.1833
 --------------------------------------------------
 thermalise> Completed equilibration step      150
             Total energy:             56.1758
             Kinetic energy:           39.9023
             Potential energy:         16.2735
             Current temperature:  0.1873
 --------------------------------------------------
 thermalise> Completed equilibration step      200
             Total energy:             57.1514
             Kinetic energy:           39.9637
             Potential energy:         17.1876
             Current temperature:  0.1876
 --------------------------------------------------
 thermalise> Completed equilibration step      250
             Total energy:             58.5829
             Kinetic energy:           39.5672
             Potential energy:         19.0157
             Current temperature:  0.1858
 --------------------------------------------------
 thermalise> Completed equilibration step      300
             Total energy:             60.3258
             Kinetic energy:           40.1935
             Potential energy:         20.1323
             Current temperature:  0.1887
 --------------------------------------------------
 thermalise> Completed equilibration step      350
             Total energy:             59.7319
             Kinetic energy:           38.8086
             Potential energy:         20.9233
             Current temperature:  0.1822
 --------------------------------------------------
 thermalise> Completed equilibration step      400
             Total energy:             59.0490
             Kinetic energy:           43.1762
             Potential energy:         15.8728
             Current temperature:  0.2027
 --------------------------------------------------
 thermalise> Completed equilibration step      450
             Total energy:             57.6075
             Kinetic energy:           42.1097
             Potential energy:         15.4977
             Current temperature:  0.1977
 --------------------------------------------------
 thermalise> Completed equilibration step      500
             Total energy:             60.0289
             Kinetic energy:           43.8688
             Potential energy:         16.1601
             Current temperature:  0.2060
 --------------------------------------------------
 thermalise> Completed equilibration step      550
             Total energy:             59.8381
             Kinetic energy:           39.8068
             Potential energy:         20.0312
             Current temperature:  0.1869
 --------------------------------------------------
 thermalise> Completed equilibration step      600
             Total energy:             59.6356
             Kinetic energy:           44.8745
             Potential energy:         14.7611
             Current temperature:  0.2107
 --------------------------------------------------
 thermalise> Completed equilibration step      650
             Total energy:             58.9515
             Kinetic energy:           41.3015
             Potential energy:         17.6501
             Current temperature:  0.1939
 --------------------------------------------------
 thermalise> Completed equilibration step      700
             Total energy:             59.6982
             Kinetic energy:           46.0482
             Potential energy:         13.6500
             Current temperature:  0.2162
 --------------------------------------------------
 thermalise> Completed equilibration step      750
             Total energy:             59.6978
             Kinetic energy:           41.2350
             Potential energy:         18.4628
             Current temperature:  0.1936
 --------------------------------------------------
 thermalise> Completed equilibration step      800
             Total energy:             62.3717
             Kinetic energy:           44.6471
             Potential energy:         17.7246
             Current temperature:  0.2096
 --------------------------------------------------
 thermalise> Completed equilibration step      850
             Total energy:             60.7484
             Kinetic energy:           42.6591
             Potential energy:         18.0894
             Current temperature:  0.2003
 --------------------------------------------------
 thermalise> Completed equilibration step      900
             Total energy:             59.4635
             Kinetic energy:           39.6258
             Potential energy:         19.8377
             Current temperature:  0.1860
 --------------------------------------------------
 thermalise> Completed equilibration step      950
             Total energy:             62.3208
             Kinetic energy:           42.9616
             Potential energy:         19.3591
             Current temperature:  0.2017
 --------------------------------------------------
 thermalise> Completed equilibration step     1000
             Total energy:             65.8851
             Kinetic energy:           44.1673
             Potential energy:         21.7178
             Current temperature:  0.2074
 --------------------------------------------------
 thermalise> Completed equilibration step     1050
             Total energy:             64.9657
             Kinetic energy:           46.6355
             Potential energy:         18.3302
             Current temperature:  0.2189
 --------------------------------------------------
 thermalise> Completed equilibration step     1100
             Total energy:             65.7976
             Kinetic energy:           45.4350
             Potential energy:         20.3625
             Current temperature:  0.2133
 --------------------------------------------------
 thermalise> Completed equilibration step     1150
             Total energy:             65.0108
             Kinetic energy:           45.8998
             Potential energy:         19.1110
             Current temperature:  0.2155
 --------------------------------------------------
 thermalise> Completed equilibration step     1200
             Total energy:             63.0620
             Kinetic energy:           43.1253
             Potential energy:         19.9367
             Current temperature:  0.2025
 --------------------------------------------------
 thermalise> Completed equilibration step     1250
             Total energy:             62.1430
             Kinetic energy:           45.2837
             Potential energy:         16.8593
             Current temperature:  0.2126
 --------------------------------------------------
 thermalise> Completed equilibration step     1300
             Total energy:             62.9133
             Kinetic energy:           42.7671
             Potential energy:         20.1462
             Current temperature:  0.2008
 --------------------------------------------------
 thermalise> Completed equilibration step     1350
             Total energy:             65.5239
             Kinetic energy:           45.1210
             Potential energy:         20.4030
             Current temperature:  0.2118
 --------------------------------------------------
 thermalise> Completed equilibration step     1400
             Total energy:             64.9244
             Kinetic energy:           42.5665
             Potential energy:         22.3579
             Current temperature:  0.1998
 --------------------------------------------------
 thermalise> Completed equilibration step     1450
             Total energy:             62.8346
             Kinetic energy:           42.0199
             Potential energy:         20.8147
             Current temperature:  0.1973
 --------------------------------------------------
 thermalise> Completed equilibration step     1500
             Total energy:             62.8921
             Kinetic energy:           40.9056
             Potential energy:         21.9865
             Current temperature:  0.1920
 --------------------------------------------------
 thermalise> Completed equilibration step     1550
             Total energy:             61.2834
             Kinetic energy:           42.8473
             Potential energy:         18.4360
             Current temperature:  0.2012
 --------------------------------------------------
 thermalise> Completed equilibration step     1600
             Total energy:             58.8669
             Kinetic energy:           39.5282
             Potential energy:         19.3387
             Current temperature:  0.1856
 --------------------------------------------------
 thermalise> Completed equilibration step     1650
             Total energy:             60.7818
             Kinetic energy:           42.7344
             Potential energy:         18.0474
             Current temperature:  0.2006
 --------------------------------------------------
 thermalise> Completed equilibration step     1700
             Total energy:             60.8939
             Kinetic energy:           42.9912
             Potential energy:         17.9026
             Current temperature:  0.2018
 --------------------------------------------------
 thermalise> Completed equilibration step     1750
             Total energy:             56.6386
             Kinetic energy:           41.1057
             Potential energy:         15.5329
             Current temperature:  0.1930
 --------------------------------------------------
 thermalise> Completed equilibration step     1800
             Total energy:             57.8876
             Kinetic energy:           38.8976
             Potential energy:         18.9899
             Current temperature:  0.1826
 --------------------------------------------------
 thermalise> Completed equilibration step     1850
             Total energy:             59.3172
             Kinetic energy:           42.9311
             Potential energy:         16.3862
             Current temperature:  0.2016
 --------------------------------------------------
 thermalise> Completed equilibration step     1900
             Total energy:             57.4492
             Kinetic energy:           39.6366
             Potential energy:         17.8126
             Current temperature:  0.1861
 --------------------------------------------------
 thermalise> Completed equilibration step     1950
             Total energy:             55.3437
             Kinetic energy:           41.7788
             Potential energy:         13.5650
             Current temperature:  0.1961
 --------------------------------------------------
 thermalise> Completed equilibration step     2000
             Total energy:             53.3525
             Kinetic energy:           38.8428
             Potential energy:         14.5097
             Current temperature:  0.1824
 --------------------------------------------------
 thermalise> Thermalisation step       10 with T=  0.231
 thermalise_rescale> Target T:    0.231, current T:   0.182, scaling:    1.125
 thermalise> Completed equilibration step       50
             Total energy:             64.2154
             Kinetic energy:           45.4365
             Potential energy:         18.7789
             Current temperature:  0.2133
 --------------------------------------------------
 thermalise> Completed equilibration step      100
             Total energy:             63.7825
             Kinetic energy:           44.2087
             Potential energy:         19.5739
             Current temperature:  0.2076
 --------------------------------------------------
 thermalise> Completed equilibration step      150
             Total energy:             61.1710
             Kinetic energy:           41.5230
             Potential energy:         19.6480
             Current temperature:  0.1949
 --------------------------------------------------
 thermalise> Completed equilibration step      200
             Total energy:             60.8508
             Kinetic energy:           40.4782
             Potential energy:         20.3725
             Current temperature:  0.1900
 --------------------------------------------------
 thermalise> Completed equilibration step      250
             Total energy:             64.0892
             Kinetic energy:           44.5965
             Potential energy:         19.4927
             Current temperature:  0.2094
 --------------------------------------------------
 thermalise> Completed equilibration step      300
             Total energy:             62.7947
             Kinetic energy:           44.8758
             Potential energy:         17.9189
             Current temperature:  0.2107
 --------------------------------------------------
 thermalise> Completed equilibration step      350
             Total energy:             61.9203
             Kinetic energy:           41.7101
             Potential energy:         20.2103
             Current temperature:  0.1958
 --------------------------------------------------
 thermalise> Completed equilibration step      400
             Total energy:             64.2376
             Kinetic energy:           43.1212
             Potential energy:         21.1163
             Current temperature:  0.2024
 --------------------------------------------------
 thermalise> Completed equilibration step      450
             Total energy:             66.0529
             Kinetic energy:           44.7748
             Potential energy:         21.2781
             Current temperature:  0.2102
 --------------------------------------------------
 thermalise> Completed equilibration step      500
             Total energy:             63.8636
             Kinetic energy:           45.0907
             Potential energy:         18.7729
             Current temperature:  0.2117
 --------------------------------------------------
 thermalise> Completed equilibration step      550
             Total energy:             64.2273
             Kinetic energy:           41.5403
             Potential energy:         22.6870
             Current temperature:  0.1950
 --------------------------------------------------
 thermalise> Completed equilibration step      600
             Total energy:             66.4279
             Kinetic energy:           45.7339
             Potential energy:         20.6940
             Current temperature:  0.2147
 --------------------------------------------------
 thermalise> Completed equilibration step      650
             Total energy:             68.0439
             Kinetic energy:           45.6641
             Potential energy:         22.3798
             Current temperature:  0.2144
 --------------------------------------------------
 thermalise> Completed equilibration step      700
             Total energy:             68.6919
             Kinetic energy:           48.6909
             Potential energy:         20.0009
             Current temperature:  0.2286
 --------------------------------------------------
 thermalise> Completed equilibration step      750
             Total energy:             69.0749
             Kinetic energy:           44.6789
             Potential energy:         24.3960
             Current temperature:  0.2098
 --------------------------------------------------
 thermalise> Completed equilibration step      800
             Total energy:             68.9855
             Kinetic energy:           42.2919
             Potential energy:         26.6937
             Current temperature:  0.1986
 --------------------------------------------------
 thermalise> Completed equilibration step      850
             Total energy:             72.8605
             Kinetic energy:           50.7467
             Potential energy:         22.1139
             Current temperature:  0.2382
 --------------------------------------------------
 thermalise> Completed equilibration step      900
             Total energy:             73.2446
             Kinetic energy:           49.2256
             Potential energy:         24.0190
             Current temperature:  0.2311
 --------------------------------------------------
 thermalise> Completed equilibration step      950
             Total energy:             72.9424
             Kinetic energy:           53.0705
             Potential energy:         19.8719
             Current temperature:  0.2492
 --------------------------------------------------
 thermalise> Completed equilibration step     1000
             Total energy:             72.0039
             Kinetic energy:           45.8702
             Potential energy:         26.1337
             Current temperature:  0.2154
 --------------------------------------------------
 thermalise> Completed equilibration step     1050
             Total energy:             72.9104
             Kinetic energy:           48.7255
             Potential energy:         24.1849
             Current temperature:  0.2288
 --------------------------------------------------
 thermalise> Completed equilibration step     1100
             Total energy:             74.2671
             Kinetic energy:           48.4126
             Potential energy:         25.8545
             Current temperature:  0.2273
 --------------------------------------------------
 thermalise> Completed equilibration step     1150
             Total energy:             75.6671
             Kinetic energy:           48.0190
             Potential energy:         27.6482
             Current temperature:  0.2254
 --------------------------------------------------
 thermalise> Completed equilibration step     1200
             Total energy:             76.2488
             Kinetic energy:           53.0994
             Potential energy:         23.1495
             Current temperature:  0.2493
 --------------------------------------------------
 thermalise> Completed equilibration step     1250
             Total energy:             77.9354
             Kinetic energy:           48.3668
             Potential energy:         29.5686
             Current temperature:  0.2271
 --------------------------------------------------
 thermalise> Completed equilibration step     1300
             Total energy:             78.3860
             Kinetic energy:           49.2271
             Potential energy:         29.1590
             Current temperature:  0.2311
 --------------------------------------------------
 thermalise> Completed equilibration step     1350
             Total energy:             76.9096
             Kinetic energy:           55.1209
             Potential energy:         21.7886
             Current temperature:  0.2588
 --------------------------------------------------
 thermalise> Completed equilibration step     1400
             Total energy:             76.4909
             Kinetic energy:           53.3785
             Potential energy:         23.1124
             Current temperature:  0.2506
 --------------------------------------------------
 thermalise> Completed equilibration step     1450
             Total energy:             76.3056
             Kinetic energy:           47.6588
             Potential energy:         28.6469
             Current temperature:  0.2238
 --------------------------------------------------
 thermalise> Completed equilibration step     1500
             Total energy:             74.9536
             Kinetic energy:           48.8217
             Potential energy:         26.1319
             Current temperature:  0.2292
 --------------------------------------------------
 thermalise> Completed equilibration step     1550
             Total energy:             73.7028
             Kinetic energy:           47.5628
             Potential energy:         26.1400
             Current temperature:  0.2233
 --------------------------------------------------
 thermalise> Completed equilibration step     1600
             Total energy:             72.1239
             Kinetic energy:           47.7503
             Potential energy:         24.3736
             Current temperature:  0.2242
 --------------------------------------------------
 thermalise> Completed equilibration step     1650
             Total energy:             72.0991
             Kinetic energy:           47.1554
             Potential energy:         24.9437
             Current temperature:  0.2214
 --------------------------------------------------
 thermalise> Completed equilibration step     1700
             Total energy:             73.0674
             Kinetic energy:           46.3924
             Potential energy:         26.6750
             Current temperature:  0.2178
 --------------------------------------------------
 thermalise> Completed equilibration step     1750
             Total energy:             72.2842
             Kinetic energy:           49.0678
             Potential energy:         23.2165
             Current temperature:  0.2304
 --------------------------------------------------
 thermalise> Completed equilibration step     1800
             Total energy:             69.0751
             Kinetic energy:           47.0067
             Potential energy:         22.0684
             Current temperature:  0.2207
 --------------------------------------------------
 thermalise> Completed equilibration step     1850
             Total energy:             69.8429
             Kinetic energy:           47.5339
             Potential energy:         22.3090
             Current temperature:  0.2232
 --------------------------------------------------
 thermalise> Completed equilibration step     1900
             Total energy:             70.3544
             Kinetic energy:           46.5375
             Potential energy:         23.8168
             Current temperature:  0.2185
 --------------------------------------------------
 thermalise> Completed equilibration step     1950
             Total energy:             69.9079
             Kinetic energy:           44.6452
             Potential energy:         25.2626
             Current temperature:  0.2096
 --------------------------------------------------
 thermalise> Completed equilibration step     2000
             Total energy:             69.9713
             Kinetic energy:           45.4545
             Potential energy:         24.5168
             Current temperature:  0.2134
 --------------------------------------------------
 thermalise> Thermalisation step       11 with T=  0.257
 thermalise_rescale> Target T:    0.257, current T:   0.213, scaling:    1.097
 thermalise> Completed equilibration step       50
             Total energy:             78.2019
             Kinetic energy:           49.0029
             Potential energy:         29.1991
             Current temperature:  0.2301
 --------------------------------------------------
 thermalise> Completed equilibration step      100
             Total energy:             78.9566
             Kinetic energy:           51.5539
             Potential energy:         27.4027
             Current temperature:  0.2420
 --------------------------------------------------
 thermalise> Completed equilibration step      150
             Total energy:             80.7080
             Kinetic energy:           50.4314
             Potential energy:         30.2766
             Current temperature:  0.2368
 --------------------------------------------------
 thermalise> Completed equilibration step      200
             Total energy:             81.6230
             Kinetic energy:           50.6089
             Potential energy:         31.0141
             Current temperature:  0.2376
 --------------------------------------------------
 thermalise> Completed equilibration step      250
             Total energy:             80.7977
             Kinetic energy:           50.2866
             Potential energy:         30.5111
             Current temperature:  0.2361
 --------------------------------------------------
 thermalise> Completed equilibration step      300
             Total energy:             78.7446
             Kinetic energy:           52.7364
             Potential energy:         26.0082
             Current temperature:  0.2476
 --------------------------------------------------
 thermalise> Completed equilibration step      350
             Total energy:             79.8517
             Kinetic energy:           52.1975
             Potential energy:         27.6542
             Current temperature:  0.2451
 --------------------------------------------------
 thermalise> Completed equilibration step      400
             Total energy:             80.1411
             Kinetic energy:           48.4462
             Potential energy:         31.6949
             Current temperature:  0.2274
 --------------------------------------------------
 thermalise> Completed equilibration step      450
             Total energy:             81.2787
             Kinetic energy:           50.0177
             Potential energy:         31.2610
             Current temperature:  0.2348
 --------------------------------------------------
 thermalise> Completed equilibration step      500
             Total energy:             82.2720
             Kinetic energy:           45.5307
             Potential energy:         36.7413
             Current temperature:  0.2138
 --------------------------------------------------
 thermalise> Completed equilibration step      550
             Total energy:             82.8354
             Kinetic energy:           50.8799
             Potential energy:         31.9555
             Current temperature:  0.2389
 --------------------------------------------------
 thermalise> Completed equilibration step      600
             Total energy:             85.4335
             Kinetic energy:           49.5357
             Potential energy:         35.8978
             Current temperature:  0.2326
 --------------------------------------------------
 thermalise> Completed equilibration step      650
             Total energy:             86.3737
             Kinetic energy:           55.2438
             Potential energy:         31.1299
             Current temperature:  0.2594
 --------------------------------------------------
 thermalise> Completed equilibration step      700
             Total energy:             84.1118
             Kinetic energy:           48.5520
             Potential energy:         35.5598
             Current temperature:  0.2279
 --------------------------------------------------
 thermalise> Completed equilibration step      750
             Total energy:             81.9265
             Kinetic energy:           52.5503
             Potential energy:         29.3763
             Current temperature:  0.2467
 --------------------------------------------------
 thermalise> Completed equilibration step      800
             Total energy:             82.6687
             Kinetic energy:           50.8841
             Potential energy:         31.7846
             Current temperature:  0.2389
 --------------------------------------------------
 thermalise> Completed equilibration step      850
             Total energy:             80.7102
             Kinetic energy:           46.1977
             Potential energy:         34.5125
             Current temperature:  0.2169
 --------------------------------------------------
 thermalise> Completed equilibration step      900
             Total energy:             82.1693
             Kinetic energy:           52.4925
             Potential energy:         29.6768
             Current temperature:  0.2464
 --------------------------------------------------
 thermalise> Completed equilibration step      950
             Total energy:             83.4403
             Kinetic energy:           51.3282
             Potential energy:         32.1121
             Current temperature:  0.2410
 --------------------------------------------------
 thermalise> Completed equilibration step     1000
             Total energy:             84.2710
             Kinetic energy:           52.4932
             Potential energy:         31.7778
             Current temperature:  0.2464
 --------------------------------------------------
 thermalise> Completed equilibration step     1050
             Total energy:             84.5942
             Kinetic energy:           50.4856
             Potential energy:         34.1085
             Current temperature:  0.2370
 --------------------------------------------------
 thermalise> Completed equilibration step     1100
             Total energy:             86.6999
             Kinetic energy:           53.4123
             Potential energy:         33.2875
             Current temperature:  0.2508
 --------------------------------------------------
 thermalise> Completed equilibration step     1150
             Total energy:             87.3591
             Kinetic energy:           55.1710
             Potential energy:         32.1882
             Current temperature:  0.2590
 --------------------------------------------------
 thermalise> Completed equilibration step     1200
             Total energy:             87.5093
             Kinetic energy:           58.9634
             Potential energy:         28.5459
             Current temperature:  0.2768
 --------------------------------------------------
 thermalise> Completed equilibration step     1250
             Total energy:             87.8152
             Kinetic energy:           55.7054
             Potential energy:         32.1098
             Current temperature:  0.2615
 --------------------------------------------------
 thermalise> Completed equilibration step     1300
             Total energy:             87.8000
             Kinetic energy:           54.6463
             Potential energy:         33.1537
             Current temperature:  0.2566
 --------------------------------------------------
 thermalise> Completed equilibration step     1350
             Total energy:             87.7376
             Kinetic energy:           56.9614
             Potential energy:         30.7762
             Current temperature:  0.2674
 --------------------------------------------------
 thermalise> Completed equilibration step     1400
             Total energy:             86.6220
             Kinetic energy:           56.7818
             Potential energy:         29.8402
             Current temperature:  0.2666
 --------------------------------------------------
 thermalise> Completed equilibration step     1450
             Total energy:             84.2842
             Kinetic energy:           53.4496
             Potential energy:         30.8346
             Current temperature:  0.2509
 --------------------------------------------------
 thermalise> Completed equilibration step     1500
             Total energy:             85.0185
             Kinetic energy:           55.1452
             Potential energy:         29.8733
             Current temperature:  0.2589
 --------------------------------------------------
 thermalise> Completed equilibration step     1550
             Total energy:             85.3269
             Kinetic energy:           57.6372
             Potential energy:         27.6897
             Current temperature:  0.2706
 --------------------------------------------------
 thermalise> Completed equilibration step     1600
             Total energy:             83.7074
             Kinetic energy:           55.0053
             Potential energy:         28.7021
             Current temperature:  0.2582
 --------------------------------------------------
 thermalise> Completed equilibration step     1650
             Total energy:             84.4482
             Kinetic energy:           53.6200
             Potential energy:         30.8281
             Current temperature:  0.2517
 --------------------------------------------------
 thermalise> Completed equilibration step     1700
             Total energy:             81.4183
             Kinetic energy:           57.4273
             Potential energy:         23.9910
             Current temperature:  0.2696
 --------------------------------------------------
 thermalise> Completed equilibration step     1750
             Total energy:             82.6527
             Kinetic energy:           49.5553
             Potential energy:         33.0973
             Current temperature:  0.2327
 --------------------------------------------------
 thermalise> Completed equilibration step     1800
             Total energy:             82.3504
             Kinetic energy:           54.2764
             Potential energy:         28.0740
             Current temperature:  0.2548
 --------------------------------------------------
 thermalise> Completed equilibration step     1850
             Total energy:             80.3782
             Kinetic energy:           57.4925
             Potential energy:         22.8857
             Current temperature:  0.2699
 --------------------------------------------------
 thermalise> Completed equilibration step     1900
             Total energy:             80.6277
             Kinetic energy:           56.2364
             Potential energy:         24.3913
             Current temperature:  0.2640
 --------------------------------------------------
 thermalise> Completed equilibration step     1950
             Total energy:             80.1903
             Kinetic energy:           52.2485
             Potential energy:         27.9418
             Current temperature:  0.2453
 --------------------------------------------------
 thermalise> Completed equilibration step     2000
             Total energy:             82.3600
             Kinetic energy:           53.3096
             Potential energy:         29.0504
             Current temperature:  0.2503
 --------------------------------------------------
 thermalise> Thermalisation step       12 with T=  0.282
 thermalise_rescale> Target T:    0.282, current T:   0.250, scaling:    1.062
 thermalise> Completed equilibration step       50
             Total energy:             89.1375
             Kinetic energy:           58.2288
             Potential energy:         30.9087
             Current temperature:  0.2734
 --------------------------------------------------
 thermalise> Completed equilibration step      100
             Total energy:             91.4096
             Kinetic energy:           60.0604
             Potential energy:         31.3493
             Current temperature:  0.2820
 --------------------------------------------------
 thermalise> Completed equilibration step      150
             Total energy:             92.3481
             Kinetic energy:           61.1235
             Potential energy:         31.2246
             Current temperature:  0.2870
 --------------------------------------------------
 thermalise> Completed equilibration step      200
             Total energy:             92.4963
             Kinetic energy:           55.8592
             Potential energy:         36.6371
             Current temperature:  0.2622
 --------------------------------------------------
 thermalise> Completed equilibration step      250
             Total energy:             94.9564
             Kinetic energy:           60.6009
             Potential energy:         34.3556
             Current temperature:  0.2845
 --------------------------------------------------
 thermalise> Completed equilibration step      300
             Total energy:             95.7069
             Kinetic energy:           56.3709
             Potential energy:         39.3360
             Current temperature:  0.2647
 --------------------------------------------------
 thermalise> Completed equilibration step      350
             Total energy:             92.7341
             Kinetic energy:           59.5392
             Potential energy:         33.1949
             Current temperature:  0.2795
 --------------------------------------------------
 thermalise> Completed equilibration step      400
             Total energy:             93.3062
             Kinetic energy:           56.9340
             Potential energy:         36.3722
             Current temperature:  0.2673
 --------------------------------------------------
 thermalise> Completed equilibration step      450
             Total energy:             93.8235
             Kinetic energy:           62.3514
             Potential energy:         31.4721
             Current temperature:  0.2927
 --------------------------------------------------
 thermalise> Completed equilibration step      500
             Total energy:             94.6101
             Kinetic energy:           61.0335
             Potential energy:         33.5766
             Current temperature:  0.2865
 --------------------------------------------------
 thermalise> Completed equilibration step      550
             Total energy:             97.9497
             Kinetic energy:           56.8695
             Potential energy:         41.0802
             Current temperature:  0.2670
 --------------------------------------------------
 thermalise> Completed equilibration step      600
             Total energy:             96.1811
             Kinetic energy:           58.9518
             Potential energy:         37.2293
             Current temperature:  0.2768
 --------------------------------------------------
 thermalise> Completed equilibration step      650
             Total energy:             95.7566
             Kinetic energy:           61.6666
             Potential energy:         34.0900
             Current temperature:  0.2895
 --------------------------------------------------
 thermalise> Completed equilibration step      700
             Total energy:             98.3350
             Kinetic energy:           62.8344
             Potential energy:         35.5007
             Current temperature:  0.2950
 --------------------------------------------------
 thermalise> Completed equilibration step      750
             Total energy:             96.7482
             Kinetic energy:           55.5930
             Potential energy:         41.1553
             Current temperature:  0.2610
 --------------------------------------------------
 thermalise> Completed equilibration step      800
             Total energy:             97.4158
             Kinetic energy:           61.3949
             Potential energy:         36.0208
             Current temperature:  0.2882
 --------------------------------------------------
 thermalise> Completed equilibration step      850
             Total energy:             95.5524
             Kinetic energy:           60.4835
             Potential energy:         35.0689
             Current temperature:  0.2840
 --------------------------------------------------
 thermalise> Completed equilibration step      900
             Total energy:             93.8230
             Kinetic energy:           60.5454
             Potential energy:         33.2776
             Current temperature:  0.2843
 --------------------------------------------------
 thermalise> Completed equilibration step      950
             Total energy:             94.4614
             Kinetic energy:           55.9841
             Potential energy:         38.4773
             Current temperature:  0.2628
 --------------------------------------------------
 thermalise> Completed equilibration step     1000
             Total energy:            100.1178
             Kinetic energy:           59.2304
             Potential energy:         40.8874
             Current temperature:  0.2781
 --------------------------------------------------
 thermalise> Completed equilibration step     1050
             Total energy:            100.0515
             Kinetic energy:           56.9352
             Potential energy:         43.1163
             Current temperature:  0.2673
 --------------------------------------------------
 thermalise> Completed equilibration step     1100
             Total energy:             99.0811
             Kinetic energy:           60.2009
             Potential energy:         38.8802
             Current temperature:  0.2826
 --------------------------------------------------
 thermalise> Completed equilibration step     1150
             Total energy:             97.3554
             Kinetic energy:           61.5272
             Potential energy:         35.8283
             Current temperature:  0.2889
 --------------------------------------------------
 thermalise> Completed equilibration step     1200
             Total energy:             96.4024
             Kinetic energy:           55.8990
             Potential energy:         40.5034
             Current temperature:  0.2624
 --------------------------------------------------
 thermalise> Completed equilibration step     1250
             Total energy:             97.8434
             Kinetic energy:           60.7012
             Potential energy:         37.1422
             Current temperature:  0.2850
 --------------------------------------------------
 thermalise> Completed equilibration step     1300
             Total energy:             99.2678
             Kinetic energy:           60.0322
             Potential energy:         39.2356
             Current temperature:  0.2818
 --------------------------------------------------
 thermalise> Completed equilibration step     1350
             Total energy:             99.9601
             Kinetic energy:           59.0792
             Potential energy:         40.8809
             Current temperature:  0.2774
 --------------------------------------------------
 thermalise> Completed equilibration step     1400
             Total energy:            100.6952
             Kinetic energy:           67.0589
             Potential energy:         33.6363
             Current temperature:  0.3148
 --------------------------------------------------
 thermalise> Completed equilibration step     1450
             Total energy:             98.0516
             Kinetic energy:           56.1856
             Potential energy:         41.8660
             Current temperature:  0.2638
 --------------------------------------------------
 thermalise> Completed equilibration step     1500
             Total energy:             99.3084
             Kinetic energy:           60.6354
             Potential energy:         38.6730
             Current temperature:  0.2847
 --------------------------------------------------
 thermalise> Completed equilibration step     1550
             Total energy:             98.8143
             Kinetic energy:           60.4740
             Potential energy:         38.3402
             Current temperature:  0.2839
 --------------------------------------------------
 thermalise> Completed equilibration step     1600
             Total energy:             97.0315
             Kinetic energy:           59.9854
             Potential energy:         37.0461
             Current temperature:  0.2816
 --------------------------------------------------
 thermalise> Completed equilibration step     1650
             Total energy:             97.0828
             Kinetic energy:           60.8474
             Potential energy:         36.2354
             Current temperature:  0.2857
 --------------------------------------------------
 thermalise> Completed equilibration step     1700
             Total energy:            100.7907
             Kinetic energy:           62.8091
             Potential energy:         37.9816
             Current temperature:  0.2949
 --------------------------------------------------
 thermalise> Completed equilibration step     1750
             Total energy:            102.1676
             Kinetic energy:           58.2910
             Potential energy:         43.8766
             Current temperature:  0.2737
 --------------------------------------------------
 thermalise> Completed equilibration step     1800
             Total energy:            102.2346
             Kinetic energy:           62.0607
             Potential energy:         40.1738
             Current temperature:  0.2914
 --------------------------------------------------
 thermalise> Completed equilibration step     1850
             Total energy:            100.8229
             Kinetic energy:           59.5972
             Potential energy:         41.2257
             Current temperature:  0.2798
 --------------------------------------------------
 thermalise> Completed equilibration step     1900
             Total energy:            101.6574
             Kinetic energy:           63.2458
             Potential energy:         38.4116
             Current temperature:  0.2969
 --------------------------------------------------
 thermalise> Completed equilibration step     1950
             Total energy:             98.9258
             Kinetic energy:           58.8312
             Potential energy:         40.0946
             Current temperature:  0.2762
 --------------------------------------------------
 thermalise> Completed equilibration step     2000
             Total energy:            100.6506
             Kinetic energy:           62.3621
             Potential energy:         38.2885
             Current temperature:  0.2928
 --------------------------------------------------
 thermalise> Thermalisation step       13 with T=  0.308
 thermalise_rescale> Target T:    0.308, current T:   0.293, scaling:    1.026
 thermalise> Completed equilibration step       50
             Total energy:            104.7824
             Kinetic energy:           62.4602
             Potential energy:         42.3222
             Current temperature:  0.2932
 --------------------------------------------------
 thermalise> Completed equilibration step      100
             Total energy:            106.4813
             Kinetic energy:           63.1613
             Potential energy:         43.3200
             Current temperature:  0.2965
 --------------------------------------------------
 thermalise> Completed equilibration step      150
             Total energy:            108.9349
             Kinetic energy:           65.6388
             Potential energy:         43.2962
             Current temperature:  0.3082
 --------------------------------------------------
 thermalise> Completed equilibration step      200
             Total energy:            108.9541
             Kinetic energy:           68.1444
             Potential energy:         40.8097
             Current temperature:  0.3199
 --------------------------------------------------
 thermalise> Completed equilibration step      250
             Total energy:            111.3128
             Kinetic energy:           72.3963
             Potential energy:         38.9164
             Current temperature:  0.3399
 --------------------------------------------------
 thermalise> Completed equilibration step      300
             Total energy:            112.2213
             Kinetic energy:           70.2488
             Potential energy:         41.9725
             Current temperature:  0.3298
 --------------------------------------------------
 thermalise> Completed equilibration step      350
             Total energy:            113.6115
             Kinetic energy:           70.3325
             Potential energy:         43.2790
             Current temperature:  0.3302
 --------------------------------------------------
 thermalise> Completed equilibration step      400
             Total energy:            113.5042
             Kinetic energy:           67.9570
             Potential energy:         45.5472
             Current temperature:  0.3190
 --------------------------------------------------
 thermalise> Completed equilibration step      450
             Total energy:            114.5611
             Kinetic energy:           70.4359
             Potential energy:         44.1252
             Current temperature:  0.3307
 --------------------------------------------------
 thermalise> Completed equilibration step      500
             Total energy:            116.8868
             Kinetic energy:           66.8437
             Potential energy:         50.0431
             Current temperature:  0.3138
 --------------------------------------------------
 thermalise> Completed equilibration step      550
             Total energy:            117.0065
             Kinetic energy:           70.0768
             Potential energy:         46.9297
             Current temperature:  0.3290
 --------------------------------------------------
 thermalise> Completed equilibration step      600
             Total energy:            113.3584
             Kinetic energy:           68.3836
             Potential energy:         44.9747
             Current temperature:  0.3210
 --------------------------------------------------
 thermalise> Completed equilibration step      650
             Total energy:            112.4205
             Kinetic energy:           66.8313
             Potential energy:         45.5892
             Current temperature:  0.3138
 --------------------------------------------------
 thermalise> Completed equilibration step      700
             Total energy:            116.5459
             Kinetic energy:           68.9933
             Potential energy:         47.5526
             Current temperature:  0.3239
 --------------------------------------------------
 thermalise> Completed equilibration step      750
             Total energy:            118.3040
             Kinetic energy:           70.6762
             Potential energy:         47.6277
             Current temperature:  0.3318
 --------------------------------------------------
 thermalise> Completed equilibration step      800
             Total energy:            116.1343
             Kinetic energy:           68.1666
             Potential energy:         47.9678
             Current temperature:  0.3200
 --------------------------------------------------
 thermalise> Completed equilibration step      850
             Total energy:            114.1485
             Kinetic energy:           70.4785
             Potential energy:         43.6700
             Current temperature:  0.3309
 --------------------------------------------------
 thermalise> Completed equilibration step      900
             Total energy:            113.3890
             Kinetic energy:           67.9681
             Potential energy:         45.4209
             Current temperature:  0.3191
 --------------------------------------------------
 thermalise> Completed equilibration step      950
             Total energy:            116.3651
             Kinetic energy:           68.3588
             Potential energy:         48.0063
             Current temperature:  0.3209
 --------------------------------------------------
 thermalise> Completed equilibration step     1000
             Total energy:            116.2810
             Kinetic energy:           64.5025
             Potential energy:         51.7785
             Current temperature:  0.3028
 --------------------------------------------------
 thermalise> Completed equilibration step     1050
             Total energy:            111.2521
             Kinetic energy:           68.3033
             Potential energy:         42.9488
             Current temperature:  0.3207
 --------------------------------------------------
 thermalise> Completed equilibration step     1100
             Total energy:            111.5404
             Kinetic energy:           62.2737
             Potential energy:         49.2667
             Current temperature:  0.2924
 --------------------------------------------------
 thermalise> Completed equilibration step     1150
             Total energy:            112.4014
             Kinetic energy:           66.6235
             Potential energy:         45.7779
             Current temperature:  0.3128
 --------------------------------------------------
 thermalise> Completed equilibration step     1200
             Total energy:            115.7557
             Kinetic energy:           65.5330
             Potential energy:         50.2228
             Current temperature:  0.3077
 --------------------------------------------------
 thermalise> Completed equilibration step     1250
             Total energy:            112.3133
             Kinetic energy:           63.3898
             Potential energy:         48.9235
             Current temperature:  0.2976
 --------------------------------------------------
 thermalise> Completed equilibration step     1300
             Total energy:            111.2026
             Kinetic energy:           63.1027
             Potential energy:         48.0999
             Current temperature:  0.2963
 --------------------------------------------------
 thermalise> Completed equilibration step     1350
             Total energy:            112.4071
             Kinetic energy:           63.6964
             Potential energy:         48.7107
             Current temperature:  0.2990
 --------------------------------------------------
 thermalise> Completed equilibration step     1400
             Total energy:            113.0580
             Kinetic energy:           66.7925
             Potential energy:         46.2655
             Current temperature:  0.3136
 --------------------------------------------------
 thermalise> Completed equilibration step     1450
             Total energy:            116.1021
             Kinetic energy:           61.2425
             Potential energy:         54.8595
             Current temperature:  0.2875
 --------------------------------------------------
 thermalise> Completed equilibration step     1500
             Total energy:            116.5955
             Kinetic energy:           67.3475
             Potential energy:         49.2480
             Current temperature:  0.3162
 --------------------------------------------------
 thermalise> Completed equilibration step     1550
             Total energy:            116.8464
             Kinetic energy:           67.6858
             Potential energy:         49.1606
             Current temperature:  0.3178
 --------------------------------------------------
 thermalise> Completed equilibration step     1600
             Total energy:            118.6177
             Kinetic energy:           71.5514
             Potential energy:         47.0663
             Current temperature:  0.3359
 --------------------------------------------------
 thermalise> Completed equilibration step     1650
             Total energy:            119.3512
             Kinetic energy:           62.3811
             Potential energy:         56.9701
             Current temperature:  0.2929
 --------------------------------------------------
 thermalise> Completed equilibration step     1700
             Total energy:            120.9750
             Kinetic energy:           68.9542
             Potential energy:         52.0209
             Current temperature:  0.3237
 --------------------------------------------------
 thermalise> Completed equilibration step     1750
             Total energy:            118.4720
             Kinetic energy:           70.6422
             Potential energy:         47.8298
             Current temperature:  0.3317
 --------------------------------------------------
 thermalise> Completed equilibration step     1800
             Total energy:            120.9342
             Kinetic energy:           66.3911
             Potential energy:         54.5431
             Current temperature:  0.3117
 --------------------------------------------------
 thermalise> Completed equilibration step     1850
             Total energy:            120.6263
             Kinetic energy:           69.9223
             Potential energy:         50.7040
             Current temperature:  0.3283
 --------------------------------------------------
 thermalise> Completed equilibration step     1900
             Total energy:            120.6865
             Kinetic energy:           70.0854
             Potential energy:         50.6010
             Current temperature:  0.3290
 --------------------------------------------------
 thermalise> Completed equilibration step     1950
             Total energy:            119.8827
             Kinetic energy:           76.3227
             Potential energy:         43.5600
             Current temperature:  0.3583
 --------------------------------------------------
 thermalise> Completed equilibration step     2000
             Total energy:            117.5368
             Kinetic energy:           68.9866
             Potential energy:         48.5503
             Current temperature:  0.3239
 --------------------------------------------------
 thermalise> Thermalisation step       14 with T=  0.334
 thermalise_rescale> Target T:    0.334, current T:   0.324, scaling:    1.015
 thermalise> Completed equilibration step       50
             Total energy:            118.7885
             Kinetic energy:           73.5173
             Potential energy:         45.2711
             Current temperature:  0.3452
 --------------------------------------------------
 thermalise> Completed equilibration step      100
             Total energy:            115.1428
             Kinetic energy:           60.1006
             Potential energy:         55.0423
             Current temperature:  0.2822
 --------------------------------------------------
 thermalise> Completed equilibration step      150
             Total energy:            118.1752
             Kinetic energy:           69.4800
             Potential energy:         48.6951
             Current temperature:  0.3262
 --------------------------------------------------
 thermalise> Completed equilibration step      200
             Total energy:            118.5122
             Kinetic energy:           69.5266
             Potential energy:         48.9857
             Current temperature:  0.3264
 --------------------------------------------------
 thermalise> Completed equilibration step      250
             Total energy:            114.8297
             Kinetic energy:           62.7130
             Potential energy:         52.1167
             Current temperature:  0.2944
 --------------------------------------------------
 thermalise> Completed equilibration step      300
             Total energy:            118.7675
             Kinetic energy:           65.1384
             Potential energy:         53.6291
             Current temperature:  0.3058
 --------------------------------------------------
 thermalise> Completed equilibration step      350
             Total energy:            119.9188
             Kinetic energy:           67.9884
             Potential energy:         51.9305
             Current temperature:  0.3192
 --------------------------------------------------
 thermalise> Completed equilibration step      400
             Total energy:            120.6672
             Kinetic energy:           72.7525
             Potential energy:         47.9148
             Current temperature:  0.3416
 --------------------------------------------------
 thermalise> Completed equilibration step      450
             Total energy:            120.3560
             Kinetic energy:           72.6469
             Potential energy:         47.7091
             Current temperature:  0.3411
 --------------------------------------------------
 thermalise> Completed equilibration step      500
             Total energy:            119.2441
             Kinetic energy:           72.4221
             Potential energy:         46.8219
             Current temperature:  0.3400
 --------------------------------------------------
 thermalise> Completed equilibration step      550
             Total energy:            113.2571
             Kinetic energy:           64.6784
             Potential energy:         48.5788
             Current temperature:  0.3037
 --------------------------------------------------
 thermalise> Completed equilibration step      600
             Total energy:            113.3720
             Kinetic energy:           66.4502
             Potential energy:         46.9218
             Current temperature:  0.3120
 --------------------------------------------------
 thermalise> Completed equilibration step      650
             Total energy:            113.0771
             Kinetic energy:           64.4296
             Potential energy:         48.6475
             Current temperature:  0.3025
 --------------------------------------------------
 thermalise> Completed equilibration step      700
             Total energy:            110.5677
             Kinetic energy:           68.2566
             Potential energy:         42.3111
             Current temperature:  0.3205
 --------------------------------------------------
 thermalise> Completed equilibration step      750
             Total energy:            108.6275
             Kinetic energy:           66.0882
             Potential energy:         42.5394
             Current temperature:  0.3103
 --------------------------------------------------
 thermalise> Completed equilibration step      800
             Total energy:            112.8168
             Kinetic energy:           64.6149
             Potential energy:         48.2019
             Current temperature:  0.3034
 --------------------------------------------------
 thermalise> Completed equilibration step      850
             Total energy:            114.8151
             Kinetic energy:           70.0614
             Potential energy:         44.7537
             Current temperature:  0.3289
 --------------------------------------------------
 thermalise> Completed equilibration step      900
             Total energy:            117.0873
             Kinetic energy:           67.8882
             Potential energy:         49.1991
             Current temperature:  0.3187
 --------------------------------------------------
 thermalise> Completed equilibration step      950
             Total energy:            111.9903
             Kinetic energy:           60.1371
             Potential energy:         51.8532
             Current temperature:  0.2823
 --------------------------------------------------
 thermalise> Completed equilibration step     1000
             Total energy:            112.6321
             Kinetic energy:           62.3163
             Potential energy:         50.3158
             Current temperature:  0.2926
 --------------------------------------------------
 thermalise> Completed equilibration step     1050
             Total energy:            112.6334
             Kinetic energy:           62.9395
             Potential energy:         49.6938
             Current temperature:  0.2955
 --------------------------------------------------
 thermalise> Completed equilibration step     1100
             Total energy:            112.9363
             Kinetic energy:           60.6312
             Potential energy:         52.3051
             Current temperature:  0.2847
 --------------------------------------------------
 thermalise> Completed equilibration step     1150
             Total energy:            115.1083
             Kinetic energy:           65.4479
             Potential energy:         49.6603
             Current temperature:  0.3073
 --------------------------------------------------
 thermalise> Completed equilibration step     1200
             Total energy:            111.5308
             Kinetic energy:           59.5793
             Potential energy:         51.9515
             Current temperature:  0.2797
 --------------------------------------------------
 thermalise> Completed equilibration step     1250
             Total energy:            111.3024
             Kinetic energy:           64.6698
             Potential energy:         46.6325
             Current temperature:  0.3036
 --------------------------------------------------
 thermalise> Completed equilibration step     1300
             Total energy:            115.6177
             Kinetic energy:           63.6780
             Potential energy:         51.9397
             Current temperature:  0.2990
 --------------------------------------------------
 thermalise> Completed equilibration step     1350
             Total energy:            116.3910
             Kinetic energy:           72.7980
             Potential energy:         43.5930
             Current temperature:  0.3418
 --------------------------------------------------
 thermalise> Completed equilibration step     1400
             Total energy:            114.8596
             Kinetic energy:           69.8843
             Potential energy:         44.9753
             Current temperature:  0.3281
 --------------------------------------------------
 thermalise> Completed equilibration step     1450
             Total energy:            114.0769
             Kinetic energy:           66.4843
             Potential energy:         47.5926
             Current temperature:  0.3121
 --------------------------------------------------
 thermalise> Completed equilibration step     1500
             Total energy:            112.5692
             Kinetic energy:           64.8242
             Potential energy:         47.7450
             Current temperature:  0.3043
 --------------------------------------------------
 thermalise> Completed equilibration step     1550
             Total energy:            111.1355
             Kinetic energy:           63.1920
             Potential energy:         47.9434
             Current temperature:  0.2967
 --------------------------------------------------
 thermalise> Completed equilibration step     1600
             Total energy:            111.8569
             Kinetic energy:           65.2010
             Potential energy:         46.6559
             Current temperature:  0.3061
 --------------------------------------------------
 thermalise> Completed equilibration step     1650
             Total energy:            110.6816
             Kinetic energy:           58.8586
             Potential energy:         51.8230
             Current temperature:  0.2763
 --------------------------------------------------
 thermalise> Completed equilibration step     1700
             Total energy:            112.2345
             Kinetic energy:           69.6515
             Potential energy:         42.5830
             Current temperature:  0.3270
 --------------------------------------------------
 thermalise> Completed equilibration step     1750
             Total energy:            117.5581
             Kinetic energy:           68.4055
             Potential energy:         49.1526
             Current temperature:  0.3212
 --------------------------------------------------
 thermalise> Completed equilibration step     1800
             Total energy:            120.7372
             Kinetic energy:           75.0542
             Potential energy:         45.6830
             Current temperature:  0.3524
 --------------------------------------------------
 thermalise> Completed equilibration step     1850
             Total energy:            119.9734
             Kinetic energy:           68.5138
             Potential energy:         51.4596
             Current temperature:  0.3217
 --------------------------------------------------
 thermalise> Completed equilibration step     1900
             Total energy:            116.1936
             Kinetic energy:           66.0988
             Potential energy:         50.0948
             Current temperature:  0.3103
 --------------------------------------------------
 thermalise> Completed equilibration step     1950
             Total energy:            112.9610
             Kinetic energy:           62.0069
             Potential energy:         50.9541
             Current temperature:  0.2911
 --------------------------------------------------
 thermalise> Completed equilibration step     2000
             Total energy:            112.0697
             Kinetic energy:           60.9881
             Potential energy:         51.0816
             Current temperature:  0.2863
 --------------------------------------------------
 thermalise> Thermalisation step       15 with T=  0.359
 thermalise_rescale> Target T:    0.359, current T:   0.286, scaling:    1.120
 thermalise> Completed equilibration step       50
             Total energy:            129.4170
             Kinetic energy:           71.2551
             Potential energy:         58.1619
             Current temperature:  0.3345
 --------------------------------------------------
 thermalise> Completed equilibration step      100
             Total energy:            130.7746
             Kinetic energy:           66.3465
             Potential energy:         64.4281
             Current temperature:  0.3115
 --------------------------------------------------
 thermalise> Completed equilibration step      150
             Total energy:            132.7454
             Kinetic energy:           76.6378
             Potential energy:         56.1076
             Current temperature:  0.3598
 --------------------------------------------------
 thermalise> Completed equilibration step      200
             Total energy:            131.6359
             Kinetic energy:           73.1907
             Potential energy:         58.4452
             Current temperature:  0.3436
 --------------------------------------------------
 thermalise> Completed equilibration step      250
             Total energy:            133.7192
             Kinetic energy:           84.0695
             Potential energy:         49.6497
             Current temperature:  0.3947
 --------------------------------------------------
 thermalise> Completed equilibration step      300
             Total energy:            131.6918
             Kinetic energy:           73.6480
             Potential energy:         58.0438
             Current temperature:  0.3458
 --------------------------------------------------
 thermalise> Completed equilibration step      350
             Total energy:            134.4964
             Kinetic energy:           74.5821
             Potential energy:         59.9143
             Current temperature:  0.3502
 --------------------------------------------------
 thermalise> Completed equilibration step      400
             Total energy:            132.8897
             Kinetic energy:           73.3175
             Potential energy:         59.5722
             Current temperature:  0.3442
 --------------------------------------------------
 thermalise> Completed equilibration step      450
             Total energy:            131.7717
             Kinetic energy:           71.9805
             Potential energy:         59.7912
             Current temperature:  0.3379
 --------------------------------------------------
 thermalise> Completed equilibration step      500
             Total energy:            130.9774
             Kinetic energy:           72.1112
             Potential energy:         58.8662
             Current temperature:  0.3386
 --------------------------------------------------
 thermalise> Completed equilibration step      550
             Total energy:            130.3686
             Kinetic energy:           75.1770
             Potential energy:         55.1916
             Current temperature:  0.3529
 --------------------------------------------------
 thermalise> Completed equilibration step      600
             Total energy:            132.9752
             Kinetic energy:           72.7888
             Potential energy:         60.1864
             Current temperature:  0.3417
 --------------------------------------------------
 thermalise> Completed equilibration step      650
             Total energy:            132.0834
             Kinetic energy:           73.3552
             Potential energy:         58.7282
             Current temperature:  0.3444
 --------------------------------------------------
 thermalise> Completed equilibration step      700
             Total energy:            127.5794
             Kinetic energy:           70.5595
             Potential energy:         57.0200
             Current temperature:  0.3313
 --------------------------------------------------
 thermalise> Completed equilibration step      750
             Total energy:            127.6849
             Kinetic energy:           77.9198
             Potential energy:         49.7651
             Current temperature:  0.3658
 --------------------------------------------------
 thermalise> Completed equilibration step      800
             Total energy:            130.9089
             Kinetic energy:           74.1201
             Potential energy:         56.7888
             Current temperature:  0.3480
 --------------------------------------------------
 thermalise> Completed equilibration step      850
             Total energy:            129.0229
             Kinetic energy:           76.2719
             Potential energy:         52.7510
             Current temperature:  0.3581
 --------------------------------------------------
 thermalise> Completed equilibration step      900
             Total energy:            125.7307
             Kinetic energy:           68.4255
             Potential energy:         57.3052
             Current temperature:  0.3212
 --------------------------------------------------
 thermalise> Completed equilibration step      950
             Total energy:            129.0218
             Kinetic energy:           72.5322
             Potential energy:         56.4897
             Current temperature:  0.3405
 --------------------------------------------------
 thermalise> Completed equilibration step     1000
             Total energy:            125.7559
             Kinetic energy:           68.6349
             Potential energy:         57.1211
             Current temperature:  0.3222
 --------------------------------------------------
 thermalise> Completed equilibration step     1050
             Total energy:            126.4983
             Kinetic energy:           68.7934
             Potential energy:         57.7048
             Current temperature:  0.3230
 --------------------------------------------------
 thermalise> Completed equilibration step     1100
             Total energy:            123.5268
             Kinetic energy:           69.7657
             Potential energy:         53.7611
             Current temperature:  0.3275
 --------------------------------------------------
 thermalise> Completed equilibration step     1150
             Total energy:            123.8044
             Kinetic energy:           66.3412
             Potential energy:         57.4632
             Current temperature:  0.3115
 --------------------------------------------------
 thermalise> Completed equilibration step     1200
             Total energy:            119.1540
             Kinetic energy:           66.4971
             Potential energy:         52.6569
             Current temperature:  0.3122
 --------------------------------------------------
 thermalise> Completed equilibration step     1250
             Total energy:            121.1814
             Kinetic energy:           65.9206
             Potential energy:         55.2608
             Current temperature:  0.3095
 --------------------------------------------------
 thermalise> Completed equilibration step     1300
             Total energy:            124.0381
             Kinetic energy:           71.8755
             Potential energy:         52.1626
             Current temperature:  0.3374
 --------------------------------------------------
 thermalise> Completed equilibration step     1350
             Total energy:            123.7594
             Kinetic energy:           68.7213
             Potential energy:         55.0381
             Current temperature:  0.3226
 --------------------------------------------------
 thermalise> Completed equilibration step     1400
             Total energy:            127.5512
             Kinetic energy:           72.4303
             Potential energy:         55.1209
             Current temperature:  0.3400
 --------------------------------------------------
 thermalise> Completed equilibration step     1450
             Total energy:            127.8850
             Kinetic energy:           74.9748
             Potential energy:         52.9102
             Current temperature:  0.3520
 --------------------------------------------------
 thermalise> Completed equilibration step     1500
             Total energy:            124.9463
             Kinetic energy:           66.2797
             Potential energy:         58.6665
             Current temperature:  0.3112
 --------------------------------------------------
 thermalise> Completed equilibration step     1550
             Total energy:            126.1004
             Kinetic energy:           71.9398
             Potential energy:         54.1607
             Current temperature:  0.3377
 --------------------------------------------------
 thermalise> Completed equilibration step     1600
             Total energy:            125.4911
             Kinetic energy:           77.0313
             Potential energy:         48.4599
             Current temperature:  0.3616
 --------------------------------------------------
 thermalise> Completed equilibration step     1650
             Total energy:            124.9605
             Kinetic energy:           73.0332
             Potential energy:         51.9273
             Current temperature:  0.3429
 --------------------------------------------------
 thermalise> Completed equilibration step     1700
             Total energy:            123.7705
             Kinetic energy:           71.7004
             Potential energy:         52.0701
             Current temperature:  0.3366
 --------------------------------------------------
 thermalise> Completed equilibration step     1750
             Total energy:            127.9631
             Kinetic energy:           71.5854
             Potential energy:         56.3776
             Current temperature:  0.3361
 --------------------------------------------------
 thermalise> Completed equilibration step     1800
             Total energy:            126.6094
             Kinetic energy:           73.3862
             Potential energy:         53.2232
             Current temperature:  0.3445
 --------------------------------------------------
 thermalise> Completed equilibration step     1850
             Total energy:            128.4656
             Kinetic energy:           71.5380
             Potential energy:         56.9276
             Current temperature:  0.3359
 --------------------------------------------------
 thermalise> Completed equilibration step     1900
             Total energy:            135.7742
             Kinetic energy:           76.6973
             Potential energy:         59.0769
             Current temperature:  0.3601
 --------------------------------------------------
 thermalise> Completed equilibration step     1950
             Total energy:            139.1437
             Kinetic energy:           81.6197
             Potential energy:         57.5240
             Current temperature:  0.3832
 --------------------------------------------------
 thermalise> Completed equilibration step     2000
             Total energy:            139.2223
             Kinetic energy:           77.3491
             Potential energy:         61.8732
             Current temperature:  0.3631
 --------------------------------------------------
 thermalise> Thermalisation step       16 with T=  0.385
 thermalise_rescale> Target T:    0.385, current T:   0.363, scaling:    1.030
 thermalise> Completed equilibration step       50
             Total energy:            141.5440
             Kinetic energy:           76.2684
             Potential energy:         65.2756
             Current temperature:  0.3581
 --------------------------------------------------
 thermalise> Completed equilibration step      100
             Total energy:            140.1741
             Kinetic energy:           78.6098
             Potential energy:         61.5643
             Current temperature:  0.3691
 --------------------------------------------------
 thermalise> Completed equilibration step      150
             Total energy:            140.4309
             Kinetic energy:           83.1754
             Potential energy:         57.2556
             Current temperature:  0.3905
 --------------------------------------------------
 thermalise> Completed equilibration step      200
             Total energy:            142.1540
             Kinetic energy:           78.6402
             Potential energy:         63.5138
             Current temperature:  0.3692
 --------------------------------------------------
 thermalise> Completed equilibration step      250
             Total energy:            145.4214
             Kinetic energy:           83.2485
             Potential energy:         62.1729
             Current temperature:  0.3908
 --------------------------------------------------
 thermalise> Completed equilibration step      300
             Total energy:            147.1297
             Kinetic energy:           86.7352
             Potential energy:         60.3945
             Current temperature:  0.4072
 --------------------------------------------------
 thermalise> Completed equilibration step      350
             Total energy:            143.8225
             Kinetic energy:           83.3082
             Potential energy:         60.5144
             Current temperature:  0.3911
 --------------------------------------------------
 thermalise> Completed equilibration step      400
             Total energy:            144.5439
             Kinetic energy:           80.7784
             Potential energy:         63.7655
             Current temperature:  0.3792
 --------------------------------------------------
 thermalise> Completed equilibration step      450
             Total energy:            146.9550
             Kinetic energy:           79.8554
             Potential energy:         67.0996
             Current temperature:  0.3749
 --------------------------------------------------
 thermalise> Completed equilibration step      500
             Total energy:            146.4822
             Kinetic energy:           85.9989
             Potential energy:         60.4832
             Current temperature:  0.4038
 --------------------------------------------------
 thermalise> Completed equilibration step      550
             Total energy:            147.0939
             Kinetic energy:           88.2051
             Potential energy:         58.8888
             Current temperature:  0.4141
 --------------------------------------------------
 thermalise> Completed equilibration step      600
             Total energy:            150.9286
             Kinetic energy:           87.8634
             Potential energy:         63.0653
             Current temperature:  0.4125
 --------------------------------------------------
 thermalise> Completed equilibration step      650
             Total energy:            154.2249
             Kinetic energy:           97.4479
             Potential energy:         56.7770
             Current temperature:  0.4575
 --------------------------------------------------
 thermalise> Completed equilibration step      700
             Total energy:            155.0256
             Kinetic energy:           97.5697
             Potential energy:         57.4559
             Current temperature:  0.4581
 --------------------------------------------------
 thermalise> Completed equilibration step      750
             Total energy:            153.7095
             Kinetic energy:           85.8667
             Potential energy:         67.8428
             Current temperature:  0.4031
 --------------------------------------------------
 thermalise> Completed equilibration step      800
             Total energy:            154.6329
             Kinetic energy:           82.9384
             Potential energy:         71.6946
             Current temperature:  0.3894
 --------------------------------------------------
 thermalise> Completed equilibration step      850
             Total energy:            157.2380
             Kinetic energy:           87.0567
             Potential energy:         70.1812
             Current temperature:  0.4087
 --------------------------------------------------
 thermalise> Completed equilibration step      900
             Total energy:            158.2028
             Kinetic energy:           83.7879
             Potential energy:         74.4149
             Current temperature:  0.3934
 --------------------------------------------------
 thermalise> Completed equilibration step      950
             Total energy:            159.5691
             Kinetic energy:           96.9421
             Potential energy:         62.6270
             Current temperature:  0.4551
 --------------------------------------------------
 thermalise> Completed equilibration step     1000
             Total energy:            160.5146
             Kinetic energy:           89.2513
             Potential energy:         71.2633
             Current temperature:  0.4190
 --------------------------------------------------
 thermalise> Completed equilibration step     1050
             Total energy:            162.3101
             Kinetic energy:           89.8188
             Potential energy:         72.4913
             Current temperature:  0.4217
 --------------------------------------------------
 thermalise> Completed equilibration step     1100
             Total energy:            161.0809
             Kinetic energy:           86.0885
             Potential energy:         74.9924
             Current temperature:  0.4042
 --------------------------------------------------
 thermalise> Completed equilibration step     1150
             Total energy:            161.3658
             Kinetic energy:           91.6040
             Potential energy:         69.7618
             Current temperature:  0.4301
 --------------------------------------------------
 thermalise> Completed equilibration step     1200
             Total energy:            157.9732
             Kinetic energy:           83.9057
             Potential energy:         74.0675
             Current temperature:  0.3939
 --------------------------------------------------
 thermalise> Completed equilibration step     1250
             Total energy:            158.1808
             Kinetic energy:           85.0638
             Potential energy:         73.1170
             Current temperature:  0.3994
 --------------------------------------------------
 thermalise> Completed equilibration step     1300
             Total energy:            158.8339
             Kinetic energy:           83.8679
             Potential energy:         74.9660
             Current temperature:  0.3937
 --------------------------------------------------
 thermalise> Completed equilibration step     1350
             Total energy:            161.2632
             Kinetic energy:           86.1071
             Potential energy:         75.1562
             Current temperature:  0.4043
 --------------------------------------------------
 thermalise> Completed equilibration step     1400
             Total energy:            159.1904
             Kinetic energy:           83.8158
             Potential energy:         75.3746
             Current temperature:  0.3935
 --------------------------------------------------
 thermalise> Completed equilibration step     1450
             Total energy:            156.4654
             Kinetic energy:           91.0127
             Potential energy:         65.4527
             Current temperature:  0.4273
 --------------------------------------------------
 thermalise> Completed equilibration step     1500
             Total energy:            156.9131
             Kinetic energy:           88.1095
             Potential energy:         68.8036
             Current temperature:  0.4137
 --------------------------------------------------
 thermalise> Completed equilibration step     1550
             Total energy:            154.6951
             Kinetic energy:           83.6696
             Potential energy:         71.0255
             Current temperature:  0.3928
 --------------------------------------------------
 thermalise> Completed equilibration step     1600
             Total energy:            159.8474
             Kinetic energy:           91.0896
             Potential energy:         68.7578
             Current temperature:  0.4277
 --------------------------------------------------
 thermalise> Completed equilibration step     1650
             Total energy:            159.8113
             Kinetic energy:           89.5614
             Potential energy:         70.2499
             Current temperature:  0.4205
 --------------------------------------------------
 thermalise> Completed equilibration step     1700
             Total energy:            157.3245
             Kinetic energy:           82.8947
             Potential energy:         74.4298
             Current temperature:  0.3892
 --------------------------------------------------
 thermalise> Completed equilibration step     1750
             Total energy:            159.1354
             Kinetic energy:           89.1450
             Potential energy:         69.9904
             Current temperature:  0.4185
 --------------------------------------------------
 thermalise> Completed equilibration step     1800
             Total energy:            157.2648
             Kinetic energy:           84.6464
             Potential energy:         72.6183
             Current temperature:  0.3974
 --------------------------------------------------
 thermalise> Completed equilibration step     1850
             Total energy:            155.4461
             Kinetic energy:           81.1200
             Potential energy:         74.3261
             Current temperature:  0.3808
 --------------------------------------------------
 thermalise> Completed equilibration step     1900
             Total energy:            156.8703
             Kinetic energy:           80.9799
             Potential energy:         75.8904
             Current temperature:  0.3802
 --------------------------------------------------
 thermalise> Completed equilibration step     1950
             Total energy:            156.3445
             Kinetic energy:           88.6557
             Potential energy:         67.6889
             Current temperature:  0.4162
 --------------------------------------------------
 thermalise> Completed equilibration step     2000
             Total energy:            154.6361
             Kinetic energy:           94.3357
             Potential energy:         60.3004
             Current temperature:  0.4429
 --------------------------------------------------
 thermalise> Thermalisation step       17 with T=  0.411
 thermalise_rescale> Target T:    0.411, current T:   0.443, scaling:    0.963
 thermalise> Completed equilibration step       50
             Total energy:            152.3391
             Kinetic energy:           88.5318
             Potential energy:         63.8073
             Current temperature:  0.4156
 --------------------------------------------------
 thermalise> Completed equilibration step      100
             Total energy:            150.6162
             Kinetic energy:           81.7964
             Potential energy:         68.8198
             Current temperature:  0.3840
 --------------------------------------------------
 thermalise> Completed equilibration step      150
             Total energy:            150.3871
             Kinetic energy:           84.2415
             Potential energy:         66.1456
             Current temperature:  0.3955
 --------------------------------------------------
 thermalise> Completed equilibration step      200
             Total energy:            150.8130
             Kinetic energy:           84.4571
             Potential energy:         66.3559
             Current temperature:  0.3965
 --------------------------------------------------
 thermalise> Completed equilibration step      250
             Total energy:            151.6579
             Kinetic energy:           80.4117
             Potential energy:         71.2463
             Current temperature:  0.3775
 --------------------------------------------------
 thermalise> Completed equilibration step      300
             Total energy:            153.5546
             Kinetic energy:           74.1015
             Potential energy:         79.4531
             Current temperature:  0.3479
 --------------------------------------------------
 thermalise> Completed equilibration step      350
             Total energy:            152.2829
             Kinetic energy:           84.9189
             Potential energy:         67.3640
             Current temperature:  0.3987
 --------------------------------------------------
 thermalise> Completed equilibration step      400
             Total energy:            153.0155
             Kinetic energy:           85.3826
             Potential energy:         67.6329
             Current temperature:  0.4009
 --------------------------------------------------
 thermalise> Completed equilibration step      450
             Total energy:            152.4196
             Kinetic energy:           84.8584
             Potential energy:         67.5612
             Current temperature:  0.3984
 --------------------------------------------------
 thermalise> Completed equilibration step      500
             Total energy:            149.9956
             Kinetic energy:           79.5665
             Potential energy:         70.4291
             Current temperature:  0.3736
 --------------------------------------------------
 thermalise> Completed equilibration step      550
             Total energy:            151.5377
             Kinetic energy:           83.3771
             Potential energy:         68.1606
             Current temperature:  0.3914
 --------------------------------------------------
 thermalise> Completed equilibration step      600
             Total energy:            150.3517
             Kinetic energy:           80.6563
             Potential energy:         69.6955
             Current temperature:  0.3787
 --------------------------------------------------
 thermalise> Completed equilibration step      650
             Total energy:            152.7072
             Kinetic energy:           87.3316
             Potential energy:         65.3757
             Current temperature:  0.4100
 --------------------------------------------------
 thermalise> Completed equilibration step      700
             Total energy:            151.2743
             Kinetic energy:           83.4378
             Potential energy:         67.8366
             Current temperature:  0.3917
 --------------------------------------------------
 thermalise> Completed equilibration step      750
             Total energy:            152.4359
             Kinetic energy:           88.3295
             Potential energy:         64.1064
             Current temperature:  0.4147
 --------------------------------------------------
 thermalise> Completed equilibration step      800
             Total energy:            153.2942
             Kinetic energy:           80.7887
             Potential energy:         72.5055
             Current temperature:  0.3793
 --------------------------------------------------
 thermalise> Completed equilibration step      850
             Total energy:            153.1505
             Kinetic energy:           87.8430
             Potential energy:         65.3075
             Current temperature:  0.4124
 --------------------------------------------------
 thermalise> Completed equilibration step      900
             Total energy:            152.0692
             Kinetic energy:           78.5088
             Potential energy:         73.5603
             Current temperature:  0.3686
 --------------------------------------------------
 thermalise> Completed equilibration step      950
             Total energy:            150.2919
             Kinetic energy:           79.9296
             Potential energy:         70.3623
             Current temperature:  0.3753
 --------------------------------------------------
 thermalise> Completed equilibration step     1000
             Total energy:            149.5690
             Kinetic energy:           79.8777
             Potential energy:         69.6912
             Current temperature:  0.3750
 --------------------------------------------------
 thermalise> Completed equilibration step     1050
             Total energy:            153.7848
             Kinetic energy:           78.4292
             Potential energy:         75.3556
             Current temperature:  0.3682
 --------------------------------------------------
 thermalise> Completed equilibration step     1100
             Total energy:            155.4807
             Kinetic energy:           92.2662
             Potential energy:         63.2145
             Current temperature:  0.4332
 --------------------------------------------------
 thermalise> Completed equilibration step     1150
             Total energy:            159.7485
             Kinetic energy:           93.9155
             Potential energy:         65.8331
             Current temperature:  0.4409
 --------------------------------------------------
 thermalise> Completed equilibration step     1200
             Total energy:            157.0731
             Kinetic energy:           91.4260
             Potential energy:         65.6471
             Current temperature:  0.4292
 --------------------------------------------------
 thermalise> Completed equilibration step     1250
             Total energy:            154.5297
             Kinetic energy:           86.5579
             Potential energy:         67.9718
             Current temperature:  0.4064
 --------------------------------------------------
 thermalise> Completed equilibration step     1300
             Total energy:            155.5603
             Kinetic energy:           86.3555
             Potential energy:         69.2047
             Current temperature:  0.4054
 --------------------------------------------------
 thermalise> Completed equilibration step     1350
             Total energy:            156.2989
             Kinetic energy:           82.7205
             Potential energy:         73.5785
             Current temperature:  0.3884
 --------------------------------------------------
 thermalise> Completed equilibration step     1400
             Total energy:            155.7913
             Kinetic energy:           82.3109
             Potential energy:         73.4804
             Current temperature:  0.3864
 --------------------------------------------------
 thermalise> Completed equilibration step     1450
             Total energy:            153.9473
             Kinetic energy:           89.1677
             Potential energy:         64.7796
             Current temperature:  0.4186
 --------------------------------------------------
 thermalise> Completed equilibration step     1500
             Total energy:            152.5357
             Kinetic energy:           83.7427
             Potential energy:         68.7931
             Current temperature:  0.3932
 --------------------------------------------------
 thermalise> Completed equilibration step     1550
             Total energy:            152.9551
             Kinetic energy:           90.9500
             Potential energy:         62.0051
             Current temperature:  0.4270
 --------------------------------------------------
 thermalise> Completed equilibration step     1600
             Total energy:            151.2090
             Kinetic energy:           79.6404
             Potential energy:         71.5686
             Current temperature:  0.3739
 --------------------------------------------------
 thermalise> Completed equilibration step     1650
             Total energy:            149.6342
             Kinetic energy:           79.5401
             Potential energy:         70.0942
             Current temperature:  0.3734
 --------------------------------------------------
 thermalise> Completed equilibration step     1700
             Total energy:            156.9051
             Kinetic energy:           84.2756
             Potential energy:         72.6296
             Current temperature:  0.3957
 --------------------------------------------------
 thermalise> Completed equilibration step     1750
             Total energy:            154.8074
             Kinetic energy:           87.4155
             Potential energy:         67.3918
             Current temperature:  0.4104
 --------------------------------------------------
 thermalise> Completed equilibration step     1800
             Total energy:            158.5678
             Kinetic energy:           94.0848
             Potential energy:         64.4830
             Current temperature:  0.4417
 --------------------------------------------------
 thermalise> Completed equilibration step     1850
             Total energy:            158.1319
             Kinetic energy:           88.6847
             Potential energy:         69.4473
             Current temperature:  0.4164
 --------------------------------------------------
 thermalise> Completed equilibration step     1900
             Total energy:            156.4041
             Kinetic energy:           93.6505
             Potential energy:         62.7536
             Current temperature:  0.4397
 --------------------------------------------------
 thermalise> Completed equilibration step     1950
             Total energy:            157.1523
             Kinetic energy:           90.0293
             Potential energy:         67.1230
             Current temperature:  0.4227
 --------------------------------------------------
 thermalise> Completed equilibration step     2000
             Total energy:            161.0146
             Kinetic energy:           88.8184
             Potential energy:         72.1963
             Current temperature:  0.4170
 --------------------------------------------------
 thermalise> Thermalisation step       18 with T=  0.436
 thermalise_rescale> Target T:    0.436, current T:   0.417, scaling:    1.023
 thermalise> Completed equilibration step       50
             Total energy:            161.6027
             Kinetic energy:           88.6993
             Potential energy:         72.9034
             Current temperature:  0.4164
 --------------------------------------------------
 thermalise> Completed equilibration step      100
             Total energy:            158.6698
             Kinetic energy:           92.4819
             Potential energy:         66.1879
             Current temperature:  0.4342
 --------------------------------------------------
 thermalise> Completed equilibration step      150
             Total energy:            163.1715
             Kinetic energy:           91.0313
             Potential energy:         72.1402
             Current temperature:  0.4274
 --------------------------------------------------
 thermalise> Completed equilibration step      200
             Total energy:            165.8718
             Kinetic energy:           92.4346
             Potential energy:         73.4372
             Current temperature:  0.4340
 --------------------------------------------------
 thermalise> Completed equilibration step      250
             Total energy:            164.8002
             Kinetic energy:           89.3017
             Potential energy:         75.4985
             Current temperature:  0.4193
 --------------------------------------------------
 thermalise> Completed equilibration step      300
             Total energy:            164.8449
             Kinetic energy:           96.9706
             Potential energy:         67.8743
             Current temperature:  0.4553
 --------------------------------------------------
 thermalise> Completed equilibration step      350
             Total energy:            162.3706
             Kinetic energy:           88.9187
             Potential energy:         73.4519
             Current temperature:  0.4175
 --------------------------------------------------
 thermalise> Completed equilibration step      400
             Total energy:            163.1332
             Kinetic energy:           90.5892
             Potential energy:         72.5440
             Current temperature:  0.4253
 --------------------------------------------------
 thermalise> Completed equilibration step      450
             Total energy:            158.8212
             Kinetic energy:           93.0422
             Potential energy:         65.7791
             Current temperature:  0.4368
 --------------------------------------------------
 thermalise> Completed equilibration step      500
             Total energy:            162.1202
             Kinetic energy:           98.5704
             Potential energy:         63.5498
             Current temperature:  0.4628
 --------------------------------------------------
 thermalise> Completed equilibration step      550
             Total energy:            155.7744
             Kinetic energy:           89.4948
             Potential energy:         66.2796
             Current temperature:  0.4202
 --------------------------------------------------
 thermalise> Completed equilibration step      600
             Total energy:            153.5287
             Kinetic energy:           91.9748
             Potential energy:         61.5539
             Current temperature:  0.4318
 --------------------------------------------------
 thermalise> Completed equilibration step      650
             Total energy:            155.5821
             Kinetic energy:           88.4379
             Potential energy:         67.1442
             Current temperature:  0.4152
 --------------------------------------------------
 thermalise> Completed equilibration step      700
             Total energy:            157.2291
             Kinetic energy:           86.6580
             Potential energy:         70.5711
             Current temperature:  0.4068
 --------------------------------------------------
 thermalise> Completed equilibration step      750
             Total energy:            161.0500
             Kinetic energy:           95.0049
             Potential energy:         66.0452
             Current temperature:  0.4460
 --------------------------------------------------
 thermalise> Completed equilibration step      800
             Total energy:            160.5624
             Kinetic energy:           87.4244
             Potential energy:         73.1380
             Current temperature:  0.4104
 --------------------------------------------------
 thermalise> Completed equilibration step      850
             Total energy:            157.2240
             Kinetic energy:           78.5063
             Potential energy:         78.7177
             Current temperature:  0.3686
 --------------------------------------------------
 thermalise> Completed equilibration step      900
             Total energy:            153.9394
             Kinetic energy:           87.8356
             Potential energy:         66.1038
             Current temperature:  0.4124
 --------------------------------------------------
 thermalise> Completed equilibration step      950
             Total energy:            155.9617
             Kinetic energy:           84.3661
             Potential energy:         71.5956
             Current temperature:  0.3961
 --------------------------------------------------
 thermalise> Completed equilibration step     1000
             Total energy:            157.5552
             Kinetic energy:           86.2184
             Potential energy:         71.3368
             Current temperature:  0.4048
 --------------------------------------------------
 thermalise> Completed equilibration step     1050
             Total energy:            157.6926
             Kinetic energy:           85.4253
             Potential energy:         72.2673
             Current temperature:  0.4011
 --------------------------------------------------
 thermalise> Completed equilibration step     1100
             Total energy:            154.9673
             Kinetic energy:           79.5675
             Potential energy:         75.3997
             Current temperature:  0.3736
 --------------------------------------------------
 thermalise> Completed equilibration step     1150
             Total energy:            155.5753
             Kinetic energy:           90.1180
             Potential energy:         65.4573
             Current temperature:  0.4231
 --------------------------------------------------
 thermalise> Completed equilibration step     1200
             Total energy:            161.9677
             Kinetic energy:           89.1403
             Potential energy:         72.8273
             Current temperature:  0.4185
 --------------------------------------------------
 thermalise> Completed equilibration step     1250
             Total energy:            158.0319
             Kinetic energy:           92.3746
             Potential energy:         65.6573
             Current temperature:  0.4337
 --------------------------------------------------
 thermalise> Completed equilibration step     1300
             Total energy:            159.6431
             Kinetic energy:           86.5288
             Potential energy:         73.1143
             Current temperature:  0.4062
 --------------------------------------------------
 thermalise> Completed equilibration step     1350
             Total energy:            159.4237
             Kinetic energy:           87.3063
             Potential energy:         72.1174
             Current temperature:  0.4099
 --------------------------------------------------
 thermalise> Completed equilibration step     1400
             Total energy:            155.9535
             Kinetic energy:           79.3215
             Potential energy:         76.6320
             Current temperature:  0.3724
 --------------------------------------------------
 thermalise> Completed equilibration step     1450
             Total energy:            155.8864
             Kinetic energy:           82.8023
             Potential energy:         73.0841
             Current temperature:  0.3887
 --------------------------------------------------
 thermalise> Completed equilibration step     1500
             Total energy:            157.7564
             Kinetic energy:           88.1497
             Potential energy:         69.6067
             Current temperature:  0.4138
 --------------------------------------------------
 thermalise> Completed equilibration step     1550
             Total energy:            159.8901
             Kinetic energy:           88.9731
             Potential energy:         70.9170
             Current temperature:  0.4177
 --------------------------------------------------
 thermalise> Completed equilibration step     1600
             Total energy:            163.6620
             Kinetic energy:           93.5248
             Potential energy:         70.1372
             Current temperature:  0.4391
 --------------------------------------------------
 thermalise> Completed equilibration step     1650
             Total energy:            166.6682
             Kinetic energy:           97.7265
             Potential energy:         68.9417
             Current temperature:  0.4588
 --------------------------------------------------
 thermalise> Completed equilibration step     1700
             Total energy:            165.4956
             Kinetic energy:           99.6515
             Potential energy:         65.8441
             Current temperature:  0.4678
 --------------------------------------------------
 thermalise> Completed equilibration step     1750
             Total energy:            164.0772
             Kinetic energy:           88.4351
             Potential energy:         75.6421
             Current temperature:  0.4152
 --------------------------------------------------
 thermalise> Completed equilibration step     1800
             Total energy:            165.0578
             Kinetic energy:           86.3761
             Potential energy:         78.6816
             Current temperature:  0.4055
 --------------------------------------------------
 thermalise> Completed equilibration step     1850
             Total energy:            167.2669
             Kinetic energy:           87.2255
             Potential energy:         80.0414
             Current temperature:  0.4095
 --------------------------------------------------
 thermalise> Completed equilibration step     1900
             Total energy:            166.1275
             Kinetic energy:           90.2895
             Potential energy:         75.8380
             Current temperature:  0.4239
 --------------------------------------------------
 thermalise> Completed equilibration step     1950
             Total energy:            173.2545
             Kinetic energy:           93.7320
             Potential energy:         79.5225
             Current temperature:  0.4401
 --------------------------------------------------
 thermalise> Completed equilibration step     2000
             Total energy:            169.2004
             Kinetic energy:           91.3015
             Potential energy:         77.8989
             Current temperature:  0.4286
 --------------------------------------------------
 thermalise> Thermalisation step       19 with T=  0.462
 thermalise_rescale> Target T:    0.462, current T:   0.429, scaling:    1.038
 thermalise> Completed equilibration step       50
             Total energy:            178.4482
             Kinetic energy:           96.0432
             Potential energy:         82.4049
             Current temperature:  0.4509
 --------------------------------------------------
 thermalise> Completed equilibration step      100
             Total energy:            180.4401
             Kinetic energy:          102.8624
             Potential energy:         77.5776
             Current temperature:  0.4829
 --------------------------------------------------
 thermalise> Completed equilibration step      150
             Total energy:            182.8521
             Kinetic energy:          101.0631
             Potential energy:         81.7889
             Current temperature:  0.4745
 --------------------------------------------------
 thermalise> Completed equilibration step      200
             Total energy:            179.6644
             Kinetic energy:          106.9741
             Potential energy:         72.6903
             Current temperature:  0.5022
 --------------------------------------------------
 thermalise> Completed equilibration step      250
             Total energy:            177.5339
             Kinetic energy:           94.0907
             Potential energy:         83.4432
             Current temperature:  0.4417
 --------------------------------------------------
 thermalise> Completed equilibration step      300
             Total energy:            180.0780
             Kinetic energy:          102.9717
             Potential energy:         77.1063
             Current temperature:  0.4834
 --------------------------------------------------
 thermalise> Completed equilibration step      350
             Total energy:            176.1650
             Kinetic energy:          104.6967
             Potential energy:         71.4683
             Current temperature:  0.4915
 --------------------------------------------------
 thermalise> Completed equilibration step      400
             Total energy:            183.0947
             Kinetic energy:           95.5195
             Potential energy:         87.5752
             Current temperature:  0.4484
 --------------------------------------------------
 thermalise> Completed equilibration step      450
             Total energy:            178.4724
             Kinetic energy:           96.3216
             Potential energy:         82.1508
             Current temperature:  0.4522
 --------------------------------------------------
 thermalise> Completed equilibration step      500
             Total energy:            174.9153
             Kinetic energy:          103.4929
             Potential energy:         71.4224
             Current temperature:  0.4859
 --------------------------------------------------
 thermalise> Completed equilibration step      550
             Total energy:            171.4673
             Kinetic energy:           86.8765
             Potential energy:         84.5908
             Current temperature:  0.4079
 --------------------------------------------------
 thermalise> Completed equilibration step      600
             Total energy:            168.3950
             Kinetic energy:           88.0305
             Potential energy:         80.3645
             Current temperature:  0.4133
 --------------------------------------------------
 thermalise> Completed equilibration step      650
             Total energy:            166.0694
             Kinetic energy:           89.6701
             Potential energy:         76.3993
             Current temperature:  0.4210
 --------------------------------------------------
 thermalise> Completed equilibration step      700
             Total energy:            169.0119
             Kinetic energy:           92.9584
             Potential energy:         76.0534
             Current temperature:  0.4364
 --------------------------------------------------
 thermalise> Completed equilibration step      750
             Total energy:            168.8794
             Kinetic energy:           90.3844
             Potential energy:         78.4950
             Current temperature:  0.4243
 --------------------------------------------------
 thermalise> Completed equilibration step      800
             Total energy:            168.9937
             Kinetic energy:           91.1922
             Potential energy:         77.8015
             Current temperature:  0.4281
 --------------------------------------------------
 thermalise> Completed equilibration step      850
             Total energy:            172.3331
             Kinetic energy:           87.9960
             Potential energy:         84.3370
             Current temperature:  0.4131
 --------------------------------------------------
 thermalise> Completed equilibration step      900
             Total energy:            172.4549
             Kinetic energy:           84.3177
             Potential energy:         88.1372
             Current temperature:  0.3959
 --------------------------------------------------
 thermalise> Completed equilibration step      950
             Total energy:            175.8324
             Kinetic energy:          100.4391
             Potential energy:         75.3933
             Current temperature:  0.4715
 --------------------------------------------------
 thermalise> Completed equilibration step     1000
             Total energy:            174.2630
             Kinetic energy:           96.4323
             Potential energy:         77.8307
             Current temperature:  0.4527
 --------------------------------------------------
 thermalise> Completed equilibration step     1050
             Total energy:            177.9346
             Kinetic energy:           93.0767
             Potential energy:         84.8579
             Current temperature:  0.4370
 --------------------------------------------------
 thermalise> Completed equilibration step     1100
             Total energy:            180.4698
             Kinetic energy:          103.2419
             Potential energy:         77.2279
             Current temperature:  0.4847
 --------------------------------------------------
 thermalise> Completed equilibration step     1150
             Total energy:            181.0430
             Kinetic energy:          100.3950
             Potential energy:         80.6479
             Current temperature:  0.4713
 --------------------------------------------------
 thermalise> Completed equilibration step     1200
             Total energy:            183.3625
             Kinetic energy:           94.6024
             Potential energy:         88.7601
             Current temperature:  0.4441
 --------------------------------------------------
 thermalise> Completed equilibration step     1250
             Total energy:            186.1361
             Kinetic energy:          107.6755
             Potential energy:         78.4606
             Current temperature:  0.5055
 --------------------------------------------------
 thermalise> Completed equilibration step     1300
             Total energy:            183.3250
             Kinetic energy:           99.7851
             Potential energy:         83.5400
             Current temperature:  0.4685
 --------------------------------------------------
 thermalise> Completed equilibration step     1350
             Total energy:            182.6640
             Kinetic energy:          104.1868
             Potential energy:         78.4772
             Current temperature:  0.4891
 --------------------------------------------------
 thermalise> Completed equilibration step     1400
             Total energy:            181.0124
             Kinetic energy:           97.4019
             Potential energy:         83.6105
             Current temperature:  0.4573
 --------------------------------------------------
 thermalise> Completed equilibration step     1450
             Total energy:            178.9993
             Kinetic energy:           97.1666
             Potential energy:         81.8327
             Current temperature:  0.4562
 --------------------------------------------------
 thermalise> Completed equilibration step     1500
             Total energy:            181.4652
             Kinetic energy:           95.9827
             Potential energy:         85.4825
             Current temperature:  0.4506
 --------------------------------------------------
 thermalise> Completed equilibration step     1550
             Total energy:            177.3067
             Kinetic energy:           95.1805
             Potential energy:         82.1262
             Current temperature:  0.4469
 --------------------------------------------------
 thermalise> Completed equilibration step     1600
             Total energy:            179.1169
             Kinetic energy:           95.2640
             Potential energy:         83.8528
             Current temperature:  0.4472
 --------------------------------------------------
 thermalise> Completed equilibration step     1650
             Total energy:            180.5252
             Kinetic energy:           99.2639
             Potential energy:         81.2613
             Current temperature:  0.4660
 --------------------------------------------------
 thermalise> Completed equilibration step     1700
             Total energy:            176.9346
             Kinetic energy:           87.9176
             Potential energy:         89.0170
             Current temperature:  0.4128
 --------------------------------------------------
 thermalise> Completed equilibration step     1750
             Total energy:            175.0794
             Kinetic energy:           94.2538
             Potential energy:         80.8256
             Current temperature:  0.4425
 --------------------------------------------------
 thermalise> Completed equilibration step     1800
             Total energy:            176.8416
             Kinetic energy:           99.8083
             Potential energy:         77.0333
             Current temperature:  0.4686
 --------------------------------------------------
 thermalise> Completed equilibration step     1850
             Total energy:            177.8238
             Kinetic energy:          100.6973
             Potential energy:         77.1264
             Current temperature:  0.4728
 --------------------------------------------------
 thermalise> Completed equilibration step     1900
             Total energy:            176.3571
             Kinetic energy:          102.4876
             Potential energy:         73.8695
             Current temperature:  0.4812
 --------------------------------------------------
 thermalise> Completed equilibration step     1950
             Total energy:            174.7007
             Kinetic energy:          104.0036
             Potential energy:         70.6971
             Current temperature:  0.4883
 --------------------------------------------------
 thermalise> Completed equilibration step     2000
             Total energy:            174.0447
             Kinetic energy:           99.6569
             Potential energy:         74.3877
             Current temperature:  0.4679
 --------------------------------------------------
 thermalise> Thermalisation step       20 with T=  0.488
 thermalise_rescale> Target T:    0.488, current T:   0.468, scaling:    1.021
 thermalise> Completed equilibration step       50
             Total energy:            176.6586
             Kinetic energy:           95.7057
             Potential energy:         80.9529
             Current temperature:  0.4493
 --------------------------------------------------
 thermalise> Completed equilibration step      100
             Total energy:            177.1955
             Kinetic energy:           89.8949
             Potential energy:         87.3006
             Current temperature:  0.4220
 --------------------------------------------------
 thermalise> Completed equilibration step      150
             Total energy:            175.9048
             Kinetic energy:           95.8171
             Potential energy:         80.0877
             Current temperature:  0.4498
 --------------------------------------------------
 thermalise> Completed equilibration step      200
             Total energy:            170.4086
             Kinetic energy:           91.4659
             Potential energy:         78.9427
             Current temperature:  0.4294
 --------------------------------------------------
 thermalise> Completed equilibration step      250
             Total energy:            172.2335
             Kinetic energy:           99.8801
             Potential energy:         72.3534
             Current temperature:  0.4689
 --------------------------------------------------
 thermalise> Completed equilibration step      300
             Total energy:            170.3306
             Kinetic energy:           88.6370
             Potential energy:         81.6936
             Current temperature:  0.4161
 --------------------------------------------------
 thermalise> Completed equilibration step      350
             Total energy:            174.1563
             Kinetic energy:           90.7704
             Potential energy:         83.3858
             Current temperature:  0.4262
 --------------------------------------------------
 thermalise> Completed equilibration step      400
             Total energy:            176.2308
             Kinetic energy:           97.5240
             Potential energy:         78.7068
             Current temperature:  0.4579
 --------------------------------------------------
 thermalise> Completed equilibration step      450
             Total energy:            175.9804
             Kinetic energy:          101.1916
             Potential energy:         74.7888
             Current temperature:  0.4751
 --------------------------------------------------
 thermalise> Completed equilibration step      500
             Total energy:            179.6730
             Kinetic energy:           99.7923
             Potential energy:         79.8807
             Current temperature:  0.4685
 --------------------------------------------------
 thermalise> Completed equilibration step      550
             Total energy:            176.7655
             Kinetic energy:          106.2153
             Potential energy:         70.5502
             Current temperature:  0.4987
 --------------------------------------------------
 thermalise> Completed equilibration step      600
             Total energy:            180.1900
             Kinetic energy:           99.3807
             Potential energy:         80.8092
             Current temperature:  0.4666
 --------------------------------------------------
 thermalise> Completed equilibration step      650
             Total energy:            178.4143
             Kinetic energy:          105.1227
             Potential energy:         73.2917
             Current temperature:  0.4935
 --------------------------------------------------
 thermalise> Completed equilibration step      700
             Total energy:            181.3049
             Kinetic energy:          103.4590
             Potential energy:         77.8459
             Current temperature:  0.4857
 --------------------------------------------------
 thermalise> Completed equilibration step      750
             Total energy:            180.2023
             Kinetic energy:           99.4211
             Potential energy:         80.7813
             Current temperature:  0.4668
 --------------------------------------------------
 thermalise> Completed equilibration step      800
             Total energy:            179.6879
             Kinetic energy:           99.9491
             Potential energy:         79.7388
             Current temperature:  0.4692
 --------------------------------------------------
 thermalise> Completed equilibration step      850
             Total energy:            177.7449
             Kinetic energy:          100.0837
             Potential energy:         77.6612
             Current temperature:  0.4699
 --------------------------------------------------
 thermalise> Completed equilibration step      900
             Total energy:            176.7965
             Kinetic energy:          102.5986
             Potential energy:         74.1979
             Current temperature:  0.4817
 --------------------------------------------------
 thermalise> Completed equilibration step      950
             Total energy:            174.7920
             Kinetic energy:           87.9285
             Potential energy:         86.8635
             Current temperature:  0.4128
 --------------------------------------------------
 thermalise> Completed equilibration step     1000
             Total energy:            179.7570
             Kinetic energy:           91.8856
             Potential energy:         87.8714
             Current temperature:  0.4314
 --------------------------------------------------
 thermalise> Completed equilibration step     1050
             Total energy:            182.7517
             Kinetic energy:           92.3977
             Potential energy:         90.3540
             Current temperature:  0.4338
 --------------------------------------------------
 thermalise> Completed equilibration step     1100
             Total energy:            186.4365
             Kinetic energy:          102.1787
             Potential energy:         84.2578
             Current temperature:  0.4797
 --------------------------------------------------
 thermalise> Completed equilibration step     1150
             Total energy:            186.3057
             Kinetic energy:          108.7094
             Potential energy:         77.5962
             Current temperature:  0.5104
 --------------------------------------------------
 thermalise> Completed equilibration step     1200
             Total energy:            186.7373
             Kinetic energy:           97.2817
             Potential energy:         89.4556
             Current temperature:  0.4567
 --------------------------------------------------
 thermalise> Completed equilibration step     1250
             Total energy:            183.4049
             Kinetic energy:           95.1657
             Potential energy:         88.2392
             Current temperature:  0.4468
 --------------------------------------------------
 thermalise> Completed equilibration step     1300
             Total energy:            184.9780
             Kinetic energy:          104.6632
             Potential energy:         80.3148
             Current temperature:  0.4914
 --------------------------------------------------
 thermalise> Completed equilibration step     1350
             Total energy:            186.5036
             Kinetic energy:          103.4590
             Potential energy:         83.0446
             Current temperature:  0.4857
 --------------------------------------------------
 thermalise> Completed equilibration step     1400
             Total energy:            184.4193
             Kinetic energy:          102.2185
             Potential energy:         82.2008
             Current temperature:  0.4799
 --------------------------------------------------
 thermalise> Completed equilibration step     1450
             Total energy:            184.9988
             Kinetic energy:          100.2050
             Potential energy:         84.7939
             Current temperature:  0.4704
 --------------------------------------------------
 thermalise> Completed equilibration step     1500
             Total energy:            185.6921
             Kinetic energy:          100.1124
             Potential energy:         85.5797
             Current temperature:  0.4700
 --------------------------------------------------
 thermalise> Completed equilibration step     1550
             Total energy:            190.3390
             Kinetic energy:          100.8185
             Potential energy:         89.5206
             Current temperature:  0.4733
 --------------------------------------------------
 thermalise> Completed equilibration step     1600
             Total energy:            191.2754
             Kinetic energy:          106.5505
             Potential energy:         84.7249
             Current temperature:  0.5002
 --------------------------------------------------
 thermalise> Completed equilibration step     1650
             Total energy:            189.1514
             Kinetic energy:           99.7669
             Potential energy:         89.3844
             Current temperature:  0.4684
 --------------------------------------------------
 thermalise> Completed equilibration step     1700
             Total energy:            187.6636
             Kinetic energy:          103.7975
             Potential energy:         83.8661
             Current temperature:  0.4873
 --------------------------------------------------
 thermalise> Completed equilibration step     1750
             Total energy:            187.8786
             Kinetic energy:          101.9640
             Potential energy:         85.9146
             Current temperature:  0.4787
 --------------------------------------------------
 thermalise> Completed equilibration step     1800
             Total energy:            188.4547
             Kinetic energy:          101.0921
             Potential energy:         87.3625
             Current temperature:  0.4746
 --------------------------------------------------
 thermalise> Completed equilibration step     1850
             Total energy:            184.7623
             Kinetic energy:          105.5204
             Potential energy:         79.2419
             Current temperature:  0.4954
 --------------------------------------------------
 thermalise> Completed equilibration step     1900
             Total energy:            181.5442
             Kinetic energy:          101.7181
             Potential energy:         79.8261
             Current temperature:  0.4775
 --------------------------------------------------
 thermalise> Completed equilibration step     1950
             Total energy:            180.1346
             Kinetic energy:          105.7318
             Potential energy:         74.4027
             Current temperature:  0.4964
 --------------------------------------------------
 thermalise> Completed equilibration step     2000
             Total energy:            179.4539
             Kinetic energy:           95.7635
             Potential energy:         83.6904
             Current temperature:  0.4496
 --------------------------------------------------
 thermalise> Thermalisation step       21 with T=  0.513
 thermalise_rescale> Target T:    0.513, current T:   0.450, scaling:    1.069
 thermalise> Completed equilibration step       50
             Total energy:            198.8318
             Kinetic energy:          116.6862
             Potential energy:         82.1457
             Current temperature:  0.5478
 --------------------------------------------------
 thermalise> Completed equilibration step      100
             Total energy:            202.1686
             Kinetic energy:          107.4244
             Potential energy:         94.7442
             Current temperature:  0.5043
 --------------------------------------------------
 thermalise> Completed equilibration step      150
             Total energy:            198.5944
             Kinetic energy:           98.3803
             Potential energy:        100.2141
             Current temperature:  0.4619
 --------------------------------------------------
 thermalise> Completed equilibration step      200
             Total energy:            199.7411
             Kinetic energy:          106.4145
             Potential energy:         93.3266
             Current temperature:  0.4996
 --------------------------------------------------
 thermalise> Completed equilibration step      250
             Total energy:            193.9545
             Kinetic energy:          113.0104
             Potential energy:         80.9441
             Current temperature:  0.5306
 --------------------------------------------------
 thermalise> Completed equilibration step      300
             Total energy:            192.4548
             Kinetic energy:          102.6194
             Potential energy:         89.8354
             Current temperature:  0.4818
 --------------------------------------------------
 thermalise> Completed equilibration step      350
             Total energy:            187.7147
             Kinetic energy:           93.4094
             Potential energy:         94.3053
             Current temperature:  0.4385
 --------------------------------------------------
 thermalise> Completed equilibration step      400
             Total energy:            189.4380
             Kinetic energy:          113.1754
             Potential energy:         76.2626
             Current temperature:  0.5313
 --------------------------------------------------
 thermalise> Completed equilibration step      450
             Total energy:            187.9944
             Kinetic energy:          109.5003
             Potential energy:         78.4941
             Current temperature:  0.5141
 --------------------------------------------------
 thermalise> Completed equilibration step      500
             Total energy:            189.8308
             Kinetic energy:          102.3495
             Potential energy:         87.4813
             Current temperature:  0.4805
 --------------------------------------------------
 thermalise> Completed equilibration step      550
             Total energy:            189.9551
             Kinetic energy:           98.4947
             Potential energy:         91.4604
             Current temperature:  0.4624
 --------------------------------------------------
 thermalise> Completed equilibration step      600
             Total energy:            192.7639
             Kinetic energy:          100.4158
             Potential energy:         92.3481
             Current temperature:  0.4714
 --------------------------------------------------
 thermalise> Completed equilibration step      650
             Total energy:            188.3285
             Kinetic energy:          101.1016
             Potential energy:         87.2269
             Current temperature:  0.4747
 --------------------------------------------------
 thermalise> Completed equilibration step      700
             Total energy:            191.2584
             Kinetic energy:          104.4905
             Potential energy:         86.7679
             Current temperature:  0.4906
 --------------------------------------------------
 thermalise> Completed equilibration step      750
             Total energy:            196.7311
             Kinetic energy:          107.9559
             Potential energy:         88.7752
             Current temperature:  0.5068
 --------------------------------------------------
 thermalise> Completed equilibration step      800
             Total energy:            202.7464
             Kinetic energy:          101.8929
             Potential energy:        100.8535
             Current temperature:  0.4784
 --------------------------------------------------
 thermalise> Completed equilibration step      850
             Total energy:            200.4460
             Kinetic energy:          106.5314
             Potential energy:         93.9146
             Current temperature:  0.5001
 --------------------------------------------------
 thermalise> Completed equilibration step      900
             Total energy:            198.7335
             Kinetic energy:          109.8742
             Potential energy:         88.8593
             Current temperature:  0.5158
 --------------------------------------------------
 thermalise> Completed equilibration step      950
             Total energy:            202.6483
             Kinetic energy:          110.7885
             Potential energy:         91.8597
             Current temperature:  0.5201
 --------------------------------------------------
 thermalise> Completed equilibration step     1000
             Total energy:            200.1225
             Kinetic energy:          116.0994
             Potential energy:         84.0231
             Current temperature:  0.5451
 --------------------------------------------------
 thermalise> Completed equilibration step     1050
             Total energy:            201.4093
             Kinetic energy:          116.0283
             Potential energy:         85.3810
             Current temperature:  0.5447
 --------------------------------------------------
 thermalise> Completed equilibration step     1100
             Total energy:            196.0882
             Kinetic energy:           95.5213
             Potential energy:        100.5669
             Current temperature:  0.4485
 --------------------------------------------------
 thermalise> Completed equilibration step     1150
             Total energy:            197.6444
             Kinetic energy:          105.8953
             Potential energy:         91.7490
             Current temperature:  0.4972
 --------------------------------------------------
 thermalise> Completed equilibration step     1200
             Total energy:            201.4230
             Kinetic energy:          108.7748
             Potential energy:         92.6482
             Current temperature:  0.5107
 --------------------------------------------------
 thermalise> Completed equilibration step     1250
             Total energy:            202.8424
             Kinetic energy:          106.3931
             Potential energy:         96.4493
             Current temperature:  0.4995
 --------------------------------------------------
 thermalise> Completed equilibration step     1300
             Total energy:            201.1284
             Kinetic energy:          113.3169
             Potential energy:         87.8115
             Current temperature:  0.5320
 --------------------------------------------------
 thermalise> Completed equilibration step     1350
             Total energy:            197.5575
             Kinetic energy:          117.6220
             Potential energy:         79.9355
             Current temperature:  0.5522
 --------------------------------------------------
 thermalise> Completed equilibration step     1400
             Total energy:            198.8107
             Kinetic energy:          114.4361
             Potential energy:         84.3746
             Current temperature:  0.5373
 --------------------------------------------------
 thermalise> Completed equilibration step     1450
             Total energy:            198.6572
             Kinetic energy:          104.7139
             Potential energy:         93.9432
             Current temperature:  0.4916
 --------------------------------------------------
 thermalise> Completed equilibration step     1500
             Total energy:            201.3775
             Kinetic energy:          105.8520
             Potential energy:         95.5255
             Current temperature:  0.4970
 --------------------------------------------------
 thermalise> Completed equilibration step     1550
             Total energy:            201.0196
             Kinetic energy:          110.0577
             Potential energy:         90.9619
             Current temperature:  0.5167
 --------------------------------------------------
 thermalise> Completed equilibration step     1600
             Total energy:            198.9117
             Kinetic energy:          107.5122
             Potential energy:         91.3995
             Current temperature:  0.5048
 --------------------------------------------------
 thermalise> Completed equilibration step     1650
             Total energy:            200.2378
             Kinetic energy:          104.3929
             Potential energy:         95.8448
             Current temperature:  0.4901
 --------------------------------------------------
 thermalise> Completed equilibration step     1700
             Total energy:            200.5487
             Kinetic energy:          113.6951
             Potential energy:         86.8535
             Current temperature:  0.5338
 --------------------------------------------------
 thermalise> Completed equilibration step     1750
             Total energy:            203.1733
             Kinetic energy:           98.9720
             Potential energy:        104.2013
             Current temperature:  0.4647
 --------------------------------------------------
 thermalise> Completed equilibration step     1800
             Total energy:            204.8879
             Kinetic energy:          111.9373
             Potential energy:         92.9506
             Current temperature:  0.5255
 --------------------------------------------------
 thermalise> Completed equilibration step     1850
             Total energy:            202.5897
             Kinetic energy:          119.6947
             Potential energy:         82.8950
             Current temperature:  0.5619
 --------------------------------------------------
 thermalise> Completed equilibration step     1900
             Total energy:            200.0391
             Kinetic energy:          105.7169
             Potential energy:         94.3222
             Current temperature:  0.4963
 --------------------------------------------------
 thermalise> Completed equilibration step     1950
             Total energy:            201.9133
             Kinetic energy:          112.4635
             Potential energy:         89.4497
             Current temperature:  0.5280
 --------------------------------------------------
 thermalise> Completed equilibration step     2000
             Total energy:            199.7983
             Kinetic energy:          108.8695
             Potential energy:         90.9288
             Current temperature:  0.5111
 --------------------------------------------------
 thermalise> Thermalisation step       22 with T=  0.539
 thermalise_rescale> Target T:    0.539, current T:   0.511, scaling:    1.027
 thermalise> Completed equilibration step       50
             Total energy:            202.6266
             Kinetic energy:          105.0715
             Potential energy:         97.5551
             Current temperature:  0.4933
 --------------------------------------------------
 thermalise> Completed equilibration step      100
             Total energy:            202.9574
             Kinetic energy:          109.4110
             Potential energy:         93.5463
             Current temperature:  0.5137
 --------------------------------------------------
 thermalise> Completed equilibration step      150
             Total energy:            203.9830
             Kinetic energy:          118.0290
             Potential energy:         85.9540
             Current temperature:  0.5541
 --------------------------------------------------
 thermalise> Completed equilibration step      200
             Total energy:            204.9400
             Kinetic energy:          100.0311
             Potential energy:        104.9089
             Current temperature:  0.4696
 --------------------------------------------------
 thermalise> Completed equilibration step      250
             Total energy:            205.3321
             Kinetic energy:          112.1071
             Potential energy:         93.2250
             Current temperature:  0.5263
 --------------------------------------------------
 thermalise> Completed equilibration step      300
             Total energy:            200.5684
             Kinetic energy:          112.1215
             Potential energy:         88.4468
             Current temperature:  0.5264
 --------------------------------------------------
 thermalise> Completed equilibration step      350
             Total energy:            198.0233
             Kinetic energy:          112.9160
             Potential energy:         85.1074
             Current temperature:  0.5301
 --------------------------------------------------
 thermalise> Completed equilibration step      400
             Total energy:            199.0251
             Kinetic energy:          100.3752
             Potential energy:         98.6499
             Current temperature:  0.4712
 --------------------------------------------------
 thermalise> Completed equilibration step      450
             Total energy:            198.6110
             Kinetic energy:          107.1508
             Potential energy:         91.4602
             Current temperature:  0.5031
 --------------------------------------------------
 thermalise> Completed equilibration step      500
             Total energy:            201.9377
             Kinetic energy:          110.4303
             Potential energy:         91.5074
             Current temperature:  0.5185
 --------------------------------------------------
 thermalise> Completed equilibration step      550
             Total energy:            200.6963
             Kinetic energy:          105.9496
             Potential energy:         94.7467
             Current temperature:  0.4974
 --------------------------------------------------
 thermalise> Completed equilibration step      600
             Total energy:            201.9092
             Kinetic energy:          107.2690
             Potential energy:         94.6402
             Current temperature:  0.5036
 --------------------------------------------------
 thermalise> Completed equilibration step      650
             Total energy:            204.0384
             Kinetic energy:          116.0042
             Potential energy:         88.0342
             Current temperature:  0.5446
 --------------------------------------------------
 thermalise> Completed equilibration step      700
             Total energy:            202.5787
             Kinetic energy:          103.3817
             Potential energy:         99.1970
             Current temperature:  0.4854
 --------------------------------------------------
 thermalise> Completed equilibration step      750
             Total energy:            209.5105
             Kinetic energy:           98.3001
             Potential energy:        111.2103
             Current temperature:  0.4615
 --------------------------------------------------
 thermalise> Completed equilibration step      800
             Total energy:            212.2049
             Kinetic energy:          118.5274
             Potential energy:         93.6775
             Current temperature:  0.5565
 --------------------------------------------------
 thermalise> Completed equilibration step      850
             Total energy:            211.9405
             Kinetic energy:          113.3081
             Potential energy:         98.6324
             Current temperature:  0.5320
 --------------------------------------------------
 thermalise> Completed equilibration step      900
             Total energy:            217.7435
             Kinetic energy:          119.3748
             Potential energy:         98.3687
             Current temperature:  0.5604
 --------------------------------------------------
 thermalise> Completed equilibration step      950
             Total energy:            217.9190
             Kinetic energy:          115.0303
             Potential energy:        102.8887
             Current temperature:  0.5400
 --------------------------------------------------
 thermalise> Completed equilibration step     1000
             Total energy:            210.2837
             Kinetic energy:          111.1568
             Potential energy:         99.1269
             Current temperature:  0.5219
 --------------------------------------------------
 thermalise> Completed equilibration step     1050
             Total energy:            205.8658
             Kinetic energy:          116.3254
             Potential energy:         89.5404
             Current temperature:  0.5461
 --------------------------------------------------
 thermalise> Completed equilibration step     1100
             Total energy:            207.7549
             Kinetic energy:          117.6789
             Potential energy:         90.0760
             Current temperature:  0.5525
 --------------------------------------------------
 thermalise> Completed equilibration step     1150
             Total energy:            214.5438
             Kinetic energy:          114.5124
             Potential energy:        100.0314
             Current temperature:  0.5376
 --------------------------------------------------
 thermalise> Completed equilibration step     1200
             Total energy:            209.3580
             Kinetic energy:          104.7464
             Potential energy:        104.6117
             Current temperature:  0.4918
 --------------------------------------------------
 thermalise> Completed equilibration step     1250
             Total energy:            208.3528
             Kinetic energy:          118.2477
             Potential energy:         90.1050
             Current temperature:  0.5552
 --------------------------------------------------
 thermalise> Completed equilibration step     1300
             Total energy:            211.7759
             Kinetic energy:          107.2558
             Potential energy:        104.5201
             Current temperature:  0.5035
 --------------------------------------------------
 thermalise> Completed equilibration step     1350
             Total energy:            212.4360
             Kinetic energy:          118.4801
             Potential energy:         93.9559
             Current temperature:  0.5562
 --------------------------------------------------
 thermalise> Completed equilibration step     1400
             Total energy:            212.8989
             Kinetic energy:          114.0817
             Potential energy:         98.8172
             Current temperature:  0.5356
 --------------------------------------------------
 thermalise> Completed equilibration step     1450
             Total energy:            212.3930
             Kinetic energy:          119.4404
             Potential energy:         92.9526
             Current temperature:  0.5608
 --------------------------------------------------
 thermalise> Completed equilibration step     1500
             Total energy:            216.7456
             Kinetic energy:          124.9021
             Potential energy:         91.8435
             Current temperature:  0.5864
 --------------------------------------------------
 thermalise> Completed equilibration step     1550
             Total energy:            212.5817
             Kinetic energy:          109.3486
             Potential energy:        103.2332
             Current temperature:  0.5134
 --------------------------------------------------
 thermalise> Completed equilibration step     1600
             Total energy:            213.9938
             Kinetic energy:          119.5724
             Potential energy:         94.4215
             Current temperature:  0.5614
 --------------------------------------------------
 thermalise> Completed equilibration step     1650
             Total energy:            214.2066
             Kinetic energy:          125.1006
             Potential energy:         89.1060
             Current temperature:  0.5873
 --------------------------------------------------
 thermalise> Completed equilibration step     1700
             Total energy:            208.4466
             Kinetic energy:          112.8068
             Potential energy:         95.6398
             Current temperature:  0.5296
 --------------------------------------------------
 thermalise> Completed equilibration step     1750
             Total energy:            210.7055
             Kinetic energy:          122.1863
             Potential energy:         88.5192
             Current temperature:  0.5736
 --------------------------------------------------
 thermalise> Completed equilibration step     1800
             Total energy:            213.3214
             Kinetic energy:          113.5283
             Potential energy:         99.7932
             Current temperature:  0.5330
 --------------------------------------------------
 thermalise> Completed equilibration step     1850
             Total energy:            217.0997
             Kinetic energy:          121.1410
             Potential energy:         95.9587
             Current temperature:  0.5687
 --------------------------------------------------
 thermalise> Completed equilibration step     1900
             Total energy:            214.7271
             Kinetic energy:          113.5412
             Potential energy:        101.1859
             Current temperature:  0.5331
 --------------------------------------------------
 thermalise> Completed equilibration step     1950
             Total energy:            214.2951
             Kinetic energy:          119.3083
             Potential energy:         94.9867
             Current temperature:  0.5601
 --------------------------------------------------
 thermalise> Completed equilibration step     2000
             Total energy:            214.0226
             Kinetic energy:          109.2004
             Potential energy:        104.8222
             Current temperature:  0.5127
 --------------------------------------------------
 thermalise> Thermalisation step       23 with T=  0.565
 thermalise_rescale> Target T:    0.565, current T:   0.513, scaling:    1.049
 thermalise> Completed equilibration step       50
             Total energy:            226.1211
             Kinetic energy:          118.7422
             Potential energy:        107.3790
             Current temperature:  0.5575
 --------------------------------------------------
 thermalise> Completed equilibration step      100
             Total energy:            221.5401
             Kinetic energy:          110.5177
             Potential energy:        111.0223
             Current temperature:  0.5189
 --------------------------------------------------
 thermalise> Completed equilibration step      150
             Total energy:            221.3115
             Kinetic energy:          118.2437
             Potential energy:        103.0678
             Current temperature:  0.5551
 --------------------------------------------------
 thermalise> Completed equilibration step      200
             Total energy:            216.8134
             Kinetic energy:          118.5648
             Potential energy:         98.2486
             Current temperature:  0.5566
 --------------------------------------------------
 thermalise> Completed equilibration step      250
             Total energy:            212.3217
             Kinetic energy:          122.0057
             Potential energy:         90.3160
             Current temperature:  0.5728
 --------------------------------------------------
 thermalise> Completed equilibration step      300
             Total energy:            205.8777
             Kinetic energy:          116.5675
             Potential energy:         89.3102
             Current temperature:  0.5473
 --------------------------------------------------
 thermalise> Completed equilibration step      350
             Total energy:            214.9223
             Kinetic energy:          116.9496
             Potential energy:         97.9727
             Current temperature:  0.5491
 --------------------------------------------------
 thermalise> Completed equilibration step      400
             Total energy:            215.3050
             Kinetic energy:          115.5215
             Potential energy:         99.7835
             Current temperature:  0.5424
 --------------------------------------------------
 thermalise> Completed equilibration step      450
             Total energy:            218.1287
             Kinetic energy:          118.0800
             Potential energy:        100.0487
             Current temperature:  0.5544
 --------------------------------------------------
 thermalise> Completed equilibration step      500
             Total energy:            218.4503
             Kinetic energy:          126.8416
             Potential energy:         91.6087
             Current temperature:  0.5955
 --------------------------------------------------
 thermalise> Completed equilibration step      550
             Total energy:            219.6904
             Kinetic energy:          118.5631
             Potential energy:        101.1273
             Current temperature:  0.5566
 --------------------------------------------------
 thermalise> Completed equilibration step      600
             Total energy:            219.1830
             Kinetic energy:          119.1105
             Potential energy:        100.0725
             Current temperature:  0.5592
 --------------------------------------------------
 thermalise> Completed equilibration step      650
             Total energy:            223.8330
             Kinetic energy:          115.6259
             Potential energy:        108.2071
             Current temperature:  0.5428
 --------------------------------------------------
 thermalise> Completed equilibration step      700
             Total energy:            222.1899
             Kinetic energy:          121.2611
             Potential energy:        100.9287
             Current temperature:  0.5693
 --------------------------------------------------
 thermalise> Completed equilibration step      750
             Total energy:            224.3582
             Kinetic energy:          114.8977
             Potential energy:        109.4606
             Current temperature:  0.5394
 --------------------------------------------------
 thermalise> Completed equilibration step      800
             Total energy:            226.7156
             Kinetic energy:          121.7581
             Potential energy:        104.9576
             Current temperature:  0.5716
 --------------------------------------------------
 thermalise> Completed equilibration step      850
             Total energy:            224.5120
             Kinetic energy:          130.9674
             Potential energy:         93.5446
             Current temperature:  0.6149
 --------------------------------------------------
 thermalise> Completed equilibration step      900
             Total energy:            224.1971
             Kinetic energy:          124.7186
             Potential energy:         99.4785
             Current temperature:  0.5855
 --------------------------------------------------
 thermalise> Completed equilibration step      950
             Total energy:            217.0758
             Kinetic energy:          117.4671
             Potential energy:         99.6087
             Current temperature:  0.5515
 --------------------------------------------------
 thermalise> Completed equilibration step     1000
             Total energy:            216.7584
             Kinetic energy:          116.4853
             Potential energy:        100.2731
             Current temperature:  0.5469
 --------------------------------------------------
 thermalise> Completed equilibration step     1050
             Total energy:            222.9950
             Kinetic energy:          109.7131
             Potential energy:        113.2819
             Current temperature:  0.5151
 --------------------------------------------------
 thermalise> Completed equilibration step     1100
             Total energy:            224.9512
             Kinetic energy:          127.8298
             Potential energy:         97.1214
             Current temperature:  0.6001
 --------------------------------------------------
 thermalise> Completed equilibration step     1150
             Total energy:            223.7500
             Kinetic energy:          120.8484
             Potential energy:        102.9015
             Current temperature:  0.5674
 --------------------------------------------------
 thermalise> Completed equilibration step     1200
             Total energy:            220.8952
             Kinetic energy:          125.4764
             Potential energy:         95.4188
             Current temperature:  0.5891
 --------------------------------------------------
 thermalise> Completed equilibration step     1250
             Total energy:            216.8698
             Kinetic energy:          113.5422
             Potential energy:        103.3275
             Current temperature:  0.5331
 --------------------------------------------------
 thermalise> Completed equilibration step     1300
             Total energy:            213.5546
             Kinetic energy:          112.9802
             Potential energy:        100.5744
             Current temperature:  0.5304
 --------------------------------------------------
 thermalise> Completed equilibration step     1350
             Total energy:            211.6088
             Kinetic energy:          116.6097
             Potential energy:         94.9991
             Current temperature:  0.5475
 --------------------------------------------------
 thermalise> Completed equilibration step     1400
             Total energy:            210.7120
             Kinetic energy:          117.6106
             Potential energy:         93.1014
             Current temperature:  0.5522
 --------------------------------------------------
 thermalise> Completed equilibration step     1450
             Total energy:            214.8382
             Kinetic energy:          120.8392
             Potential energy:         93.9990
             Current temperature:  0.5673
 --------------------------------------------------
 thermalise> Completed equilibration step     1500
             Total energy:            217.8897
             Kinetic energy:          123.2148
             Potential energy:         94.6748
             Current temperature:  0.5785
 --------------------------------------------------
 thermalise> Completed equilibration step     1550
             Total energy:            222.2642
             Kinetic energy:          115.9426
             Potential energy:        106.3216
             Current temperature:  0.5443
 --------------------------------------------------
 thermalise> Completed equilibration step     1600
             Total energy:            221.8457
             Kinetic energy:          117.6922
             Potential energy:        104.1535
             Current temperature:  0.5525
 --------------------------------------------------
 thermalise> Completed equilibration step     1650
             Total energy:            223.7150
             Kinetic energy:          124.4681
             Potential energy:         99.2469
             Current temperature:  0.5844
 --------------------------------------------------
 thermalise> Completed equilibration step     1700
             Total energy:            228.8391
             Kinetic energy:          122.8086
             Potential energy:        106.0306
             Current temperature:  0.5766
 --------------------------------------------------
 thermalise> Completed equilibration step     1750
             Total energy:            225.0546
             Kinetic energy:          117.9267
             Potential energy:        107.1278
             Current temperature:  0.5536
 --------------------------------------------------
 thermalise> Completed equilibration step     1800
             Total energy:            227.1484
             Kinetic energy:          127.8259
             Potential energy:         99.3224
             Current temperature:  0.6001
 --------------------------------------------------
 thermalise> Completed equilibration step     1850
             Total energy:            224.7122
             Kinetic energy:          114.2430
             Potential energy:        110.4692
             Current temperature:  0.5364
 --------------------------------------------------
 thermalise> Completed equilibration step     1900
             Total energy:            222.0611
             Kinetic energy:          122.1244
             Potential energy:         99.9366
             Current temperature:  0.5734
 --------------------------------------------------
 thermalise> Completed equilibration step     1950
             Total energy:            223.4616
             Kinetic energy:          118.5047
             Potential energy:        104.9569
             Current temperature:  0.5564
 --------------------------------------------------
 thermalise> Completed equilibration step     2000
             Total energy:            231.5604
             Kinetic energy:          113.1869
             Potential energy:        118.3735
             Current temperature:  0.5314
 --------------------------------------------------
 thermalise> Thermalisation step       24 with T=  0.590
 thermalise_rescale> Target T:    0.590, current T:   0.531, scaling:    1.054
 thermalise> Completed equilibration step       50
             Total energy:            250.5296
             Kinetic energy:          136.2890
             Potential energy:        114.2405
             Current temperature:  0.6399
 --------------------------------------------------
 thermalise> Completed equilibration step      100
             Total energy:            247.9931
             Kinetic energy:          133.0552
             Potential energy:        114.9379
             Current temperature:  0.6247
 --------------------------------------------------
 thermalise> Completed equilibration step      150
             Total energy:            246.4557
             Kinetic energy:          132.2945
             Potential energy:        114.1612
             Current temperature:  0.6211
 --------------------------------------------------
 thermalise> Completed equilibration step      200
             Total energy:            249.6390
             Kinetic energy:          117.9305
             Potential energy:        131.7084
             Current temperature:  0.5537
 --------------------------------------------------
 thermalise> Completed equilibration step      250
             Total energy:            250.1171
             Kinetic energy:          141.6056
             Potential energy:        108.5115
             Current temperature:  0.6648
 --------------------------------------------------
 thermalise> Completed equilibration step      300
             Total energy:            254.3000
             Kinetic energy:          143.4567
             Potential energy:        110.8433
             Current temperature:  0.6735
 --------------------------------------------------
 thermalise> Completed equilibration step      350
             Total energy:            249.8351
             Kinetic energy:          130.7721
             Potential energy:        119.0630
             Current temperature:  0.6140
 --------------------------------------------------
 thermalise> Completed equilibration step      400
             Total energy:            247.3783
             Kinetic energy:          135.1518
             Potential energy:        112.2264
             Current temperature:  0.6345
 --------------------------------------------------
 thermalise> Completed equilibration step      450
             Total energy:            249.6319
             Kinetic energy:          146.7409
             Potential energy:        102.8911
             Current temperature:  0.6889
 --------------------------------------------------
 thermalise> Completed equilibration step      500
             Total energy:            249.1753
             Kinetic energy:          135.6007
             Potential energy:        113.5746
             Current temperature:  0.6366
 --------------------------------------------------
 thermalise> Completed equilibration step      550
             Total energy:            248.6350
             Kinetic energy:          130.1663
             Potential energy:        118.4686
             Current temperature:  0.6111
 --------------------------------------------------
 thermalise> Completed equilibration step      600
             Total energy:            251.9291
             Kinetic energy:          126.5714
             Potential energy:        125.3577
             Current temperature:  0.5942
 --------------------------------------------------
 thermalise> Completed equilibration step      650
             Total energy:            250.1924
             Kinetic energy:          121.7474
             Potential energy:        128.4450
             Current temperature:  0.5716
 --------------------------------------------------
 thermalise> Completed equilibration step      700
             Total energy:            250.1169
             Kinetic energy:          130.8082
             Potential energy:        119.3087
             Current temperature:  0.6141
 --------------------------------------------------
 thermalise> Completed equilibration step      750
             Total energy:            249.6842
             Kinetic energy:          128.8268
             Potential energy:        120.8574
             Current temperature:  0.6048
 --------------------------------------------------
 thermalise> Completed equilibration step      800
             Total energy:            245.5321
             Kinetic energy:          133.4313
             Potential energy:        112.1008
             Current temperature:  0.6264
 --------------------------------------------------
 thermalise> Completed equilibration step      850
             Total energy:            245.3999
             Kinetic energy:          137.7615
             Potential energy:        107.6384
             Current temperature:  0.6468
 --------------------------------------------------
 thermalise> Completed equilibration step      900
             Total energy:            253.1941
             Kinetic energy:          146.8960
             Potential energy:        106.2981
             Current temperature:  0.6897
 --------------------------------------------------
 thermalise> Completed equilibration step      950
             Total energy:            250.4630
             Kinetic energy:          126.5366
             Potential energy:        123.9264
             Current temperature:  0.5941
 --------------------------------------------------
 thermalise> Completed equilibration step     1000
             Total energy:            248.1480
             Kinetic energy:          131.2900
             Potential energy:        116.8580
             Current temperature:  0.6164
 --------------------------------------------------
 thermalise> Completed equilibration step     1050
             Total energy:            252.0107
             Kinetic energy:          117.7028
             Potential energy:        134.3079
             Current temperature:  0.5526
 --------------------------------------------------
 thermalise> Completed equilibration step     1100
             Total energy:            250.4862
             Kinetic energy:          127.6975
             Potential energy:        122.7886
             Current temperature:  0.5995
 --------------------------------------------------
 thermalise> Completed equilibration step     1150
             Total energy:            245.8091
             Kinetic energy:          137.5850
             Potential energy:        108.2241
             Current temperature:  0.6459
 --------------------------------------------------
 thermalise> Completed equilibration step     1200
             Total energy:            245.1748
             Kinetic energy:          125.5709
             Potential energy:        119.6039
             Current temperature:  0.5895
 --------------------------------------------------
 thermalise> Completed equilibration step     1250
             Total energy:            250.7777
             Kinetic energy:          129.5709
             Potential energy:        121.2068
             Current temperature:  0.6083
 --------------------------------------------------
 thermalise> Completed equilibration step     1300
             Total energy:            249.0977
             Kinetic energy:          130.0988
             Potential energy:        118.9989
             Current temperature:  0.6108
 --------------------------------------------------
 thermalise> Completed equilibration step     1350
             Total energy:            249.8097
             Kinetic energy:          133.7777
             Potential energy:        116.0320
             Current temperature:  0.6281
 --------------------------------------------------
 thermalise> Completed equilibration step     1400
             Total energy:            251.5784
             Kinetic energy:          128.3294
             Potential energy:        123.2490
             Current temperature:  0.6025
 --------------------------------------------------
 thermalise> Completed equilibration step     1450
             Total energy:            256.2745
             Kinetic energy:          135.8881
             Potential energy:        120.3865
             Current temperature:  0.6380
 --------------------------------------------------
 thermalise> Completed equilibration step     1500
             Total energy:            249.3288
             Kinetic energy:          141.1489
             Potential energy:        108.1799
             Current temperature:  0.6627
 --------------------------------------------------
 thermalise> Completed equilibration step     1550
             Total energy:            246.7303
             Kinetic energy:          123.6840
             Potential energy:        123.0464
             Current temperature:  0.5807
 --------------------------------------------------
 thermalise> Completed equilibration step     1600
             Total energy:            237.9889
             Kinetic energy:          127.6494
             Potential energy:        110.3395
             Current temperature:  0.5993
 --------------------------------------------------
 thermalise> Completed equilibration step     1650
             Total energy:            230.7486
             Kinetic energy:          124.4747
             Potential energy:        106.2739
             Current temperature:  0.5844
 --------------------------------------------------
 thermalise> Completed equilibration step     1700
             Total energy:            233.3379
             Kinetic energy:          127.1010
             Potential energy:        106.2369
             Current temperature:  0.5967
 --------------------------------------------------
 thermalise> Completed equilibration step     1750
             Total energy:            229.7697
             Kinetic energy:          122.7821
             Potential energy:        106.9876
             Current temperature:  0.5764
 --------------------------------------------------
 thermalise> Completed equilibration step     1800
             Total energy:            229.7485
             Kinetic energy:          117.2415
             Potential energy:        112.5070
             Current temperature:  0.5504
 --------------------------------------------------
 thermalise> Completed equilibration step     1850
             Total energy:            233.8943
             Kinetic energy:          119.0547
             Potential energy:        114.8397
             Current temperature:  0.5589
 --------------------------------------------------
 thermalise> Completed equilibration step     1900
             Total energy:            231.1947
             Kinetic energy:          121.3632
             Potential energy:        109.8315
             Current temperature:  0.5698
 --------------------------------------------------
 thermalise> Completed equilibration step     1950
             Total energy:            234.3201
             Kinetic energy:          122.8007
             Potential energy:        111.5194
             Current temperature:  0.5765
 --------------------------------------------------
 thermalise> Completed equilibration step     2000
             Total energy:            230.1107
             Kinetic energy:          123.5181
             Potential energy:        106.5926
             Current temperature:  0.5799
 --------------------------------------------------
 thermalise> Thermalisation step       25 with T=  0.616
 thermalise_rescale> Target T:    0.616, current T:   0.580, scaling:    1.031
 thermalise> Completed equilibration step       50
             Total energy:            228.2264
             Kinetic energy:          120.0250
             Potential energy:        108.2014
             Current temperature:  0.5635
 --------------------------------------------------
 thermalise> Completed equilibration step      100
             Total energy:            230.9801
             Kinetic energy:          121.9202
             Potential energy:        109.0600
             Current temperature:  0.5724
 --------------------------------------------------
 thermalise> Completed equilibration step      150
             Total energy:            230.4987
             Kinetic energy:          128.8089
             Potential energy:        101.6897
             Current temperature:  0.6047
 --------------------------------------------------
 thermalise> Completed equilibration step      200
             Total energy:            234.4614
             Kinetic energy:          139.4633
             Potential energy:         94.9981
             Current temperature:  0.6548
 --------------------------------------------------
 thermalise> Completed equilibration step      250
             Total energy:            239.8300
             Kinetic energy:          126.3197
             Potential energy:        113.5103
             Current temperature:  0.5931
 --------------------------------------------------
 thermalise> Completed equilibration step      300
             Total energy:            237.8124
             Kinetic energy:          118.9341
             Potential energy:        118.8783
             Current temperature:  0.5584
 --------------------------------------------------
 thermalise> Completed equilibration step      350
             Total energy:            232.9426
             Kinetic energy:          119.2125
             Potential energy:        113.7301
             Current temperature:  0.5597
 --------------------------------------------------
 thermalise> Completed equilibration step      400
             Total energy:            239.2753
             Kinetic energy:          118.8455
             Potential energy:        120.4298
             Current temperature:  0.5580
 --------------------------------------------------
 thermalise> Completed equilibration step      450
             Total energy:            239.3626
             Kinetic energy:          117.0750
             Potential energy:        122.2876
             Current temperature:  0.5496
 --------------------------------------------------
 thermalise> Completed equilibration step      500
             Total energy:            231.6243
             Kinetic energy:          118.0403
             Potential energy:        113.5840
             Current temperature:  0.5542
 --------------------------------------------------
 thermalise> Completed equilibration step      550
             Total energy:            234.1267
             Kinetic energy:          119.7568
             Potential energy:        114.3700
             Current temperature:  0.5622
 --------------------------------------------------
 thermalise> Completed equilibration step      600
             Total energy:            229.3210
             Kinetic energy:          122.9223
             Potential energy:        106.3987
             Current temperature:  0.5771
 --------------------------------------------------
 thermalise> Completed equilibration step      650
             Total energy:            230.1791
             Kinetic energy:          126.3204
             Potential energy:        103.8587
             Current temperature:  0.5931
 --------------------------------------------------
 thermalise> Completed equilibration step      700
             Total energy:            235.7758
             Kinetic energy:          114.5435
             Potential energy:        121.2323
             Current temperature:  0.5378
 --------------------------------------------------
 thermalise> Completed equilibration step      750
             Total energy:            233.5487
             Kinetic energy:          116.5053
             Potential energy:        117.0434
             Current temperature:  0.5470
 --------------------------------------------------
 thermalise> Completed equilibration step      800
             Total energy:            233.7819
             Kinetic energy:          117.1619
             Potential energy:        116.6200
             Current temperature:  0.5501
 --------------------------------------------------
 thermalise> Completed equilibration step      850
             Total energy:            237.5745
             Kinetic energy:          126.7426
             Potential energy:        110.8319
             Current temperature:  0.5950
 --------------------------------------------------
 thermalise> Completed equilibration step      900
             Total energy:            230.3620
             Kinetic energy:          115.2883
             Potential energy:        115.0736
             Current temperature:  0.5413
 --------------------------------------------------
 thermalise> Completed equilibration step      950
             Total energy:            235.3441
             Kinetic energy:          119.5023
             Potential energy:        115.8419
             Current temperature:  0.5610
 --------------------------------------------------
 thermalise> Completed equilibration step     1000
             Total energy:            240.0259
             Kinetic energy:          125.1368
             Potential energy:        114.8891
             Current temperature:  0.5875
 --------------------------------------------------
 thermalise> Completed equilibration step     1050
             Total energy:            234.5920
             Kinetic energy:          124.5484
             Potential energy:        110.0436
             Current temperature:  0.5847
 --------------------------------------------------
 thermalise> Completed equilibration step     1100
             Total energy:            231.4705
             Kinetic energy:          136.8480
             Potential energy:         94.6224
             Current temperature:  0.6425
 --------------------------------------------------
 thermalise> Completed equilibration step     1150
             Total energy:            232.8097
             Kinetic energy:          124.8558
             Potential energy:        107.9539
             Current temperature:  0.5862
 --------------------------------------------------
 thermalise> Completed equilibration step     1200
             Total energy:            234.1902
             Kinetic energy:          123.2356
             Potential energy:        110.9546
             Current temperature:  0.5786
 --------------------------------------------------
 thermalise> Completed equilibration step     1250
             Total energy:            237.9524
             Kinetic energy:          123.4894
             Potential energy:        114.4630
             Current temperature:  0.5798
 --------------------------------------------------
 thermalise> Completed equilibration step     1300
             Total energy:            234.3280
             Kinetic energy:          118.2534
             Potential energy:        116.0746
             Current temperature:  0.5552
 --------------------------------------------------
 thermalise> Completed equilibration step     1350
             Total energy:            240.8347
             Kinetic energy:          129.8491
             Potential energy:        110.9855
             Current temperature:  0.6096
 --------------------------------------------------
 thermalise> Completed equilibration step     1400
             Total energy:            238.1441
             Kinetic energy:          133.3650
             Potential energy:        104.7790
             Current temperature:  0.6261
 --------------------------------------------------
 thermalise> Completed equilibration step     1450
             Total energy:            231.6141
             Kinetic energy:          125.9501
             Potential energy:        105.6640
             Current temperature:  0.5913
 --------------------------------------------------
 thermalise> Completed equilibration step     1500
             Total energy:            233.5910
             Kinetic energy:          125.1727
             Potential energy:        108.4183
             Current temperature:  0.5877
 --------------------------------------------------
 thermalise> Completed equilibration step     1550
             Total energy:            238.0021
             Kinetic energy:          126.5813
             Potential energy:        111.4207
             Current temperature:  0.5943
 --------------------------------------------------
 thermalise> Completed equilibration step     1600
             Total energy:            233.6610
             Kinetic energy:          128.6780
             Potential energy:        104.9830
             Current temperature:  0.6041
 --------------------------------------------------
 thermalise> Completed equilibration step     1650
             Total energy:            239.1729
             Kinetic energy:          124.6032
             Potential energy:        114.5698
             Current temperature:  0.5850
 --------------------------------------------------
 thermalise> Completed equilibration step     1700
             Total energy:            243.3488
             Kinetic energy:          133.4631
             Potential energy:        109.8857
             Current temperature:  0.6266
 --------------------------------------------------
 thermalise> Completed equilibration step     1750
             Total energy:            241.6709
             Kinetic energy:          117.7221
             Potential energy:        123.9488
             Current temperature:  0.5527
 --------------------------------------------------
 thermalise> Completed equilibration step     1800
             Total energy:            249.9241
             Kinetic energy:          138.5742
             Potential energy:        111.3499
             Current temperature:  0.6506
 --------------------------------------------------
 thermalise> Completed equilibration step     1850
             Total energy:            249.1245
             Kinetic energy:          129.4867
             Potential energy:        119.6378
             Current temperature:  0.6079
 --------------------------------------------------
 thermalise> Completed equilibration step     1900
             Total energy:            247.6696
             Kinetic energy:          138.9344
             Potential energy:        108.7353
             Current temperature:  0.6523
 --------------------------------------------------
 thermalise> Completed equilibration step     1950
             Total energy:            248.2652
             Kinetic energy:          114.6963
             Potential energy:        133.5689
             Current temperature:  0.5385
 --------------------------------------------------
 thermalise> Completed equilibration step     2000
             Total energy:            249.1340
             Kinetic energy:          134.2631
             Potential energy:        114.8710
             Current temperature:  0.6303
 --------------------------------------------------
  thermalise> Completed thermalisation
  
  mdsteps> Completed step           25
           Total energy:         250.3036
           Kinetic energy:       136.5618
           Potential energy:     113.7418
 --------------------------------------------------
  mdsteps> Completed step           50
           Total energy:         254.2843
           Kinetic energy:       119.4923
           Potential energy:     134.7920
 --------------------------------------------------
  mdsteps> Completed step           75
           Total energy:         253.7575
           Kinetic energy:       136.5322
           Potential energy:     117.2254
 --------------------------------------------------
  mdsteps> Completed step          100
           Total energy:         250.7388
           Kinetic energy:       120.9106
           Potential energy:     129.8282
 --------------------------------------------------
  mdsteps> Completed step          125
           Total energy:         249.4872
           Kinetic energy:       118.8012
           Potential energy:     130.6860
 --------------------------------------------------
  mdsteps> Completed step          150
           Total energy:         249.0558
           Kinetic energy:       130.9992
           Potential energy:     118.0566
 --------------------------------------------------
  mdsteps> Completed step          175
           Total energy:         249.3310
           Kinetic energy:       131.0229
           Potential energy:     118.3081
 --------------------------------------------------
  mdsteps> Completed step          200
           Total energy:         252.0998
           Kinetic energy:       144.4244
           Potential energy:     107.6753
 --------------------------------------------------
  mdsteps> Completed step          225
           Total energy:         247.6433
           Kinetic energy:       135.4805
           Potential energy:     112.1628
 --------------------------------------------------
  mdsteps> Completed step          250
           Total energy:         248.8520
           Kinetic energy:       138.8688
           Potential energy:     109.9832
 --------------------------------------------------
  mdsteps> Completed step          275
           Total energy:         246.8570
           Kinetic energy:       127.7736
           Potential energy:     119.0834
 --------------------------------------------------
  mdsteps> Completed step          300
           Total energy:         243.6043
           Kinetic energy:       137.2131
           Potential energy:     106.3912
 --------------------------------------------------
  mdsteps> Completed step          325
           Total energy:         244.7462
           Kinetic energy:       130.7278
           Potential energy:     114.0183
 --------------------------------------------------
  mdsteps> Completed step          350
           Total energy:         242.3042
           Kinetic energy:       120.5983
           Potential energy:     121.7059
 --------------------------------------------------
  mdsteps> Completed step          375
           Total energy:         243.0699
           Kinetic energy:       128.8401
           Potential energy:     114.2299
 --------------------------------------------------
  mdsteps> Completed step          400
           Total energy:         240.0645
           Kinetic energy:       120.6652
           Potential energy:     119.3993
 --------------------------------------------------
  mdsteps> Completed step          425
           Total energy:         241.8082
           Kinetic energy:       123.8124
           Potential energy:     117.9958
 --------------------------------------------------
  mdsteps> Completed step          450
           Total energy:         240.8627
           Kinetic energy:       129.7389
           Potential energy:     111.1238
 --------------------------------------------------
  mdsteps> Completed step          475
           Total energy:         245.8728
           Kinetic energy:       131.1862
           Potential energy:     114.6866
 --------------------------------------------------
  mdsteps> Completed step          500
           Total energy:         245.7303
           Kinetic energy:       143.5381
           Potential energy:     102.1921
 --------------------------------------------------
  mdsteps> Completed step          525
           Total energy:         246.2921
           Kinetic energy:       130.9982
           Potential energy:     115.2938
 --------------------------------------------------
  mdsteps> Completed step          550
           Total energy:         245.2151
           Kinetic energy:       133.0673
           Potential energy:     112.1478
 --------------------------------------------------
  mdsteps> Completed step          575
           Total energy:         245.1219
           Kinetic energy:       123.7707
           Potential energy:     121.3512
 --------------------------------------------------
  mdsteps> Completed step          600
           Total energy:         240.3267
           Kinetic energy:       119.0409
           Potential energy:     121.2858
 --------------------------------------------------
  mdsteps> Completed step          625
           Total energy:         240.4603
           Kinetic energy:       127.4497
           Potential energy:     113.0106
 --------------------------------------------------
  mdsteps> Completed step          650
           Total energy:         239.8805
           Kinetic energy:       122.6211
           Potential energy:     117.2594
 --------------------------------------------------
  mdsteps> Completed step          675
           Total energy:         240.3549
           Kinetic energy:       126.4589
           Potential energy:     113.8960
 --------------------------------------------------
  mdsteps> Completed step          700
           Total energy:         241.1356
           Kinetic energy:       120.6351
           Potential energy:     120.5005
 --------------------------------------------------
  mdsteps> Completed step          725
           Total energy:         242.1016
           Kinetic energy:       133.4647
           Potential energy:     108.6369
 --------------------------------------------------
  mdsteps> Completed step          750
           Total energy:         245.7781
           Kinetic energy:       136.2587
           Potential energy:     109.5194
 --------------------------------------------------
  mdsteps> Completed step          775
           Total energy:         246.7399
           Kinetic energy:       123.7726
           Potential energy:     122.9674
 --------------------------------------------------
  mdsteps> Completed step          800
           Total energy:         244.9299
           Kinetic energy:       126.8778
           Potential energy:     118.0521
 --------------------------------------------------
  mdsteps> Completed step          825
           Total energy:         244.5005
           Kinetic energy:       126.7909
           Potential energy:     117.7096
 --------------------------------------------------
  mdsteps> Completed step          850
           Total energy:         244.5994
           Kinetic energy:       126.5980
           Potential energy:     118.0014
 --------------------------------------------------
  mdsteps> Completed step          875
           Total energy:         242.5007
           Kinetic energy:       131.3753
           Potential energy:     111.1254
 --------------------------------------------------
  mdsteps> Completed step          900
           Total energy:         242.9610
           Kinetic energy:       133.9720
           Potential energy:     108.9890
 --------------------------------------------------
  mdsteps> Completed step          925
           Total energy:         241.5157
           Kinetic energy:       128.6439
           Potential energy:     112.8719
 --------------------------------------------------
  mdsteps> Completed step          950
           Total energy:         237.5108
           Kinetic energy:       127.7809
           Potential energy:     109.7300
 --------------------------------------------------
  mdsteps> Completed step          975
           Total energy:         236.8403
           Kinetic energy:       133.7617
           Potential energy:     103.0786
 --------------------------------------------------
  mdsteps> Completed step         1000
           Total energy:         232.5760
           Kinetic energy:       122.9779
           Potential energy:     109.5981
 --------------------------------------------------
  mdsteps> Completed step         1025
           Total energy:         232.9932
           Kinetic energy:       133.2587
           Potential energy:      99.7344
 --------------------------------------------------
  mdsteps> Completed step         1050
           Total energy:         234.9688
           Kinetic energy:       125.7796
           Potential energy:     109.1893
 --------------------------------------------------
  mdsteps> Completed step         1075
           Total energy:         234.0120
           Kinetic energy:       119.7715
           Potential energy:     114.2405
 --------------------------------------------------
  mdsteps> Completed step         1100
           Total energy:         235.0597
           Kinetic energy:       123.1995
           Potential energy:     111.8601
 --------------------------------------------------
  mdsteps> Completed step         1125
           Total energy:         238.7282
           Kinetic energy:       125.9705
           Potential energy:     112.7578
 --------------------------------------------------
  mdsteps> Completed step         1150
           Total energy:         236.7044
           Kinetic energy:       121.7368
           Potential energy:     114.9675
 --------------------------------------------------
  mdsteps> Completed step         1175
           Total energy:         240.6795
           Kinetic energy:       116.9023
           Potential energy:     123.7771
 --------------------------------------------------
  mdsteps> Completed step         1200
           Total energy:         242.7377
           Kinetic energy:       126.7093
           Potential energy:     116.0284
 --------------------------------------------------
  mdsteps> Completed step         1225
           Total energy:         243.9725
           Kinetic energy:       126.8770
           Potential energy:     117.0956
 --------------------------------------------------
  mdsteps> Completed step         1250
           Total energy:         238.7846
           Kinetic energy:       124.1621
           Potential energy:     114.6225
 --------------------------------------------------
  mdsteps> Completed step         1275
           Total energy:         235.0612
           Kinetic energy:       120.0136
           Potential energy:     115.0476
 --------------------------------------------------
  mdsteps> Completed step         1300
           Total energy:         232.6844
           Kinetic energy:       116.2180
           Potential energy:     116.4664
 --------------------------------------------------
  mdsteps> Completed step         1325
           Total energy:         233.3484
           Kinetic energy:       119.0821
           Potential energy:     114.2664
 --------------------------------------------------
  mdsteps> Completed step         1350
           Total energy:         231.4589
           Kinetic energy:       122.5879
           Potential energy:     108.8710
 --------------------------------------------------
  mdsteps> Completed step         1375
           Total energy:         235.5135
           Kinetic energy:       126.5471
           Potential energy:     108.9664
 --------------------------------------------------
  mdsteps> Completed step         1400
           Total energy:         234.9780
           Kinetic energy:       126.7535
           Potential energy:     108.2245
 --------------------------------------------------
  mdsteps> Completed step         1425
           Total energy:         235.9102
           Kinetic energy:       128.0052
           Potential energy:     107.9050
 --------------------------------------------------
  mdsteps> Completed step         1450
           Total energy:         229.7128
           Kinetic energy:       114.6060
           Potential energy:     115.1068
 --------------------------------------------------
  mdsteps> Completed step         1475
           Total energy:         229.7677
           Kinetic energy:       126.4560
           Potential energy:     103.3117
 --------------------------------------------------
  mdsteps> Completed step         1500
           Total energy:         236.0463
           Kinetic energy:       126.7289
           Potential energy:     109.3174
 --------------------------------------------------
  mdsteps> Completed step         1525
           Total energy:         240.7371
           Kinetic energy:       129.2780
           Potential energy:     111.4591
 --------------------------------------------------
  mdsteps> Completed step         1550
           Total energy:         242.6368
           Kinetic energy:       127.4973
           Potential energy:     115.1395
 --------------------------------------------------
  mdsteps> Completed step         1575
           Total energy:         242.3380
           Kinetic energy:       134.0551
           Potential energy:     108.2829
 --------------------------------------------------
  mdsteps> Completed step         1600
           Total energy:         245.4519
           Kinetic energy:       129.0963
           Potential energy:     116.3556
 --------------------------------------------------
  mdsteps> Completed step         1625
           Total energy:         246.9466
           Kinetic energy:       126.2456
           Potential energy:     120.7010
 --------------------------------------------------
  mdsteps> Completed step         1650
           Total energy:         245.8470
           Kinetic energy:       137.4809
           Potential energy:     108.3661
 --------------------------------------------------
  mdsteps> Completed step         1675
           Total energy:         244.2925
           Kinetic energy:       123.3039
           Potential energy:     120.9886
 --------------------------------------------------
  mdsteps> Completed step         1700
           Total energy:         240.3504
           Kinetic energy:       127.7139
           Potential energy:     112.6364
 --------------------------------------------------
  mdsteps> Completed step         1725
           Total energy:         238.1209
           Kinetic energy:       123.5184
           Potential energy:     114.6025
 --------------------------------------------------
  mdsteps> Completed step         1750
           Total energy:         238.0220
           Kinetic energy:       124.3317
           Potential energy:     113.6903
 --------------------------------------------------
  mdsteps> Completed step         1775
           Total energy:         237.6836
           Kinetic energy:       123.5110
           Potential energy:     114.1727
 --------------------------------------------------
  mdsteps> Completed step         1800
           Total energy:         240.5620
           Kinetic energy:       132.4589
           Potential energy:     108.1031
 --------------------------------------------------
  mdsteps> Completed step         1825
           Total energy:         244.6888
           Kinetic energy:       124.5623
           Potential energy:     120.1266
 --------------------------------------------------
  mdsteps> Completed step         1850
           Total energy:         241.9668
           Kinetic energy:       123.5172
           Potential energy:     118.4496
 --------------------------------------------------
  mdsteps> Completed step         1875
           Total energy:         246.1444
           Kinetic energy:       122.2621
           Potential energy:     123.8824
 --------------------------------------------------
  mdsteps> Completed step         1900
           Total energy:         248.1995
           Kinetic energy:       128.0370
           Potential energy:     120.1625
 --------------------------------------------------
  mdsteps> Completed step         1925
           Total energy:         249.6577
           Kinetic energy:       126.8846
           Potential energy:     122.7730
 --------------------------------------------------
  mdsteps> Completed step         1950
           Total energy:         244.7510
           Kinetic energy:       118.6546
           Potential energy:     126.0964
 --------------------------------------------------
  mdsteps> Completed step         1975
           Total energy:         244.4875
           Kinetic energy:       128.4519
           Potential energy:     116.0356
 --------------------------------------------------
  mdsteps> Completed step         2000
           Total energy:         242.4925
           Kinetic energy:       121.4101
           Potential energy:     121.0824
 --------------------------------------------------
  md_finish> MD simulation completed
 
 mdhire> Total time:           17.38
 mdhire> Setup time:            1.53
 mdhire> Thermalisation :      15.25
 mdhire> Simulation time:       0.59
