Call setup for HiRE
Finished setup
Read coordinates
           1           7   1.4710136623399013       0.67980333942604398      -0.53800000000000003     
           1           8   2.7963915910960337       0.35760370728623680       0.12176137306803242     
           1           9   3.6671082553985110       0.27269443123961667        5.4668122998228972E-005
           1          10   5.9397358978118469       0.16835765380888271        2.1136118899962240E-006
           1          11   4.0329111783960361       0.24795983738915833        6.4819308223655956E-009
           1          12   3.5679667654544560       0.28027166891859456        6.7528348327865386E-007
           1          13   5.7136019431723977       0.17502094299638310        2.9367055785723151E-006
           2           8   1.4003265476738305       0.71411914718117875        1.0327382117612412E-008
           2           9   3.0037735808070316       0.33291457331858132       0.21986603524020484     
           2          10   4.4300364174776856       0.22573177864965871        2.3168808209973091E-005
           2          11   2.9193653610717805       0.34254020183101441        2.1878747507213437E-007
           2          12   2.8870708320199263       0.34637182742771655        3.2617344786849370E-005
           2          13   5.1928169434360374       0.19257370534966509        3.7275265370851851E-005
           3           7  -1.6379872829285740      -0.61050535032975950        3.2514258559190021E-008
           3           8 -0.28276237952152172       -3.5365383531294254        3.3510715851306459E-002
           3           9   1.2807723403411035       0.78077888513244564        47846533.725289121     
           3          10   3.5294198795815288       0.28333268189064731       0.64157396726618132     
           3          11   1.8242215788893201       0.54817902143710606        3.3455697025314702E-006
           3          12   2.5779667186704418       0.38790260275964272        9.2040495542620865E-003
           3          13   5.0575740716452824       0.19772325344800920        1.4507157858635624E-004
           4           7   1.5804813424750961       0.63271863648447790        4.4627544184398617E-008
           4           8   1.4992662591183494       0.66699293332196685        5.1456178880917032E-002
           4           9   2.3153370967085181       0.43190255165072916        9.6909154603100414E-002
           4          10   4.6981407259811396       0.21285015888730413        5.2667081266743012E-004
           4          11   2.3013340738961112       0.43453056700586740        1.0809304656316806E-007
           4          12   1.5904954818816934       0.62873488883911421        5.6644011215223008E-004
           4          13   3.6463423035974971       0.27424742844724032        4.7700258880349719E-002
           5           7   2.6868021387477539       0.37218966948793375        2.2626677188867062E-006
           5           8   2.7569699946691242       0.36271704151064377        8.8324622310637297E-005
           5           9   3.1262547123840569       0.31987156901793456        6.4822464547760852E-005
           5          10   5.5783267964821999       0.17926522351301097        1.4342263608239532E-005
           5          11   2.2340917085329535       0.44760919893331663        1.3767737479179983E-008
           5          12   1.9097849175118604       0.52361917346317599        8.0853356184279056E-004
           5          13   2.7441126185774749       0.36441653058626716        5.3100242296618885E-003
           6           7   3.8547660291783385       0.25941911712165699        6.8562531189912367E-005
           6           8   3.3657597627037128       0.29710973762331172        1.1612714170005552E-006
           6           9   2.8090346273038014       0.35599418756892687        5.9144265515917651E-006
           6          10   5.0331371312914825       0.19868324146840879        5.1787494358547775E-005
           6          11   1.1274891425389644       0.88692650090458980        4.7298226259517247E-008
           6          12  0.94119031750701465        1.0624843683568250        2.9618399864457512     
           6          13   1.7557792876107250       0.56954766869405660        25.869057391771062     
           1          14   6.3647524813668372       0.15711530070141061        1.4563674211899335E-002
           1          15   7.4799812725473505       0.13369017428828994        2.8283410988839213E-009
           1          16   8.9143724973379950       0.11217839509159164        4.0747773798602649E-010
           1          17   11.137722313844836        8.9784964270202883E-002   4.9638732274554946E-011
           1          18   8.8005605346015994       0.11362912578900521        3.4304680822513812E-012
           1          19   7.7722201532420385       0.12866336520110902        5.7914324889917795E-011
           1          20   9.2167005199348591       0.10849869731983737        2.5725799922112444E-010
           2          14   5.5528279059135155       0.18008841926021951        3.3266284683619584E-011
           2          15   6.3619597567255592       0.15718426997952131        1.4545861413204478E-008
           2          16   8.1478043283549813       0.12273245155384054        2.8432758859907956E-009
           2          17   10.163840086643171        9.8388009991828951E-002   1.4602355722225630E-010
           2          18   8.3162343676953459       0.12024673136732764        1.0285280299227549E-011
           2          19   7.3746478533783364       0.13559969504739114        1.1423241854710583E-010
           2          20   9.0820834100925421       0.11010689451373476        4.8307500504270168E-010
           3          14   3.4194757901080859       0.29244248574381371        3.9690281502779894E-011
           3          15   4.8399380329478738       0.20661421555245146        4.8909769231134470E-006
           3          16   6.4665473772395448       0.15464202791117296        7.5654087523851849E-008
           3          17   8.7196417155694910       0.11468361116425628        2.3379781474146007E-009
           3          18   6.9705415089684610       0.14346087728096543        6.4703284629166268E-011
           3          19   6.6030539453510873       0.15144507500261375        9.4997417739492431E-010
           3          20   8.6094467621026336       0.11615148192818095        1.8195829913655372E-009
           4          14   5.1917681650485505       0.19261260676701433        7.5371485493338031E-011
           4          15   5.6929230369378256       0.17565668699745701        3.2593163848413606E-008
           4          16   7.1005634541675402       0.14083389388106504        1.0786641921292546E-008
           4          17   9.3103933450518266       0.10740684769580307        7.6102033015126140E-010
           4          18   7.0419520919083869       0.14200607827892756        2.9464132573325010E-011
           4          19   6.2627622867688206       0.15967395123916403        8.4060742040928725E-010
           4          20   7.8315868461005049       0.12768804326008579        3.4333563465441770E-009
           5          14   5.3971100318970340       0.18528434552750989        2.3480794825597380E-010
           5          15   5.9329137553037725       0.16855124501111154        2.0463256434217099E-008
           5          16   6.6643451988380367       0.15005225122107349        6.5719400130608857E-009
           5          17   9.1917747472639579       0.10879291839670702        1.6286216318235128E-009
           5          18   6.0714104145536592       0.16470637491461942        3.4365094034211323E-011
           5          19   5.6614345276784226       0.17663367740297242        4.9823578624236675E-009
           5          20   6.8102945621567175       0.14683652680117187        1.1529013354521914E-008
           6          14   4.8386106635583008       0.20667089574522673        1.2557964568739504E-009
           6          15   5.0001135744632190       0.19999545712466216        7.5903512612414422E-008
           6          16   5.2030826902699570       0.19219375503488606        5.1186046030304418E-008
           6          17   7.8386922852285217       0.12757229951281943        3.1752745098589422E-008
           6          18   4.3699969849962610       0.22883310982441230        2.3226652317552163E-010
           6          19   4.2874939571692892       0.23323648032852856        2.5771302281087968E-007
           6          20   5.2940552399354397       0.18889111553966234        3.2394237474241729E-007
           1          26   10.337654705537725        9.6733739758623899E-002   2.5789824707330322E-008
           1          27   10.886993087030604        9.1852726644170865E-002   8.3916188495430169E-012
           2          21   10.928155847257223        9.1506747705376354E-002   4.5083190919027264E-012
           2          26   10.560289712125851        9.4694371770099275E-002   4.3087118820301551E-012
           3          21   8.9969459874233522       0.11114882776865391        6.4983039175509124E-012
           3          22   9.9219781467061985       0.10078635381110673        4.4439447847286783E-011
           3          25   10.791320089836471        9.2667068688086121E-002   1.3731905911838362E-011
           3          26   9.7263797726703665       0.10281317647187152        5.0120467917614326E-012
           3          27   10.901354177432964        9.1731722841379940E-002   1.7437946407694085E-011
           4          21   10.253783006626698        9.7524981692486704E-002   4.4375638546366314E-012
           4          22   10.560681371419404        9.4690859882045217E-002   9.2533830936214763E-012
           4          26   9.8659514645579911       0.10135869850894319        6.4954125108858801E-012
           4          27   10.631994634140366        9.4055728432076421E-002   1.4697461035943957E-011
           5          21   9.6782685725949946       0.10332426637049545        5.9914650183791608E-012
           5          22   10.092510123808559        9.9083378439320816E-002   1.8507083197869683E-011
           5          23   10.507007074363058        9.5174581393400334E-002   1.1192308911456669E-011
           5          25   9.6709413939933135       0.10340254989251685        6.9049687431979758E-012
           5          26   9.0146226852334799       0.11093087696704855        1.8676048599053412E-011
           5          27   9.4382511973810779       0.10595183144494814        4.3404960862327866E-011
           6          21   8.4932716603124643       0.11774025840628891        2.5015640730537646E-011
           6          22   8.8521300062907518       0.11296716149552161        8.8717608958757616E-011
           6          23   9.0829667244859458       0.11009618666819408        5.3992894543420810E-011
           6          25   8.3659368440173800       0.11953233913248061        3.9643987926714143E-011
           6          26   8.1021717414397649       0.12342369822714952        1.0634939723080934E-010
           6          27   8.5753386721934639       0.11661347011781781        1.5620418921610765E-010
           1          33   10.496283063748468        9.5271820884266112E-002   7.9048683490283116E-011
           2          33   10.850039313493481        9.2165564668172745E-002   6.9901034333446358E-012
           3          33   9.6124509897362316       0.10403173977872633        4.6960668602019117E-012
           4          33   10.802909182597924        9.2567657757492719E-002   2.0086318779493914E-011
           5          33   10.451353100279114        9.5681390763966631E-002   4.9479045357659432E-012
           6          33   10.167181450111624        9.8355675553426974E-002   7.3593552023767632E-012
           1          44   9.6435384244543947       0.10369637740688292        1.0244791427640344E-011
           2          44   10.747845300246407        9.3041904871581455E-002   1.9322932195237033E-011
           3          44   9.9278845722455813       0.10072639268949626        5.2608162360756827E-012
           5          44   10.568837047124223        9.4617789596074781E-002   1.3634191301540819E-011
           6          44   11.170108268675845        8.9524647026411011E-002   6.4355191988475298E-012
           1          48   7.9143747213187812       0.12635236960745888        3.3129998900155876E-012
           1          49   8.6775950820997512       0.11523930196545033        2.0697157564423214E-010
           1          50   9.3419488081764115       0.10704404621921754        6.8567361945950731E-011
           1          51   8.5573219912939713       0.11685898941484003        2.8291776304048675E-011
           2          48   9.4208766479690151       0.10614723420835612        8.1069132927293197E-011
           2          49   9.9173650523365957       0.10083323490894323        2.5574915303289848E-011
           2          51   10.157789552045193        9.8446615267655121E-002   1.3808751595721089E-011
           3          48   8.2928396231302060       0.12058595673438829        1.0359039330120399E-011
           3          49   9.4174849337343201       0.10618546321405894        1.1816009033574919E-010
           3          50   10.652716505822392        9.3872769396748323E-002   2.5685664405424106E-011
           3          51   10.366782199203938        9.6461947476507201E-002   5.8530950694852589E-012
           4          48   9.8867805124153971       0.10114516032233574        8.1130157875176274E-012
           4          49   10.229541981385065        9.7756087400562339E-002   1.4330168546767650E-011
           4          51   10.278524223462313        9.7290231385294218E-002   9.5199736214129409E-012
           5          48   8.6224753510910013       0.11597597665193327        8.9896099453240034E-012
           5          49   9.1006089983472798       0.10988275621791964        7.4016147171190016E-011
           5          50   9.7053971275895492       0.10303545407300216        3.8731520436554252E-011
           5          51   8.7048885267522795       0.11487797884220484        1.7895765705187630E-011
           5          52   10.876343122935147        9.1942667558113478E-002   6.6031542892258506E-011
           6          48   9.1942687564270322       0.10876340756310544        4.5615791179129035E-012
           6          49   9.6028020844405049       0.10413627097660461        3.4253399529688022E-011
           6          50   10.265937967025041        9.7409511260644149E-002   2.0329854771900907E-011
           6          51   9.3457969833829289       0.10699997033725707        9.1227628435663332E-012
           6          53   11.719560079876228        8.5327434919430969E-002   2.8152301208629524E-011
           1          54   7.9017236566809927       0.12655466622836009        1.8619769303543796E-012
           1          55   9.8326288566311550       0.10170220137268753        2.1098324430923128E-010
           2          54   9.8931638225423679       0.10107989900272547        1.5306442149217668E-011
           3          54   9.9254448043859611       0.10075115218595637        1.4219607364643336E-011
           4          54   9.8207813816730365       0.10182489163908495        1.3674462669847857E-011
           5          54   7.6671016759287678       0.13042738211488022        1.5529500678844859E-011
           5          55   9.4452200332221263       0.10587365847303207        3.0292515698800854E-010
           6          54   8.2257181112933626       0.12156993304050459        2.4795053977070132E-011
           6          55   9.8901674250976779       0.10111052290807138        1.3026391992990687E-010
           5          65   10.448137914383892        9.5710834618990395E-002   1.4271390510044856E-011
           6          65   9.9487745994105303       0.10051489155852927        7.3865774123548003E-012
           1          71   10.893536290236440        9.1797555298573794E-002   1.3294588959057080E-011
           4          71   10.112627450722302        9.8886269159314699E-002   4.4759311616621316E-012
           5          67   11.361886678872416        8.8013551645389460E-002   1.0928030929811834E-011
           5          70   10.323700672038628        9.6864489950630212E-002   2.7008755428111352E-012
           5          71   8.5157770323475610       0.11742909615898292        8.5287456910435128E-012
           6          66   10.487985945253625        9.5347191083198723E-002   8.5944607201950194E-011
           6          67   10.268649809791382        9.7383786429884683E-002   7.0567519623656919E-012
           6          68   10.245374006606724        9.7605026361668248E-002   9.0938940868369748E-012
           6          69   10.107928826059265        9.8932235991007242E-002   9.3449333885780443E-012
           6          70   8.8689597878339228       0.11275279445643210        1.0989145164861676E-011
           6          71   7.2965025132346009       0.13705196403155787        5.2776159482465872E-011
           1          77   9.5386057240064890       0.10483712493569461        5.4895048896235244E-010
           2          77   9.4124177492052521       0.10624262826460673        2.2033893229004867E-011
           3          77   9.6426034539253678       0.10370643206248559        2.5852091447815940E-011
           4          76   10.199795702755727        9.8041179366938222E-002   1.9345427377187157E-011
           4          77   7.7240000113074068       0.12946659742828437        9.8585339294277636E-012
           5          72   10.679809181208038        9.3634631764730261E-002   2.7720612634255826E-010
           5          73   10.263990001982830        9.7427998254754428E-002   5.6773817270242967E-012
           5          74   9.9334435217113448       0.10067002422818616        9.1435610530003433E-012
           5          75   10.186007760115322        9.8173889471754969E-002   1.3542913063781502E-011
           5          76   8.1627468438605550       0.12250778066848046        1.0019867545886257E-011
           5          77   6.3058732790684244       0.15858231774485190        1.4284797259006730E-010
           6          72   8.9671065030216575       0.11151869331127368        3.1620384342120457E-009
           6          73   8.3884635247110175       0.11921134270348395        4.6246841550095897E-011
           6          74   7.8167944058753314       0.12792967910840417        1.0297243145241610E-010
           6          75   7.9063104034510800       0.12648124712678913        2.4019598260855567E-010
           6          76   6.0527678991035359       0.16521367028597084        2.0951913043256812E-010
           6          77   4.4498274923693621       0.22472781286798568        5.1696574258970829E-009
           1          82   9.6745303758483772       0.10336419042069607        2.0739195914478365E-007
           1          83   7.7937169437897396       0.12830848325802094        1.8593078484079407E-011
           2          81   10.632551520497032        9.4050802206059173E-002   2.4887109993442575E-010
           2          82   8.9495545097119074       0.11173740535518463        5.9877004234338392E-012
           2          83   7.0945740690150618       0.14095278874702477        4.7347058398941459E-011
           3          81   10.968127882470005        9.1173262266413466E-002   7.6876585645369886E-010
           3          82   8.9088296138728253       0.11224819009253477        4.1240122590311010E-012
           3          83   7.6897822697854288       0.13004269365716428        5.0010613034435415E-011
           4          79   9.9236541539927661       0.10076933199023785        2.9237584759485305E-010
           4          80   9.0402866916337405       0.11061596098776844        1.3704101547379785E-011
           4          81   8.4053496927736777       0.11897184966138041        4.1949189382535107E-011
           4          82   6.7731106464196316       0.14764264932370699        1.0051724495502258E-010
           4          83   5.0134038109806998       0.19946528101521199        1.3410716099632932E-009
           5          78   9.3573478995045978       0.10686788721972629        4.9581284192872331E-008
           5          79   8.6692569680686002       0.11535013942755318        2.7738099046003566E-011
           5          80   7.7498265764291112       0.12903514551428455        6.9362940941900751E-011
           5          81   7.9550980513347387       0.12570555303617106        2.6632148511389058E-010
           5          82   5.4294793127775538       0.18417972376220934        1.9460929060660267E-010
           5          83   3.9437387603609855       0.25356649128261888        1.9046352607592493E-008
           6          78   7.0561082024936113       0.14172118274016865        8.8310500630144792E-007
           6          79   6.2866853889211285       0.15906633434564349        8.2059190838187475E-010
           6          80   5.2683494905741721       0.18981276807644262        3.2798145520561041E-009
           6          81   5.5259906523196989       0.18096302779307458        2.7341043415508528E-008
           6          82   2.9499058896438672       0.33899386536725307        1.5416587840631932E-008
           6          83   1.6194784990873927       0.61748272704053753        2.8788038930049481E-005
           4          84   9.7566615136085986       0.10249407531512693        3.8406769149291316E-002
           4          85   10.474681447271990        9.5468297058373883E-002   1.6799453459408639E-011
           5          84   9.0548088389566210       0.11043855456094082        7.1650648001713909E-012
           5          85   10.100460665157938        9.9005385313716610E-002   4.1148933118063941E-011
           5          86   10.267327495091010        9.7396328351084319E-002   1.1087045576770298E-011
           5          89   11.775952780828977        8.4918818766663254E-002   9.1079583245814754E-012
           6          84   6.6465362146195943       0.15045430698179588        1.7577509698558312E-012
           6          85   7.6516342036748828       0.13069103584692088        1.6817657673224421E-009
           6          86   7.8506643693755223       0.12737775466505449        3.1035562059383134E-010
           6          87   10.682927753217355        9.3607297840129278E-002   2.2805157857298235E-010
           6          88   8.8098996612965905       0.11350867075060714        5.6575254575911538E-012
           6          89   9.7468395935509839       0.10259735890817902        5.7181884966422192E-011
           1          95   11.204944002848036        8.9246318388188584E-002   1.7003729488756735E-011
           2          95   10.042981525989630        9.9572024245206461E-002   3.1914917589644350E-012
           2          96   10.618835375180948        9.4172285817451018E-002   1.1872933826419322E-011
           3          95   9.5179867701681271       0.10506423513155774        6.0811729871010814E-012
           3          96   9.7952184549876566       0.10209062764606408        2.2613555506097637E-011
           4          94   10.343114097015334        9.6682680923781503E-002   1.6022877007715883E-011
           4          95   8.2919969111477592       0.12059821183189301        8.3386208442124507E-012
           4          96   9.0341072274069436       0.11069162395662971        1.1830427360434723E-010
           5          94   8.9829347779390734       0.11132219310507194        4.2294814187346176E-011
           5          95   8.0721717423153549       0.12388239892839152        4.5278398339570486E-011
           5          96   9.1970477275425750       0.10873054371624938        1.6331470594607792E-010
           6          90   10.734545058863084        9.3157185005650525E-002   3.4129406034294626E-011
           6          91   10.125829716490969        9.8757339200697375E-002   5.3395701096421351E-012
           6          92   8.7005421414192607       0.11493536652612280        1.0758273397296949E-011
           6          93   10.164888940983380        9.8377857919149797E-002   6.6428467654497894E-011
           6          94   6.6824106607996736       0.14964659473357353        1.0272552202505278E-011
           6          95   5.8218440880523721       0.17176688088439310        1.5765657153967776E-009
           6          96   7.0993247068696652       0.14085846771205571        8.2448577186319038E-009
           6          97   10.837572714631815        9.2271583899031118E-002   7.6261532767350705E-010
           6         102   10.502526501112996        9.5215184640955283E-002   4.7613019071690308E-012
           6         103   10.864393734874220        9.2043792263349633E-002   6.9404012632640630E-012
           7          14   2.8937289979295135       0.34557486230241602        4.6221502197350404E-012
           7          15   3.2401279684823256       0.30862978552924236        3.6258992850871244E-005
           7          16   5.4245800436942542       0.18434606770388418        9.3360691021071795E-006
           7          17   7.0930591362346931       0.14098289338820372        1.9253804155944958E-008
           7          18   6.0203841243736758       0.16610235814546701        7.7073848511526818E-010
           7          19   5.2041810780636197       0.19215319086707905        5.5134011283448590E-009
           7          20   7.3104037343296682       0.13679135056576949        3.1672418062101691E-008
           8          14   1.6748120776330131       0.59708191346057471        5.3655427849448591E-010
           8          15   3.0270200782369296       0.33035790122094078        2.5663566110255016E-002
           8          16   3.9400975434814400       0.25380082319393737        2.1121579553005562E-005
           8          17   6.1527494072184581       0.16252896612801937        8.9294833036454989E-007
           8          18   4.5438259579652023       0.22007885188626722        4.2469709077211029E-009
           8          19   4.3424799576646311       0.23028315841388389        1.6138001592175177E-007
           8          20   6.5301300572686856       0.15313630681626322        2.7800726222942677E-007
           9          15   1.4040027932952519       0.71224929521184155        2.0789691326115138E-009
           9          16   3.0643241918672501       0.32633622860597156       0.21305628545256833     
           9          17   4.4110649741872763       0.22670262302908983        1.8234484717092167E-005
           9          18   3.1630801335738248       0.31614753903504306        2.3035017904492203E-007
           9          19   3.2978097011613272       0.30323156598388590        1.2461998056320806E-005
           9          20   5.5892904205378251       0.17891358737157476        7.5544511665552508E-006
          10          14  -1.6366497590417641      -0.61100427533468504        1.3447139131439923E-008
          10          15 -0.26980698396418434       -3.7063532800646311        3.3840829693383402E-002
          10          16   1.3528521592595171       0.73917906931334576        83998545.596222013     
          10          17   3.4798598720666791       0.28736789318073969       0.33258751575761952     
          10          18   2.0259521239385885       0.49359507965861116        3.9643221668436080E-006
          10          19   2.9291156873549391       0.34139996734066302        2.6143268004352356E-003
          10          20   5.3982868627766294       0.18524395339110344        3.1338031719496364E-005
          11          14   1.5236336264946013       0.65632576139756349        2.0409788496384118E-008
          11          15   1.4187999528786852       0.70482099888080929        7.9862596454438703E-002
          11          16   2.3650751553296239       0.42281954454873488       0.18786939140520023     
          11          17   4.7010261601883814       0.21271951397946010        4.0810382177982241E-004
          11          18   2.5207744714206255       0.39670347797374866        1.0729957397022956E-007
          11          19   1.8187925223111687       0.54981532403117872        1.8989000651387509E-004
          11          20   3.8600970875822185       0.25906084155679943        9.5392030452720981E-003
          12          14   2.6119414954313243       0.38285696741261216        1.1421713887261343E-006
          12          15   2.6934405566146045       0.37127234812893134        1.2397915527745170E-004
          12          16   3.2222202049713706       0.31034502187564955        8.5747461140095121E-005
          12          17   5.6382476982024752       0.17736006885948077        9.9780899376410765E-006
          12          18   2.5653051604279229       0.38981717084808276        1.2111005396534335E-008
          12          19   2.2324432502877594       0.44793971800676285        1.5390105448760970E-004
          12          20   3.1369471738465968       0.31878126872432377        8.1572708027658110E-004
          13          14   3.7891415547014446       0.26391201953361498        1.3766500347451678E-005
          13          15   3.3041428860276452       0.30265034972571497        1.4269871215554209E-006
          13          16   2.9130786936177184       0.34327943223466845        7.3825122138846787E-006
          13          17   5.1689141635600944       0.19346423027293011        3.3472134789303749E-005
          13          18   1.4323666694829313       0.69814525938458838        3.4365144189965631E-008
          13          19  0.98180995169738194        1.0185270563525768       0.16759441177246914     
          13          20   1.9226636204563867       0.52011178105228195        15.580480785511519     
           7          21   7.6515423013436283       0.13069260557108828        4.8985811400949529E-003
           7          22   8.1847513721043974       0.12217842113179402        3.1040035555815533E-010
           7          23   9.8576386877418631       0.10144417255255223        1.3830698567031953E-010
           7          25   9.5736042744733059       0.10445386829559709        1.4846882180866132E-011
           7          26   8.0988216049761572       0.12347475333764238        2.1086492699788946E-011
           7          27   9.4170061587498921       0.10619086184528417        1.5698133571766013E-010
           8          21   6.4471328124036020       0.15510770897663309        2.5701339569344932E-011
           8          22   7.3964768903499269       0.13519950306404460        2.4238771834620407E-009
           8          23   8.6493459909989010       0.11561567788369989        4.6624174650475171E-010
           8          24   11.017171716854119        9.0767397087057791E-002   7.1303487476399738E-011
           8          25   8.4727300540018096       0.11802571232960309        3.9090262848713628E-012
           8          26   7.6152477345735807       0.13131549161033243        9.1333389654525266E-011
           8          27   9.0319632030129249       0.11071790014228748        3.2862574204382668E-010
           9          21   5.4003362173913771       0.18517365581416489        4.2415451880402064E-011
           9          22   6.0997141048645531       0.16394210987732932        2.0317039372282695E-008
           9          23   7.7836386994849764       0.12847461689944156        4.7119020413380753E-009
           9          24   9.8982514727572841       0.10102794445587442        2.5276561187590815E-010
           9          25   7.9370605259418863       0.12599122770092908        1.4132149223426633E-011
           9          26   7.1851760076897282       0.13917543549800016        1.9998328933461112E-010
           9          27   8.7831948138519937       0.11385378796595721        6.6017804969402433E-010
          10          21   3.2026731843115028       0.31223916473855756        5.9303431702620694E-011
          10          22   4.5013764879802984       0.22215426829331605        1.0733924372907815E-005
          10          23   6.0584111568378418       0.16505977790420304        1.8062004872882773E-007
          10          24   8.4064451025272255       0.11895634692235967        5.1121676753645532E-009
          10          25   6.5310545530825159       0.15311462978486709        1.0036018161908260E-010
          10          26   6.4414137758075629       0.15524542201523603        2.0754404480730412E-009
          10          27   8.3873888696618355       0.11922661695311597        2.4498282599498068E-009
          11          21   5.0921612392213991       0.19638027018816512        1.0313086625572978E-010
          11          22   5.5001315780361697       0.18181383223509201        4.1122949040016157E-008
          11          23   6.7832198345392172       0.14742261409664748        1.6309215211738874E-008
          11          24   9.0805647049353357       0.11012530965794391        1.3172836670861343E-009
          11          25   6.7438597812890322       0.14828303559550854        3.9770012200764809E-011
          11          26   6.0980173797561807       0.16398772547282955        1.4125623645244466E-009
          11          27   7.4630328805021104       0.13399378188626182        4.7276587335001487E-009
          12          21   5.3696167769380860       0.18623302957017157        4.1872197391503169E-010
          12          22   5.7589120518551518       0.17364390895288359        2.1756574200347837E-008
          12          23   6.2492151930233000       0.16002009358173683        9.3934398512785223E-009
          12          24   8.9027985970037786       0.11232423030849516        3.5237432232628755E-009
          12          25   5.6547551904033089       0.17684231524241775        5.0418675057778679E-011
          12          26   5.3311057395054613       0.18757834656882358        1.1693494570392572E-008
          12          27   6.2991421929585991       0.15875177434759846        2.3719331992012025E-008
          13          21   4.9510410237728610       0.20197772452266333        3.2028239656482409E-009
          13          22   5.0147016170767458       0.19941365934807839        5.7617142347926510E-008
          13          23   4.9554076530666471       0.20179974484665281        4.9427523386455064E-008
          13          24   7.7057043062236819       0.12977399083330099        5.7010830345467826E-008
          13          25   4.1991418053760174       0.23814389852701193        2.8520815362839790E-010
          13          26   4.2137049228261061       0.23732084194668907        4.1589482882202223E-007
          13          27   4.9193914218839341       0.20327717683766647        3.9897030988633119E-007
           7          32   10.784065543685877        9.2729406729682287E-002   6.2226225572569046E-008
           7          33   7.7332952086854920       0.12931098231926677        5.0526566590049540E-012
           8          29   11.315103117310318        8.8377453535545616E-002   2.7323412797303707E-010
           8          32   10.216850073064709        9.7877525151940870E-002   2.8379701246192775E-012
           8          33   7.6421401338580512       0.13085339741017821        9.6628618040932658E-012
           9          28   10.483769467925121        9.5385538861711860E-002   3.1501413978539499E-010
           9          29   10.545605178197297        9.4826231695784344E-002   7.0908853436697568E-012
           9          32   10.505793359895900        9.5185576733055860E-002   6.6077244248792286E-012
           9          33   7.7298081845962834       0.12936931630370443        6.9145474440154719E-012
          10          28   8.4400597265447228       0.11848257386792098        2.7471692000295313E-010
          10          29   8.9672802149072819       0.11151653299933592        9.5667356511296095E-011
          10          30   9.8460483171192212       0.10156358853747553        4.6236092109945001E-011
          10          31   11.285200771235839        8.8611626879411765E-002   1.5057971171668624E-011
          10          32   8.8720677826058694       0.11271329576184594        2.9295339446382785E-012
          10          33   6.6258701459818052       0.15092357350323871        5.2554728765587411E-011
          11          28   9.8970930413522105       0.10103976953856877        1.7458019299622849E-009
          11          29   10.017540048096885        9.9824906633637897E-002   1.4152011623792297E-011
          11          32   10.061548350021772        9.9388281526057179E-002   1.2239874505739632E-011
          11          33   7.4719596779618236       0.13383369866802824        1.1612672838948708E-011
          12          28   9.4153305495175790       0.10620976021402008        4.1275826478791048E-010
          12          29   9.7063610077676614       0.10302522224340667        2.5756280918000961E-011
          12          30   10.042926672899764        9.9572568093964087E-002   1.7874451901816078E-011
          12          32   8.7757344624181837       0.11395057636286395        1.1873712029855760E-011
          12          33   7.0011194499076721       0.14283430059362687        5.9911242600116700E-011
          13          28   8.4411316118102651       0.11846752852435888        9.0136390665174610E-010
          13          29   8.8467214638315372       0.11303622523760316        9.5521680059148646E-011
          13          30   9.2319422663290318       0.10831956820692269        5.4390339120763601E-011
          13          32   8.2141329434317480       0.12174139460448204        3.2613173017608711E-011
          13          33   6.8703671470307865       0.14555262893514750        1.3248578486421863E-010
          10          37   10.583565348670271        9.4486117584717408E-002   1.1301879188011833E-009
           7          41   9.5825446069578568       0.10435641481636339        6.3288683883711211E-012
           7          42   9.6752089929185345       0.10335694047869338        2.0851620781963284E-011
           7          43   10.269130982649223        9.7379223391892186E-002   1.8577435145574845E-011
           7          44   8.2380499263567337       0.12138795090335762        9.0887821362474026E-012
           8          41   9.5039540135472897       0.10521936433768123        1.2794313179588199E-010
           8          42   10.043570537069831        9.9566184785490217E-002   2.3017497156346023E-011
           8          43   10.410597662831336        9.6055964545654460E-002   1.1864580979029751E-011
           8          44   8.8399628616808990       0.11312264719286980        7.7126222498809538E-012
           9          41   10.373039796786204        9.6403756236414131E-002   5.4891453066989386E-011
           9          42   10.650936147564087        9.3888460708564492E-002   8.0544795623781391E-012
           9          44   9.8880487110320878       0.10113218787891901        5.8648463652078681E-012
          10          41   8.7521355466447268       0.11425782823751698        1.4308128988223267E-011
          10          42   9.6261761669803878       0.10388340943002787        6.1878758560687309E-011
          10          43   10.590246536642210        9.4426508064755998E-002   1.9745327828936969E-011
          10          44   9.4769649766297075       0.10551901399509339        6.2811211178307215E-012
          11          41   10.716515688164776        9.3313911825313803E-002   2.3816542014570217E-011
          11          42   10.833443598841102        9.2306752776833964E-002   5.4483721478721782E-012
          11          44   9.9154633411899020       0.10085257396352749        4.7831245887019707E-012
          12          41   9.6994813367725570       0.10309829621598549        1.3840566115527752E-011
          12          42   9.9443613390990002       0.10055949958980515        1.8027183200134863E-011
          12          43   10.180388658022729        9.8228076902736203E-002   1.3365562935968384E-011
          12          44   8.5584534967338524       0.11684353959294494        1.0086435409983608E-011
          12          45   10.884788991001507        9.1871326199038261E-002   8.0940609484022748E-011
          12          46   11.647695927379790        8.5853889579083062E-002   4.5192861495775515E-012
          13          41   10.083329346556681        9.9173592930541968E-002   2.0046091989162474E-012
          13          42   10.245005331155518        9.7608538763660324E-002   1.1315209058335801E-011
          13          43   10.500936697600080        9.5229599872604070E-002   9.3489696143039433E-012
          13          44   9.0250063102172238       0.11080324662686368        6.9530207850663896E-012
          13          45   10.862162062234576        9.2062703011657962E-002   4.2809469122432989E-011
          13          46   11.200346604608093        8.9282951260506158E-002   4.6335587663871697E-012
          13          47   11.762113491804371        8.5018734149843220E-002   3.2072474090014511E-012
           7          48   7.0487096531676485       0.14186993779075663        1.7827302189728407E-012
           7          49   7.8763870347846101       0.12696176503055076        8.3098761781403129E-010
           7          50   9.6753519150331186       0.10335541371329821        2.1927313686247471E-010
           7          51   9.2122807266573030       0.10855075194423132        1.8574142352961150E-011
           8          48   7.1877267127866507       0.13912604637861981        3.3458313609252198E-011
           8          49   8.3549068168681266       0.11969014399790211        6.5737220552601302E-010
           8          50   9.8037340600288285       0.10200195087677230        1.0804649590876655E-010
           8          51   9.7465107050494666       0.10260082097708266        1.5856661319892623E-011
           9          48   8.6282758126357066       0.11589801041542352        1.7010616099930877E-011
           9          49   9.3461445369065306       0.10699599134714310        7.3421251093725879E-011
           9          51   10.821788589775528        9.2406166661285941E-002   2.8139741038382875E-011
          10          48   7.9718606740974067       0.12544122895289089        4.8453088750049270E-012
          10          49   9.2317116551144487       0.10832227406561071        1.8975516894980122E-010
          10          50   10.948234243548633        9.1338929890841622E-002   3.2622950615255049E-011
          10          51   11.302317303023713        8.8477431060307393E-002   4.2148395179179409E-012
          11          48   8.5260897729498986       0.11728705967565893        2.8767363826991912E-012
          11          49   8.9887534813776497       0.11125013074079058        8.4705419900539535E-011
          11          50   10.691714059292060        9.3530372628223266E-002   4.4927926272005418E-011
          11          51   10.067069915231103        9.9333769251670451E-002   5.6019855999596187E-012
          11          53   10.983287168615506        9.1047423658144652E-002   1.1536471452685616E-011
          12          48   6.6558323213533921       0.15024416958218392        4.0562241594947715E-012
          12          49   7.2891429236170655       0.13719034054881360        1.6537945057250997E-009
          12          50   8.3719731376567257       0.11944615487381928        5.5563861852705500E-010
          12          51   7.9668217702564963       0.12552056878357962        1.0543288701071572E-010
          12          52   9.1708098933679700       0.10904162354550249        1.9120039957462146E-010
          12          53   9.5804832123660368       0.10437886877242758        3.5319758321281037E-011
          13          48   7.1123143408492862       0.14060120968733636        2.0905523268092735E-011
          13          49   7.4844025511853669       0.13361119917870021        7.4606849290382662E-010
          13          50   8.3600201755678647       0.11961693620339543        4.0459858108806822E-010
          13          51   7.9140786022149729       0.12635709730253658        1.0725612599025482E-010
          13          52   8.7259608603124601       0.11460055987051401        2.0706452521643349E-010
          13          53   8.6771960687303675       0.11524460114525432        6.4143238805114839E-011
           7          54   9.3045986786524306       0.10747373793716682        6.8605207647919163E-011
           7          55   10.911471624222742        9.1646666411161856E-002   2.9685082473534561E-011
           8          54   9.3626525061456256       0.10680733898258021        4.3884391602233087E-012
           8          55   11.329999933020762        8.8261253831568534E-002   2.7550098398272278E-011
           9          54   10.744018753379285        9.3075042305326663E-002   2.7935157575656511E-012
          11          54   9.7910112029539018       0.10213449655724066        5.2833443874162993E-012
          12          54   7.1979404179509547       0.13892862984890766        1.6105693987227341E-011
          12          55   8.9644502043033967       0.11155173794372227        6.4626560709379115E-010
          12          56   10.836278362302307        9.2282605389581107E-002   4.6411553262711253E-011
          13          54   6.9825299434950168       0.14321456665310950        4.7681310257645269E-012
          13          55   8.5362328041400346       0.11714769535280299        9.3058560794828000E-010
          13          56   10.281201020437484        9.7264901057002015E-002   8.3505484986365649E-011
          13          57   11.251046761162819        8.8880618952884696E-002   8.9615638843505169E-012
          11          65   10.291294837915473        9.7169502550424697E-002   3.0380495774026698E-012
          12          64   10.421205482666128        9.5958188490124968E-002   8.8566557811038658E-012
          12          65   8.6502528662585263       0.11560355696659856        7.6189390890568368E-012
          13          60   10.500539514039630        9.5233201938144330E-002   7.1213835397191324E-011
          13          61   10.244938177924258        9.7609178565351923E-002   6.9561774230383756E-012
          13          62   10.199655549533047        9.8042526548436357E-002   9.3497050051573836E-012
          13          63   9.9837798714321284       0.10016246480568231        9.8601596428320006E-012
          13          64   8.8397593409232034       0.11312525165369065        1.2745886616450210E-011
          13          65   7.3104584487456448       0.13679032676419681        5.4906620400531213E-011
           7          71   10.391534451855390        9.6232178667458659E-002   5.3650609101772714E-010
           8          71   9.9010479192379961       0.10099941017929766        7.8841309939946086E-012
           9          71   9.4474486013013159       0.10584868383007211        1.4084325841920820E-011
          10          71   9.7190585125075799       0.10289062450988307        2.4724957806023056E-011
          11          70   9.9886216619079384       0.10011391299497761        1.7596230889461132E-011
          11          71   7.5760034840043424       0.13199571543378488        1.2671944101888756E-011
          12          66   10.572944831923973        9.4581028833196759E-002   3.4964556541597783E-010
          12          67   10.168084148781181        9.8346943767166503E-002   6.4055794094442986E-012
          12          68   9.8436059970326948       0.10158878771676202        1.0233882652427081E-011
          12          69   10.134222063636500        9.8675556320024657E-002   1.5102865222942489E-011
          12          70   8.0546122565713247       0.12415246918734714        1.0651849357553382E-011
          12          71   6.2240725906073395       0.16066650660679729        1.6763872516597261E-010
          13          66   8.7639792659093860       0.11410341919564503        3.6984029205611946E-009
          13          67   8.2038882296091167       0.12189342077953275        6.0882701659788960E-011
          13          68   7.6444929649351714       0.13081312319691310        1.3448479784847388E-010
          13          69   7.8231839581293912       0.12782519308661519        3.1385264218604256E-010
          13          70   5.8349847087621178       0.17138005494656186        2.3785238036824480E-010
          13          71   4.2359896050831356       0.23607234512568498        8.0247838952244163E-009
           7          77   8.7895262880349119       0.11377177418096915        3.7449962281133959E-007
           8          76   9.9555141073340625       0.10044684676437921        5.8792832020064950E-011
           8          77   8.0347761088185994       0.12445897514212576        1.3186990936434180E-011
           9          75   10.986613259839597        9.1019859928572727E-002   1.7267308910839615E-010
           9          76   8.9651336668774846       0.11154323372718830        4.0415128778898830E-012
           9          77   7.0381637054627912       0.14208251496392915        4.6369112495290401E-011
          10          76   8.9009347335764772       0.11234775109941637        8.4605314263903518E-010
          10          77   7.6458461643309032       0.13078997124806932        5.0545513641785175E-011
          11          73   9.7708510993329689       0.10234522968713211        3.1318672447046691E-010
          11          74   8.8904560043467828       0.11248016969107918        1.6509019213628071E-011
          11          75   8.7017608228150802       0.11491926983078041        5.1265071497494867E-011
          11          76   6.7574823262694697       0.14798410883185531        6.6316913943853874E-011
          11          77   4.8540475266657612       0.20601364006151351        1.3787673513768243E-009
          12          72   9.3422016260563083       0.10704114940218190        7.3056981074311220E-008
          12          73   8.6561974908484434       0.11552416647808994        2.8282590115166212E-011
          12          74   7.7416927366593775       0.12917071679487896        7.0629175671870100E-011
          12          75   8.3208668615801447       0.12017978614911987        2.6969869678195568E-010
          12          76   5.5934842321442133       0.17877944381308442        1.1347158875454411E-010
          12          77   3.9775183706555248       0.25141304371529338        1.3326650098518746E-008
          13          72   7.0498602011050195       0.14184678440052706        7.9719337893178905E-007
          13          73   6.2914029341739308       0.15894706005367326        8.2936165644677006E-010
          13          74   5.2789716556472275       0.18943083335752353        3.2504239278059299E-009
          13          75   5.9804202103219204       0.16721233037672631        2.6688124268691395E-008
          13          76   3.1099273638065164       0.32155091840344824        5.9721348745879268E-009
          13          77   1.5806573395690728       0.63264818690724278        1.5272392084601320E-005
           7          80   10.948533673909290        9.1336431871514662E-002   5.1387468777623006E-002
           7          81   10.628424214521536        9.4087324688612597E-002   4.2134564712355528E-012
           7          82   8.8566170122625962       0.11290992922189490        6.0156623358887503E-012
           7          83   7.2648717102584630       0.13764867982292600        5.3665556217765604E-011
           8          79   11.162809387105153        8.9583183347658121E-002   5.7832853165325733E-010
           8          80   9.4802052284080602       0.10548294851291130        3.3390883165612576E-012
           8          81   9.5665269908203197       0.10453114290688381        2.3719041990393353E-011
           8          82   7.4474834352358865       0.13427354470756558        2.1274452836141165E-011
           8          83   6.4492666036652349       0.15505639035478574        4.2933417717271410E-010
           9          78   10.815444812762120        9.2460367309166028E-002   2.4142711672070873E-009
           9          79   9.3778725513438808       0.10663399342708028        4.8795231826161544E-012
           9          80   7.8038797011829981       0.12814139098638450        2.7018304896670596E-011
           9          81   7.3035268832342766       0.13692015049544973        2.4500966745680171E-010
           9          82   5.9428839880589965       0.16826847066328307        5.4264827507085097E-010
           9          83   5.1430151821825927       0.19443846937578357        6.4408470191260300E-009
          10          79   10.274538550885215        9.7327971961703702E-002   3.6500291822186784E-008
          10          80   8.1777821461873756       0.12228254337469939        9.0315460592745534E-012
          10          81   8.3319523130123176       0.12001988998884008        1.3972804102659868E-010
          10          82   6.6042689517005346       0.15141721321668916        1.1167313422356576E-010
          10          83   6.4904176553302975       0.15407328974873344        1.8155700065451915E-009
          11          78   8.5255059778038511       0.11729509106010826        2.2368573084234888E-009
          11          79   7.1134731294946665       0.14057830567373478        8.4775049890505342E-011
          11          80   5.6583065285794287       0.17673132322349802        7.4461137930607655E-010
          11          81   5.3542760810230519       0.18676661137147191        1.1605727319157652E-008
          11          82   3.7207427751479969       0.26876354008648817        2.2516499948933249E-008
          11          83   2.8423560190172354       0.35182081108395319        1.7756372510373193E-006
          12          78   7.8880184692016542       0.12677455103641636        4.4953997685656957E-005
          12          79   7.0870080965160511       0.14110326761043163        2.1542444730139464E-010
          12          80   5.7636832372368385       0.17350016627204673        7.7867255159701284E-010
          12          81   6.4094314569539677       0.15602007864754391        9.3005526785116639E-009
          12          82   3.6793971093100550       0.27178365647721991        2.6006141597593509E-009
          12          83   2.6740262975503963       0.37396790035912253        2.0304395263514438E-006
          13          78   5.6991984612288800       0.17546327028316483        9.3523752761210305E-005
          13          79   4.9927082889950753       0.20029209441380733        1.0644975021793103E-008
          13          80   3.8812551072252877       0.25764861426872321        5.2104557005408395E-008
          13          81   5.0255769718856893       0.19898212794157674        1.0696550479810103E-006
          13          82   1.9570017028572915       0.51098575874510721        4.8159155699965867E-008
          13          83  0.92900071718528920        1.0764254338035673        3.9610978460241780E-003
           7          89   10.748990747536583        9.3031990024661296E-002   30.249445761237215     
           8          84   10.383104880379619        9.6310305204529420E-002   5.2540928620073961E-012
           8          85   11.016040127202718        9.0776720895435592E-002   7.9612841086866620E-012
           8          86   10.384209432568758        9.6300060827319858E-002   3.9138475240058062E-012
           8          88   10.347296679165730        9.6643599870244262E-002   7.9511280988511261E-012
           8          89   9.5728326108859267       0.10446228829519397        8.2982630193083652E-012
           9          84   8.3847182043032369       0.11926459251627278        2.1106899066818999E-011
           9          85   8.5608371536295298       0.11681100598625813        1.0352574328251238E-010
           9          86   8.2617704268184706       0.12103943202705168        8.0670580581897860E-011
           9          87   10.521350970209349        9.5044828637638579E-002   1.2360400368830682E-010
           9          88   8.0943744360756433       0.12354259219132753        6.7928483180543513E-012
           9          89   6.8014461678286278       0.14702755492355113        1.5801944329932286E-010
          10          84   8.8780734972277582       0.11263704905261904        1.2755422030816035E-009
          10          85   9.1440418235346339       0.10936082963074742        5.2129694621961733E-011
          10          86   7.9640449681535390       0.12556433370212997        3.6580662578117673E-011
          10          87   10.393345346985473        9.6215411555630057E-002   1.9200191940277584E-010
          10          88   7.4340579410811092       0.13451603524286945        7.8676623865004873E-012
          10          89   6.2687335191877445       0.15952185508271094        4.3873139499777277E-010
          11          84   6.5638181544363956       0.15235035104135441        3.3943163024830411E-009
          11          85   6.7474330423594626       0.14820450884390207        1.9544813199359760E-009
          11          86   6.5766066864566728       0.15205409836341868        1.4036117988619099E-009
          11          87   8.9123782859704050       0.11220349584736204        1.9093589304273816E-009
          11          88   6.7464128898902818       0.14822691944907973        4.9772180881471699E-011
          11          89   6.0043665714076937       0.16654546122515551        1.4061608681999824E-009
          12          84   7.4205804145472243       0.13476034813120696        5.6925077704397871E-009
          12          85   7.9764782842624307       0.12536861060262613        4.4838957203257543E-010
          12          86   7.4564359126160884       0.13411233083999649        1.8844115908211505E-010
          12          87   10.146700968561138        9.8554200335501357E-002   4.2318916431529030E-010
          12          88   7.9591885748665927       0.12564094826924760        1.0495706419572971E-011
          12          89   8.5244940122849897       0.11730901547456775        1.9341247378634920E-010
          13          84   6.0672362934672730       0.16481968916831574        8.4895895251658109E-011
          13          85   6.4612986527557510       0.15476764869450801        5.0236468537284727E-009
          13          86   5.8829424929888514       0.16998296366006907        2.3608708426726098E-009
          13          87   8.4659520985318331       0.11812020530725896        7.2740247758314062E-009
          13          88   6.6562938985458118       0.15023375097942537        9.2214736754235255E-011
          13          89   7.7989228559911661       0.12822283518701505        1.6524188523696206E-009
           7          94   10.738363341972541        9.3124060730125094E-002   2.4688489477458239E-010
           7          95   8.5220513846815873       0.11734263909714308        5.3168312638633633E-012
           7          96   8.6964990022171822       0.11498880178621868        8.5188354797770695E-011
           8          94   9.2116500861928685       0.10855818345715032        6.6800020447982928E-011
           8          95   7.3463362121801303       0.13612227525633974        3.3485811110393777E-011
           8          96   7.4957323300412160       0.13340924621764094        5.0589502500312421E-010
           9          91   10.776998409690650        9.2790215047336602E-002   3.9732068647997437E-010
           9          92   9.7212103329115980       0.10286784934736519        5.0925603898878294E-012
           9          93   10.792087648469368        9.2660477988411177E-002   1.7549547979557266E-011
           9          94   7.5809891201054143       0.13190890847579728        5.0077708421127721E-012
           9          95   5.1287599028808959       0.19497890697481979        3.4689619217555945E-010
           9          96   5.0598485492110683       0.19763437388969282        3.7736497655253753E-008
          10          91   10.730643460780119        9.3191056403555128E-002   4.4387409476212392E-008
          10          92   9.1137212491344339       0.10972466379690667        5.3629139860585817E-012
          10          93   10.375781516609367        9.6378282291239251E-002   3.8068092751030787E-011
          10          94   6.9991862880851308       0.14287375115337650        8.0289766424763780E-012
          10          95   4.9778106236979855       0.20089153155792536        9.0435590882858895E-010
          10          96   4.4793143982730310       0.22324845078647373        5.4006939867423676E-008
          11          90   9.7575679173319010       0.10248455439636221        1.9158939184753876E-007
          11          91   8.9135065338582606       0.11218929342806511        1.6780736529050290E-011
          11          92   7.8191322016466174       0.12789143017551383        4.9696633131204870E-011
          11          93   8.9189500347357971       0.11212082096047113        2.3933562111750080E-010
          11          94   5.6598649058876607       0.17668266232993521        4.9333876422369737E-011
          11          95   3.3261813194983114       0.30064506529993684        1.1567439327528365E-008
          11          96   3.7085573863883168       0.26964662962216640        6.8164612673951223E-006
          12          90   10.336607119840444        9.6743543447691371E-002   1.8469280140804025E-006
          12          91   9.6476674236251743       0.10365199753374618        8.4018301402571707E-012
          12          92   7.8215604818864595       0.12785172502544057        1.9223927743306929E-011
          12          93   8.9540845813711023       0.11168087490266639        2.3844549294065836E-010
          12          94   5.5827129472033974       0.17912438082651908        4.7060409664665382E-011
          12          95   4.5395214867711280       0.22028753535238363        1.3638494702990797E-008
          12          96   5.4661952284251454       0.18294260600130596        1.6322591061477003E-007
          13          90   8.4630569826613851       0.11816061289067785        1.7566625727400953E-008
          13          91   7.6399372844649225       0.13089112682029522        9.2593997194253907E-011
          13          92   5.6748509120866917       0.17621608311684991        3.1610581925050028E-010
          13          93   6.6933935921650587       0.14940104540849777        1.1206152714372664E-008
          13          94   3.4667769140938365       0.28845236505833399        1.5458012342031542E-009
          13          95   2.8499710200572057       0.35088076087872910        4.1476228914084563E-006
          13          96   4.2508553536959433       0.23524677195391777        4.3533610387476753E-005
          10          97   10.565836810839258        9.4644656916726383E-002   3.5908237274115085E-007
          10         102   11.334700041244579        8.8224654941128675E-002   6.4574823561823748E-012
          10         103   11.321833508168249        8.8324916567492376E-002   2.7796469232552596E-012
          11          97   9.8095020547447707       0.10194197365158904        2.8177914267282043E-012
          11          98   10.850075387014034        9.2165258242984646E-002   1.5745137699471840E-011
          11         102   9.6600251417759431       0.10351939931039925        4.6958795060381738E-012
          11         103   9.9280935134293511       0.10072427285735558        1.8930885648335556E-011
          12          97   9.3594201817122151       0.10684422545254932        1.3630748447968737E-011
          12          98   10.575563720839453        9.4557607177901182E-002   2.7664490355002330E-011
          12         101   10.786699042940572        9.2706767475306234E-002   6.3865702989880068E-012
          12         102   9.2405404250613721       0.10821877877270997        5.0378736585687873E-012
          12         103   9.2685047015485580       0.10789226873164584        3.2250879113016778E-011
          13          97   7.1392781608802931       0.14007018321256964        3.1102401127044607E-011
          13          98   8.2541879788868151       0.12115062106143881        7.1294885116094390E-010
          13          99   9.3968729241619915       0.10641838067520526        1.2497344766441821E-010
          13         101   8.3441458197448668       0.11984450195413487        2.6369977965819099E-011
          13         102   6.8611490203903225       0.14574818256069758        1.0973050856501387E-010
          13         103   7.0514261785149985       0.14181528313334707        1.1485443988355630E-009
          12         109   11.661307624934956        8.5753676359736519E-002   8.2715414312354144E-010
          13         109   9.6379149690756982       0.10375688135956886        1.9767101254104973E-012
          14          21   2.6028340143899520       0.38419660818608842        1.9458659931618124E-011
          14          22   2.7820075199014633       0.35945265886104411        1.2928624751022119E-004
          14          23   4.8760543035743069       0.20508385217674205        5.8158127883315910E-005
          14          24   6.6686926565535671       0.14995442907647927        6.9197054704748358E-008
          14          25   5.4282230033023726       0.18422235036984094        1.6159264328580778E-009
          14          26   4.9768535588444287       0.20093016364182295        1.9099317112599845E-008
          14          27   7.0874625247408378       0.14109422046454720        5.4131700254241996E-008
          15          21   1.4987270926007108       0.66723288378321111        7.7807364721816410E-010
          15          22   2.6901098364563123       0.37173203355789453        9.7328339756713983E-002
          15          23   3.4894263465234765       0.28658005663203129        8.7030176266588861E-005
          15          24   5.8432108946057113       0.17113878277492467        3.8358497095652458E-006
          15          25   4.0965304915130165       0.24410900933649807        7.8902593387769679E-009
          15          26   4.3173551336174043       0.23162328996598547        5.5964897380082263E-007
          15          27   6.4439740909767647       0.15518374001538265        2.9805521517753749E-007
          16          22   1.3353184186051896       0.74888504948846035        2.4381733826609882E-009
          16          23   2.9188419496693214       0.34260162668735489       0.38894835551741808     
          16          24   4.3254763227097115       0.23118841149349909        3.2687601985052099E-005
          16          25   3.1360713281188550       0.31887029833592506        2.9140885480021718E-007
          16          26   3.7175217085627859       0.26899641169455485        1.3812707976519883E-005
          16          27   5.7960030198470491       0.17253269133500021        1.7941876117967037E-006
          17          21  -1.6383098933107516      -0.61038513170372577        8.6969460515988791E-009
          17          22 -0.26864202405013238       -3.7224257952039026        3.3431615769555188E-002
          17          23   1.3193479841220235       0.75795014812976913        88475413.629523173     
          17          24   3.4752735909207915       0.28774712949579456       0.44936342295427406     
          17          25   2.1151946821012988       0.47276972113345594        4.0275599328252203E-006
          17          26   3.5716862400078457       0.27997980024074098        1.5584966096775163E-003
          17          27   5.8840062967731370       0.16995223144958438        2.9002164070278908E-006
          18          21   1.5728122501295863       0.63580379661819686        7.2582590991036955E-009
          18          22   1.4151240069262894       0.70665185178509082        5.4549078198505616E-002
          18          23   2.1006967770562373       0.47603252926456469       0.19380993210248942     
          18          24   4.5330484387545740       0.22060209889897925        1.6925814754428393E-003
          18          25   2.5194430407102555       0.39691312081343594        1.6604495895645635E-007
          18          26   2.3656314322601082       0.42272011876533394        1.9109770929246498E-004
          18          27   4.1078674426690345       0.24343531381096922        4.0695372531138267E-004
          19          21   2.6613832324308309       0.37574445792484712        5.4139340722643258E-007
          19          22   2.4642093392586983       0.40580967861311140        9.8996768120927228E-005
          19          23   2.4111966118590482       0.41473183691519605        2.4933246037895773E-004
          19          24   5.0997066640967557       0.19608970983375509        3.2368197581321716E-004
          19          25   1.7922170709207244       0.55796812575067434        4.0398725056692172E-008
          19          26   2.1132542092065636       0.47320383683298428        1.1382107863099646E-002
          19          27   2.8414806489331719       0.35192919591954569        1.5757564766300037E-003
          20          21   4.0609232507077007       0.24624942119399304        4.5120466372144681E-005
          20          22   3.3994091606021812       0.29416876661674263        6.2145921685281625E-007
          20          23   2.2863495691997668       0.43737843655727793        5.2489051895806563E-006
          20          24   4.8214061861133679       0.20740837037962156        6.1263023547692438E-004
          20          25  0.95597263686040268        1.0460550453454311        7.9218271802372558E-008
          20          26   1.4712684493925794       0.67968561441853459        21.456776382775011     
          20          27   2.0697123906937103       0.48315891835813368       0.12150858148564550     
          14          28   6.9977825492232739       0.14290241129470307        2.0229726774317366E-003
          14          29   7.0806708731917496       0.14122955549114946        9.0653525246380945E-010
          14          30   8.3656844937916812       0.11953594481624513        7.8707681495985156E-010
          14          31   9.3202776622711596       0.10729294085819334        1.0638789987435332E-010
          14          32   7.4331130493842323       0.13453313481931251        2.9091345257860212E-011
          14          33   4.8503937884651176       0.20616882744203846        4.3940111753796006E-010
          15          28   5.9339666800327038       0.16852133723044241        7.3720118441371669E-008
          15          29   6.5341387399225965       0.15304235796068297        6.5579601387924832E-009
          15          30   7.5409081964982292       0.13261002175631442        2.0637153440097629E-009
          15          31   9.1008370590288248       0.10988000263205600        3.6968018148033275E-010
          15          32   6.7804011520907697       0.14748389919254926        3.8719875020351669E-011
          15          33   4.8173859040014264       0.20758146013782663        1.3238700129039550E-009
          16          28   5.0497271782081921       0.19803050040315892        8.0015249301704343E-008
          16          29   5.5866263096044371       0.17899890642064537        4.5466867265348278E-008
          16          30   7.3018549804888231       0.13695150104625262        1.3524292201430180E-008
          16          31   8.6655584164299686       0.11539937208247214        5.4414115360965458E-010
          16          32   6.9722723717559987       0.14342526319696047        6.9719034091361599E-011
          16          33   5.1412084167008203       0.19450680053187047        9.4714807134224413E-010
          17          28   2.8360668516333281       0.35260099719584781        3.6654516459607387E-008
          17          29   3.9189793190299436       0.25516848102365791        4.6164958278150076E-005
          17          30   5.4786948468657855       0.18252522324218753        9.5243282164625334E-007
          17          31   7.0519140064121810       0.14180547282492634        1.7091676826013190E-008
          17          32   5.4946310618159355       0.18199584080346012        8.2646776712242800E-010
          17          33   4.5416481701816327       0.22018438296597673        1.6506217737820429E-008
          18          28   4.8443388107873844       0.20642651950214502        1.6231107827915056E-007
          18          29   5.3014727328525773       0.18862683076782089        7.4833471829038573E-008
          18          30   6.8001570821909816       0.14705542650167786        2.5360138940455011E-008
          18          31   8.5370697134537785       0.11713621108470924        1.2784468393570675E-009
          18          32   6.4469981334352688       0.15511094920499879        8.3407303031891238E-011
          18          33   4.8071114038861751       0.20802513525931143        2.4244848761243603E-009
          19          28   5.0250784774119488       0.19900186723352967        8.2091798367647332E-008
          19          29   5.4381347055918763       0.18388658136248978        4.8216516417856545E-008
          19          30   5.9748873509220335       0.16736717217700881        1.8685747667261148E-008
          19          31   8.2823263886675154       0.12073902344252856        6.0388376441311675E-009
          19          32   5.1676623349905491       0.19351109557390012        1.1997255823439604E-010
          19          33   4.0770814280355321       0.24527349223972500        3.4465173864236832E-008
          20          28   5.0012404765975695       0.19995039324330138        5.9253961240380385E-007
          20          29   5.3824502571636010       0.18578899055668593        5.1047815762582411E-008
          20          30   5.6592064479096038       0.17670321964829180        2.1142177474632134E-008
          20          31   8.2757780975420072       0.12083455938687028        1.1583600354004681E-008
          20          32   5.0324450994987213       0.19871056320109867        1.2111668250362499E-010
          20          33   4.5918566005273691       0.21777683560178060        4.7376335352865844E-008
          14          34   9.4762875451661390       0.10552655723391390        1.4224932334540810E-007
          14          35   9.7135239453613824       0.10294924948195987        2.3836980930026825E-011
          14          36   10.366754852784256        9.6462201933078848E-002   1.7716920304469038E-011
          14          37   8.7188053291179823       0.11469461265069474        8.1132726067324962E-012
          15          34   9.0121577380540536       0.11096121806406871        6.4777807012006503E-011
          15          35   9.7822193973944405       0.10222629031059728        4.3547637501878744E-011
          15          36   10.289699716928974        9.7184565877541110E-002   1.6280255810584099E-011
          15          37   9.1936377156772728       0.10877087295867330        8.8731454623250531E-012
          16          34   9.1452507393354807       0.10934637316162452        3.4281623551811162E-011
          16          35   9.7737707255493405       0.10231465706331007        3.6522677329754389E-011
          16          37   9.8692714300355391       0.10132460203259391        1.6449937345190274E-011
          17          34   7.0757209697608392       0.14132835427988905        1.4638240998457906E-011
          17          35   8.2690994603634529       0.12093215286541575        7.9370960212403285E-010
          17          36   9.3481437660822344       0.10697310878211874        1.2229576706537281E-010
          17          37   8.8697795489735913       0.11274237363833013        2.8067609073057150E-011
          17          38   10.863322946097888        9.2052864943981128E-002   5.2717657203843331E-011
          17          39   11.065644738923757        9.0369790788824830E-002   4.6276204030397844E-012
          18          34   9.2798454057266788       0.10776041585594634        3.7084235929919479E-012
          18          35   9.8895809512022357       0.10111651898439986        3.0649339325844782E-011
          18          37   10.126464136506348        9.8751152082290614E-002   1.4281549721211815E-011
          19          34   8.7375417492875886       0.11444866630611918        1.0750188151467139E-011
          19          35   9.4930186899807190       0.10534057001862188        6.3130444386117186E-011
          19          36   10.301908915928822        9.7069388611444526E-002   2.3337696194311926E-011
          19          37   9.3276777190910991       0.10720782065114502        8.7477737878132835E-012
          19          39   11.501758181609613        8.6943229392434943E-002   2.8815597205553253E-011
          19          40   11.737688426346114        8.5195650427679237E-002   2.3320573288649187E-012
          20          34   8.9869259602393381       0.11127275382308459        1.8277596593650219E-012
          20          35   9.7868697435157888       0.10217771628794201        4.5037683885661526E-011
          20          36   10.783381471329841        9.2735289265128515E-002   1.6187668967805316E-011
          20          37   10.017966222760963        9.9820659978667695E-002   5.0565043451492883E-012
          20          39   11.266912414206736        8.8755460523423840E-002   1.2233627604159274E-011
          20          40   11.245656811683357        8.8923218691955658E-002   2.9871084750684824E-012
          14          41   7.3216089845922525       0.13658200022760311        3.0555690543863703E-012
          14          42   7.8685997067893414       0.12708741545680105        5.2678286077595635E-010
          14          43   9.3767878431258698       0.10664632886336452        2.2189145854362604E-010
          14          44   8.0374195739784700       0.12441804123770617        2.7055834547125731E-011
          14          45   10.651288373382050        9.3885355925489328E-002   1.7199282524437874E-010
          14          46   10.705083446171439        9.3413564221924816E-002   5.8625194640165739E-012
          15          41   7.4038927125784522       0.13506408572089421        5.5186052448144784E-012
          15          42   8.2822868169388997       0.12073960031845360        4.6066859912704455E-010
          15          43   9.4178537031821890       0.10618130537131948        1.1997943698135989E-010
          15          44   8.5293007630283455       0.11724290510831370        2.5673597899911895E-011
          15          45   10.472690420236313        9.5486447118469805E-002   8.4323546908127271E-011
          15          46   10.643567568894575        9.3953460014897849E-002   7.1814282332798439E-012
          16          41   8.5717992745668656       0.11666162120327184        5.9137553564844508E-012
          16          42   9.0319309390435318       0.11071829565006600        7.9441255902880427E-011
          16          43   10.647104082377513        9.3922252686074861E-002   4.2417270119807672E-011
          16          44   9.5145847512973933       0.10510180172220775        5.8902268058491325E-012
          16          46   10.767293402220508        9.2873850711059192E-002   2.2710774523121178E-011
          17          41   7.3478915662778501       0.13609346177471698        5.1479158994397841E-012
          17          42   8.3653279938328478       0.11954103900495328        5.0461150497892081E-010
          17          43   9.8349475604354932       0.10167822389036915        1.0644231902874097E-010
          17          44   9.5048681412671989       0.10520924489823369        1.5263194186009516E-011
          17          45   10.555121229313070        9.4740740373768340E-002   2.2990946796315314E-011
          17          46   10.111592533178097        9.8896390130318840E-002   6.5365908943486373E-012
          18          41   8.7861067569452107       0.11381605387500254        1.0941460244143903E-011
          18          42   8.9837776860203515       0.11131174823661311        5.9068004858086427E-011
          18          43   10.353969241990175        9.6581318393774401E-002   4.5227445379162591E-011
          18          44   9.1131736051956551       0.10973125755333732        8.2343167093566205E-012
          18          45   10.811283637821539        9.2495954550823239E-002   3.8095553637487930E-011
          18          46   9.9431571149200391       0.10057167843596343        4.9021080170583012E-012
          18          47   10.964677776147731        9.1201950519273212E-002   1.3385000455847029E-011
          19          41   7.4888205924004385       0.13353237504645091        4.1396109994742853E-012
          19          42   7.8016337053750497       0.12817828134010384        4.0174353414425951E-010
          19          43   8.4358149500000366       0.11854219253588483        2.4585743272950101E-010
          19          44   7.3821590414118656       0.13546172527444575        9.6246618563600625E-011
          19          45   8.7755689714370213       0.11395272525973293        4.7720967945401579E-010
          19          46   8.8299382215178284       0.11325107547899745        5.9924801787595869E-011
          19          47   9.6907153420728349       0.10319155652611513        5.5643960331958656E-011
          20          41   8.2686164529313739       0.12093921706157769        1.8223843326412489E-011
          20          42   8.3524789958777355       0.11972493441690041        1.2238152082556070E-010
          20          43   8.7494440118578680       0.11429297663311280        1.0842397041172104E-010
          20          44   7.7962358696500527       0.12826702741163817        6.2107569775229048E-011
          20          45   8.6368458272410091       0.11578300921453917        2.4790790426217997E-010
          20          46   8.3049885764148996       0.12040955755675227        7.2551768968217838E-011
          20          47   8.7446000543427047       0.11435628774164285        1.1610249163077547E-010
          14          48   7.0312444900836102       0.14222233367227269        6.2521674063826165E-011
          14          49   7.9549391884693410       0.12570806341920210        8.5609827001743874E-010
          14          50   10.170173464005302        9.8326739808248242E-002   1.9465593270118612E-010
          14          51   10.358857823657146        9.6535739463113376E-002   1.0208682298591216E-011
          14          52   10.982803042154694        9.1051437065906987E-002   8.1878060087354244E-012
          14          53   10.276631611969190        9.7308148988750384E-002   4.0583702800423633E-012
          15          48   7.0701185178840795       0.14144034466614239        9.0094971035864405E-012
          15          49   8.2365848115070754       0.12140954326153859        8.0128992959770084E-010
          15          50   9.9688451562754459       0.10031252209494840        1.2821649977854606E-010
          15          51   10.525897387422861        9.5003776228606951E-002   1.2976925456716013E-011
          15          52   10.547219940593459        9.4811713952343460E-002   6.7577236790256890E-012
          15          53   9.9588358226286537       0.10041334326727037        6.5955950580090723E-012
          16          48   8.4496043310620923       0.11834873691349554        1.3134306270435095E-011
          16          49   9.0163389630110657       0.11090976105739080        9.4378601995454819E-011
          16          50   10.999662496203038        9.0911880282253110E-002   4.3305917965089895E-011
          16          53   9.7886722886040793       0.10215890066768245        3.9843519562999945E-012
          17          48   8.2689661341125227       0.12093410273802339        1.6151934435632723E-011
          17          49   9.2973898909818189       0.10755706835205106        1.2231943147307825E-010
          17          50   10.956077326625454        9.1273543457912665E-002   2.9962461464296153E-011
          17          52   10.973656534060076        9.1127328151395681E-002   4.1787746123853888E-012
          17          53   9.6776885431922253       0.10333045907986474        4.0991485455184004E-012
          18          48   7.9267589478449683       0.12615496529913628        1.8520398185208164E-011
          18          49   8.2133115492891609       0.12175356967757386        2.0312444637526862E-010
          18          50   9.9418650115398837       0.10058474932412215        1.3264486748160362E-010
          18          51   9.8651705362754196       0.10136672207772583        1.3405890506810889E-011
          18          52   9.9545574992544985       0.10045649945513806        1.4711428553000448E-011
          18          53   8.3659736272012974       0.11953181357739159        1.3202205818560195E-011
          19          48   5.6788789087551041       0.17609109404645062        1.0634378625231580E-010
          19          49   6.2058486372095487       0.16113831620128727        1.1111142402363614E-008
          19          50   7.4111663354191961       0.13493152828331942        3.8308563547312905E-009
          19          51   7.6305314203159753       0.13105247130462516        4.5527236073021875E-010
          19          52   7.4863994724467240       0.13357555974409918        3.2081346882580963E-010
          19          53   6.9219110249949098       0.14446877406961980        4.0330540845799069E-010
          20          48   6.1045225999657440       0.16381297368046627        1.0332320346402950E-009
          20          49   6.2519939193453862       0.15994897194409058        4.6675560533069266E-009
          20          50   7.0298741174928399       0.14225005786542358        3.5049953775569186E-009
          20          51   7.1216167945053162       0.14041755248212037        8.5810302665797238E-010
          20          52   6.6589886943376779       0.15017295356730784        7.3445771922214132E-010
          20          53   5.7236603290370391       0.17471337265190964        1.6444121707598554E-009
          14          54   10.595977939144742        9.4375432427591041E-002   1.0111690811153682E-008
          15          54   10.277481395540320        9.7300103158924456E-002   6.2404724167364436E-012
          18          54   9.7183469849687061       0.10289815763387461        9.0005618694688775E-012
          18          55   10.775003756344701        9.2807392239762782E-002   1.7611696785996054E-011
          19          54   7.0709187389594899       0.14142433775828592        5.1038846453768396E-012
          19          55   8.5472575763175627       0.11699659113711097        8.0020241582510707E-010
          19          56   10.396404640532452        9.6187098768866788E-002   8.2222089771033608E-011
          19          57   11.379449604719941        8.7877712432174432E-002   7.8399252149717293E-012
          20          54   6.3793207928408524       0.15675650002148236        2.6512759417161396E-012
          20          55   7.5816701383316811       0.13189705985019895        2.7517990192500736E-009
          20          56   9.2119624963794990       0.10855450186570144        3.4652246034869748E-010
          20          57   9.8460856578239309       0.10156320336349872        3.3472186186366691E-011
          20          58   9.9981357038463674       0.10001864643778455        1.5057285908249354E-011
          14          65   10.937192221822997        9.1431144275282872E-002   1.2527998358908489E-011
          15          65   10.453557032254482        9.5661218178127977E-002   4.2661868607047174E-012
          16          65   10.001901114322633        9.9980992470322355E-002   7.3407578306865011E-012
          17          65   10.488751837790650        9.5340228796054721E-002   1.2471518492717147E-011
          18          64   10.383095285786020        9.6310394200942576E-002   7.0505710054579252E-012
          18          65   8.1109666059967900       0.12328986772805310        7.9613723894988805E-012
          19          60   10.922277709369450        9.1555994693503423E-002   1.5418376724196185E-010
          19          61   10.515318615489498        9.5099353292724648E-002   4.3366206819871459E-012
          19          62   10.058614332105577        9.9417272298446824E-002   6.8397586323803659E-012
          19          63   10.200517246002933        9.8034244331271475E-002   1.1653386007353798E-011
          19          64   8.2622739597508730       0.12103205544520003        9.8501689515006196E-012
          19          65   6.5836687680765591       0.15189099501008971        1.2351363946771675E-010
          20          60   9.3129018093929634       0.10737791726649616        1.8849261441834492E-009
          20          61   8.7274696965199805       0.11458074731542674        2.9369038263364786E-011
          20          62   8.0014492707713600       0.12497735924577041        6.4010293511521914E-011
          20          63   8.0237481373444428       0.12463003360558650        1.8150397436792831E-010
          20          64   6.1787294327719717       0.16184557211649397        1.7554261294291339E-010
          20          65   4.8003315169863265       0.20831894556895214        4.0375682728791846E-009
          14          71   8.8899924048503873       0.11248603535976016        8.3493994109874094E-008
          15          70   10.008943322035391        9.9910646691187655E-002   5.1297161440495735E-011
          15          71   8.1254310840838873       0.12307039339227210        1.2366626760013546E-011
          16          70   8.9982194549869021       0.11113309749806004        1.5092218313529354E-010
          16          71   7.1273145572451853       0.14030529899700611        4.4364035373567824E-011
          17          70   9.2275591474769065       0.10837102033352235        7.2744287798752254E-010
          17          71   7.9651064803529010       0.12554759970461740        3.2799555729203668E-011
          18          67   9.8540237115431566       0.10148138763138802        1.9169508651134198E-010
          18          68   8.9134338190893292       0.11219020865543021        1.4912373661136399E-011
          18          69   8.8287033249662450       0.11326691623810152        4.9701498382571465E-011
          18          70   6.7331165091971314       0.14851963405564800        5.5737429217279107E-011
          18          71   4.9400920629052063       0.20242537735458974        1.4398473742415196E-009
          19          66   9.2795799229630909       0.10776349881155903        5.9168356142036009E-008
          19          67   8.5274462376983706       0.11726840276977324        3.0659863274356777E-011
          19          68   7.5222064269507136       0.13293971784889866        8.4543871730057671E-011
          19          69   8.1676928189490212       0.12243359565139414        3.8086147527275497E-010
          19          70   5.3374801575984279       0.18735432647490063        1.4181339770842479E-010
          19          71   3.8387148744456541       0.26050384899826906        2.3381627145360754E-008
          20          66   7.1167470578248935       0.14051363521491125        1.2208990243889809E-006
          20          67   6.2654005254312128       0.15960671563470008        7.4051122683409510E-010
          20          68   5.0948884993791133       0.19627514912678945        3.4160478313310031E-009
          20          69   5.8479542596002467       0.17099996949503463        4.0859571238134402E-008
          20          70   2.8751978143103951       0.34780215643696366        7.8138021064589400E-009
          20          71   1.5794745349851498       0.63312195154156248        3.9164921244538330E-005
          14          76   8.7953225047280448       0.11369679729906851        5.1851159454354021E-002
          14          77   7.2144920342250032       0.13860989730892706        5.8329571863649582E-011
          15          73   11.331389386122110        8.8250431251151756E-002   6.2869631419509219E-010
          15          74   9.6550578541432781       0.10357265747204919        2.7894080432731035E-012
          15          75   10.397418511997135        9.6177719387378985E-002   1.9048090573125707E-011
          15          76   7.3580379027365463       0.13590579624876456        7.8307563065455278E-012
          15          77   6.3763587420098364       0.15682931912403641        4.9632455895804592E-010
          16          73   9.6408919429779232       0.10372484267167456        2.7671780024647519E-009
          16          74   8.0670074583551976       0.12396170515056057        1.9386679483397202E-011
          16          75   8.3406877036897740       0.11989419044638459        1.6457372961995807E-010
          16          76   5.8582684585073057       0.17069890311151792        1.1027769701544300E-010
          16          77   5.0849365192078295       0.19665928890608603        7.6503054941363818E-009
          17          73   10.894857743351604        9.1786421039800406E-002   4.1829587972703608E-008
          17          74   8.8279532662073557       0.11327653985527017        4.4694207996090330E-012
          17          75   9.8183422597577241       0.10185018749027352        5.5794283920685806E-011
          17          76   6.6915524130034534       0.14944215307299036        1.5575858984871842E-011
          17          77   6.6323263027737767       0.15077665879945912        1.5509128875777623E-009
          18          72   8.7632043390364949       0.11411350931820780        1.7255176054963161E-009
          18          73   7.3700970092607392       0.13568342434888864        6.0947339104693900E-011
          18          74   5.8675000886749427       0.17043033402421814        4.8666662197303894E-010
          18          75   6.3196828439637631       0.15823578883474329        7.5071095759182073E-009
          18          76   3.6175372660722838       0.27643115369637727        3.0801127192208279E-009
          18          77   2.8451174180737091       0.35147934269688297        2.4885928476597021E-006
          19          72   7.8174762971052481       0.12791852024806169        4.4433209020969017E-005
          19          73   7.0273875167523823       0.14230039223198229        2.3994468568218199E-010
          19          74   5.6361376227129689       0.17742646949750093        8.6175374400430913E-010
          19          75   6.8860748052369143       0.14522061236388140        1.2165527462228531E-008
          19          76   3.3100594589034893       0.30210937670928312        1.0996365789056589E-009
          19          77   2.4687789937696092       0.40505853400554404        7.2257090714603257E-006
          20          72   5.6584171823989067       0.17672786713404653        2.4385038850105914E-004
          20          73   4.9499193348743606       0.20202349419202850        1.1603004126650399E-008
          20          74   3.6930331028521151       0.27078013441788645        5.7774015495819715E-008
          20          75   5.3724901971469698       0.18613342478149969        1.9422789656894470E-006
          20          76   1.4597972596735174       0.68502663186506407        2.1617348907847676E-008
          20          77  0.80804474473066357        1.2375552301046382       0.13347486316386364     
          14          79   10.275579532894628        9.7318112014875349E-002   161.31884052178907     
          14          80   8.6434297957476716       0.11569481370600966        9.0205727333677188E-012
          14          81   8.6619098480442496       0.11544798058892144        7.1891361141588002E-011
          14          82   7.1962609383668781       0.13896105332541489        7.0072256152287654E-011
          14          83   6.6519140071538967       0.15033267100635028        6.4807785519725451E-010
          15          78   10.301236764699757        9.7075722346931834E-002   1.6655224778114316E-009
          15          79   9.3947333947257263       0.10644261608971337        8.7546257077587524E-012
          15          80   7.3818523097077673       0.13546735399798157        2.6442133370775530E-011
          15          81   7.9966042443467060       0.12505308121343656        4.7744768279868851E-010
          15          82   6.0743255853679852       0.16462732956047491        1.8282802829333714E-010
          15          83   6.0868892199364719       0.16428753076771732        4.9537400727684234E-009
          16          78   8.7373587921515359       0.11445106281983808        4.8324263069793249E-009
          16          79   7.4521720210622053       0.13418906557359148        6.3146309357507026E-011
          16          80   5.7276910929572598       0.17459042112616635        4.2610394720184623E-010
          16          81   6.1244829003757033       0.16327909086637429        1.0026629407820040E-008
          16          82   4.8287915367846352       0.20709115156084654        4.4882485154001087E-009
          16          83   5.0401743921564588       0.19840583324977890        7.7776524034723774E-008
          17          78   10.056712880328742        9.9436069409521724E-002   4.6511811171065539E-008
          17          79   9.3219298094363605       0.10727392508230695        1.1679853592313637E-011
          17          80   7.3207233867805463       0.13659852273694126        2.9029534416549394E-011
          17          81   8.3956082796996991       0.11910989253964679        5.2754807739732721E-010
          17          82   6.7280336502082250       0.14863183687689360        1.0192577138396448E-010
          17          83   7.3796171189418711       0.13550838531083376        1.4529549672317953E-009
          18          78   6.8288160941074256       0.14643826780792915        4.7918592948742651E-010
          18          79   5.6628825409398420       0.17658851172887557        1.2155281181291569E-009
          18          80   4.2538684869581012       0.23508014012795445        1.1493687092238268E-008
          18          81   5.1146447544597144       0.19551700030154587        3.5604205910792794E-007
          18          82   3.3498263244786957       0.29852293914241101        3.9005362550674165E-008
          18          83   3.3490214165997223       0.29859468650854581        6.2609829254185872E-006
          19          78   7.0611079498169786       0.14162083445076346        6.2790640810119713E-006
          19          79   6.4790290950142779       0.15434411318966246        8.1364657535387730E-010
          19          80   5.2143728416579904       0.19177761743673752        2.2844983592007643E-009
          19          81   6.7253381910329875       0.14869140727128305        3.0937487374240670E-008
          19          82   3.9281206712627910       0.25457466399028050        1.4599583778905253E-009
          19          83   3.6905286572429459       0.27096388969570068        9.2617310121309598E-007
          20          78   5.7976567840794697       0.17248347690156968        1.9581548332692706E-006
          20          79   5.5221225916788939       0.18108978629103006        8.6672233773495209E-009
          20          80   4.7970394890950931       0.20846190703104647        1.5546673843269165E-008
          20          81   6.8228802886293600       0.14656566694663328        8.4184180785805395E-008
          20          82   3.8086751045499687       0.26255849410871696        1.2282789136696877E-009
          20          83   3.4749575342758048       0.28777330086377706        1.3415994980419089E-006
          14          84   9.5888315170952048       0.10428799361185723        4.0319579401124555E-006
          14          85   9.2849795257651770       0.10770082984298124        2.0688154896302990E-011
          14          86   8.2538945237830408       0.12115492839393179        3.0446586426647471E-011
          14          87   10.125725220320549        9.8758358363623774E-002   1.2502677706165636E-010
          14          88   7.6136198491254223       0.13134356847549594        1.0759605760745639E-011
          14          89   6.0710853255823292       0.16471519446221611        3.2946990493735523E-010
          15          84   8.5097719003985048       0.11751196291796856        4.9855602948250551E-009
          15          85   8.4881557733179456       0.11781122150743810        8.6675225919937371E-011
          15          86   6.9380469920365595       0.14413277989436982        8.9361390950743537E-011
          15          87   9.1524923838440344       0.10925985601093735        1.0047619233859476E-009
          15          88   6.3517133364482241       0.15743783559337771        3.6177412274619275E-011
          15          89   5.4689070452232418       0.18285189192846846        2.8988072577706958E-009
          16          84   6.8793625272807226       0.14536230588726953        1.7462383107186792E-008
          16          85   6.2237121438350371       0.16067581162000888        1.1125810434473519E-009
          16          86   4.7933704573388702       0.20862147186411475        3.7009740589601448E-009
          16          87   6.4361614590806333       0.15537211214444019        8.4960698503850116E-008
          16          88   4.1217570143411706       0.24261498106768961        2.4739268179015485E-009
          16          89   3.1191670765434161       0.32059840831231629        5.1990187628443167E-007
          17          84   8.6163859722188256       0.11605793928269066        1.4738264807652904E-005
          17          85   8.1262067182870332       0.12305864650841609        7.4646297771199675E-011
          17          86   5.9272488636076819       0.16871233569081820        1.5074941031071980E-010
          17          87   7.5046042703015772       0.13325152985845773        6.6477100413680903E-009
          17          88   4.9714098669049793       0.20115018209564040        3.9172064349020497E-010
          17          89   4.3456627355910182       0.23011449825822669        5.4847289970522196E-008
          18          84   6.0369870977300746       0.16564554202476314        2.7557371924611746E-007
          18          85   5.3642589135499659       0.18641904056383787        5.3341723130548079E-009
          18          86   4.0696390873446120       0.24572203542808199        2.2018779112084365E-008
          18          87   5.7694704564781816       0.17332613236231445        6.0567446236973601E-007
          18          88   3.9531914348895185       0.25296017571381474        9.1892182663367059E-009
          18          89   3.8487950854586419       0.25982157475157835        8.5809597359568872E-007
          19          84   7.5063583345263645       0.13322039202423686        1.1830757182982504E-006
          19          85   7.4250318910969302       0.13467955621834587        3.9062362028588240E-010
          19          86   6.0685657492526879       0.16478358170926050        4.4517434987945705E-010
          19          87   8.2389335113845625       0.12137493264367281        5.0104562409619216E-009
          19          88   6.3266811170697217       0.15806075594705524        1.2777857363624633E-010
          19          89   7.2445380756726943       0.13803502577452390        3.0394756547757275E-009
          20          84   7.6123605986560055       0.13136529556633908        5.9811076790614648E-010
          20          85   7.4450071230641797       0.13431820594261901        3.3012451840090743E-010
          20          86   6.1491648500681304       0.16262370978538987        4.3105094523217181E-010
          20          87   8.0854881844849977       0.12367837008516940        4.2767747863207200E-009
          20          88   6.7651635804728247       0.14781608576124169        1.6011611770596069E-010
          20          89   8.3255104443149719       0.12011275545066961        1.3600985772200461E-009
          14          91   10.369139744605450        9.6440015722639910E-002   1.1271444407965756E-010
          14          92   8.9624231530991150       0.11157696784872405        8.0909083759656297E-012
          14          93   9.5754891624574618       0.10443330706494780        4.6537674125885583E-011
          14          94   6.8542559394921216       0.14589475631312607        2.1036737320791566E-011
          14          95   4.6075693115272696       0.21703417407052100        1.1624819235239846E-009
          14          96   4.0090268991783198       0.24943708913625837        1.3653609849675942E-007
          15          90   9.7311791918975405       0.10276246899580564        7.2517424305512058E-007
          15          91   9.2849083039034461       0.10770165598507768        1.7335021123842150E-011
          15          92   7.4005307332597461       0.13512544384225877        3.0449389109002706E-011
          15          93   8.3615409124410078       0.11959518113606493        4.6318620323249482E-010
          15          94   5.2980584532471084       0.18874838940048189        1.0702227633661185E-010
          15          95   3.5379293859400174       0.28265120382958209        2.5556952543812817E-008
          15          96   2.9917338022694682       0.33425433748197131        3.2502748461755010E-006
          16          90   7.4085665181914955       0.13497887851104964        2.4312780689441885E-005
          16          91   6.5858759675333438       0.15184009005479909        4.5719323770629367E-010
          16          92   5.1238214033375300       0.19516683375197755        1.8773595011013861E-009
          16          93   5.7444296395427887       0.17408168656402798        3.8175278227597546E-008
          16          94   3.1429323810323169       0.31817420127618001        9.6815978830014280E-009
          16          95   1.0568739655824952       0.94618661502258772        1.3455181601526178E-005
          16          96  0.25810376001594104        3.8744108181075623        6.4362308772845518     
          17          90   8.0288109969356487       0.12455144359254058        143013829.87615171     
          17          91   7.6093720609140281       0.13141688854150749        1.7421887268607848E-010
          17          92   5.5558657901835353       0.17998994895932602        3.3168373799490313E-010
          17          93   6.0858070907901123       0.16431674305177019        1.4450705776998650E-008
          17          94   3.8409158266110728       0.26035457300878229        4.8427475538942395E-009
          17          95   2.7782140317008825       0.35994347036962393        1.2125301216835875E-006
          17          96   1.7056016666163214       0.58630336705982600        5.9118255174407773E-005
          18          90   6.4613324677117507       0.15476683872825772        2.0624274125759897E-002
          18          91   5.3858530246323379       0.18567160957168236        2.3607225814038235E-009
          18          92   3.6337507163909937       0.27519774416259085        2.0982442444573727E-008
          18          93   4.0772793686983491       0.24526158488846569        2.3585682513749318E-006
          18          94   1.4713011249610464       0.67967051953859925        5.9219451060098397E-007
          18          95 -0.23313904444217215       -4.2892858310914121       0.12147620298496113     
          18          96   1.4540891604156059E-002   68.771573794978380        484763450.02793145     
          19          90   8.2984699888955440       0.12050414128606031        1.3989995319943828E+023
          19          91   7.4269912204519493       0.13464402613621881        1.1720163771973448E-010
          19          92   5.0386237896288364       0.19846689130836334        4.4376708495116615E-010
          19          93   5.4792651561987320       0.18250622510368800        4.6683866554413749E-008
          19          94   2.8230566273279871       0.35422597985450133        1.7070341195816527E-008
          19          95   2.4705634864537345       0.40476595945947846        4.8783722512875318E-005
          19          96   3.3288872627927368       0.30040068078516424        2.4174516177721906E-004
          20          90   7.8220129329999661       0.12784432965856415        6.7502671932230605E-006
          20          91   6.7699933193159989       0.14771063320650873        2.3828003586865134E-010
          20          92   4.1581639275524758       0.24049075924445504        1.3485005613236828E-009
          20          93   4.1423524637010978       0.24140871853925311        4.6783287243679273E-007
          20          94   2.1624485163268057       0.46243875516566169        4.8971727187601176E-007
          20          95   2.8132932497983534       0.35545530138803566        1.1955305939961010E-003
          20          96   4.1728153028565638       0.23964636041174286        5.0854567254268803E-005
          14          97   9.9981579145257538       0.10001842424864654        4.4849753893784117E-007
          14         102   10.377676541387027        9.6360683049998508E-002   1.2527664395043295E-011
          14         103   10.191804471703827        9.8118051889276858E-002   8.0114006412740385E-012
          15          97   8.3785667183240555       0.11935215575869133        9.9516940238962469E-012
          15          98   10.021816105057358        9.9782313855805549E-002   1.0444153005846747E-010
          15         102   9.2380509327074609       0.10824794183148359        1.2177352003141839E-011
          15         103   9.1268632480392728       0.10956666850627245        3.2355326370257450E-011
          16          97   6.1881435993020837       0.16159935269000267        3.7415494795004801E-011
          16          98   7.5287337552742528       0.13282446059398106        3.9644725463778316E-009
          16          99   9.7966838406915748       0.10207535695358393        3.7691788349611556E-010
          16         101   9.5710537173795025       0.10448170384668931        1.5994140277901802E-011
          16         102   7.1617589165324151       0.13963050301673385        2.1154022820453991E-011
          16         103   7.3263387111569624       0.13649382582832861        6.8655232742591931E-010
          17          97   5.7413353294094129       0.17417550841832918        5.2271636371087652E-010
          17          98   7.5170426822964025       0.13303103923503429        9.7443989426120844E-009
          17          99   9.5283803539078544       0.10494963077223005        3.8401290425599247E-010
          17         101   9.4228647091446174       0.10612483898124198        2.2319321761315406E-011
          17         102   7.4053361764632566       0.13503775874191223        2.5510240019456898E-011
          17         103   7.3063125945918479       0.13686794632085722        4.5959221952776499E-010
          18          97   4.5983233830788208       0.21747056844237150        5.4017069886663427E-010
          18          98   5.7823187946416894       0.17294100092279097        1.3986720263800825E-007
          18          99   7.9255075363692598       0.12617488475168470        8.9471688077545799E-009
          18         100   9.8281416321933879       0.10174863544135004        2.0350965294063503E-010
          18         101   7.5007989287701236       0.13331913166801368        1.5390514413865525E-011
          18         102   5.0614359396726343       0.19757239090230952        3.9411206420659637E-010
          18         103   5.2811858973771635       0.18935141073080533        4.4220645564032396E-008
          19          97   5.4929432413980201       0.18205176278964935        2.6554159177941848E-008
          19          98   6.7534411356594077       0.14807266102014521        1.6567183221668358E-008
          19          99   8.2709314856666207       0.12090536618916291        1.3887004849980964E-009
          19         100   10.457101903731237        9.5628789812518350E-002   1.2197109815689881E-010
          19         101   7.3452994066637309       0.13614148922136377        7.3109519653705542E-012
          19         102   5.5657614015722201       0.17966993693217234        5.0675258919316750E-010
          19         103   5.3340591688820362       0.18747448581632245        1.4145392328391565E-008
          20          97   4.0705941629708047       0.24566438214272363        2.3562212405454235E-008
          20          98   5.0229990348798275       0.19908425087402479        6.0397136254431326E-007
          20          99   6.3058319668165765       0.15858335668668919        4.8456593107183722E-008
          20         100   8.4176310853985878       0.11879826875932142        3.1622870338625497E-009
          20         101   5.1221591279596979       0.19523017052348557        9.8771432827634461E-011
          20         102   3.3453978032550191       0.29891811342346664        3.8324210453092634E-008
          20         103   3.0304020361064872       0.32998921862025188        6.3611671030339634E-006
          15         109   10.159258032251143        9.8432385202289682E-002   2.0840446700828681E-005
          16         109   8.1850998186205928       0.12217321989465080        1.0341085314544646E-011
          17         108   10.032540931705848        9.9675646160555312E-002   1.3823634808808043E-010
          17         109   7.4307154713430812       0.13457654297981791        1.2022055528327603E-011
          18         104   10.392436694319693        9.6223824057218535E-002   4.4110545415640426E-010
          18         105   10.353681757653680        9.6584000108055956E-002   7.8759211748436416E-012
          18         108   9.5737341214567788       0.10445245160493719        8.2370607751034405E-012
          18         109   6.5991027482739124       0.15153575238111938        2.1083061044136661E-011
          19         104   10.731659938860398        9.3182229561607849E-002   1.8326997822735458E-009
          19         105   10.883565041570545        9.1881657910843489E-002   5.3568216063797592E-012
          19         108   9.2576005050184094       0.10801935117614059        4.5253887090793243E-012
          19         109   7.1887696171184396       0.13910586279169729        3.1544873132471137E-011
          20         104   8.7950653040966706       0.11370012221901389        6.5622870599250686E-010
          20         105   8.8958250540113770       0.11241228260767920        5.8350044456526806E-011
          20         106   8.9393207977056672       0.11186532205630838        5.0895010883808074E-011
          20         107   10.714615429073126        9.3330461239569243E-002   4.8001602970893437E-011
          20         108   7.2846355723832943       0.13727522675136825        5.4599788252220072E-012
          20         109   5.3835276992772831       0.18575180733893984        5.5977828856595661E-010
          18         115   10.731746720757780        9.3181476046742651E-002   2.1091457391112034E-008
          18         116   10.261373663873760        9.7452839430319613E-002   5.3563018164741508E-012
          19         115   10.449353491863686        9.5699700539238416E-002   9.1715762767611049E-012
          19         116   9.6729242280769014       0.10338135360322290        7.3762726050787887E-012
          20         114   9.6563685263593548       0.10355859941242529        1.8630159952238837E-011
          20         115   8.1374706141405007       0.12288830859337271        1.9017088640368894E-011
          20         116   7.2977955941480266       0.13702768008491253        1.4826437590756105E-010
          18         123   10.787237781296668        9.2702137495646833E-002   5.4778441730893247E-010
          19         122   11.094318352252014        9.0136227233556174E-002   5.0348552580047301E-012
          19         123   9.6493848157100075       0.10363354960949595        3.5950300675395518E-012
          20         121   9.9052673873513992       0.10095638622304705        1.9182910343956864E-011
          20         122   8.9843274808406335       0.11130493652780712        1.4012498208241956E-011
          20         123   7.7130034649040917       0.12965117992624092        4.5194244299396338E-011
          20         129   10.428523779261074        9.5890849094928787E-002   2.8198609636893852E-010
          21          28   2.2806812419447926       0.43846548198347768        7.5550263584123710E-012
          21          29   2.1250124081506963       0.47058548748440276        6.3115339944919049E-004
          21          30   4.1114110363117469       0.24322549878084609        1.4742541861728050E-003
          21          31   5.1213455695966257       0.19526118407955106        5.3582040099403468E-007
          21          32   4.2086882021428966       0.23760372637983487        3.8397330856277712E-008
          21          33   3.0698768296811174       0.32574596815464896        4.0471470341269154E-007
          22          28   1.2518932683927551       0.79879014069933563        1.7842618980947904E-005
          22          29   2.1766116818389709       0.45942967610792301       0.84353355461415680     
          22          30   2.9402355147357939       0.34010880930735876        1.1054485762572008E-003
          22          31   4.6846881051733025       0.21346138260425485        2.9945018392641192E-005
          22          32   3.1094096801351947       0.32160445321457953        1.1187726211210263E-007
          22          33   2.6740594425158206       0.37396326502718857        1.5302932331942491E-005
          23          29   1.1973653998744025       0.83516694244287903        9.3509842987087242E-005
          23          30   2.9672460945341390       0.33701282877819444        1.4394267265530003     
          23          31   4.0513750999441083       0.24682977392386987        2.6832875167662156E-005
          23          32   2.7847117845933589       0.35910359037246875        6.3926445679448195E-007
          23          33   2.7627868463098793       0.36195336652034943        5.7483999970649272E-005
          24          28  -1.6419881841230148      -0.60901778080339819        6.3203547797485946E-005
          24          29 -0.31474932205905848       -3.1771315453774465        3.2543906393855515E-002
          24          30   1.3126691749457358       0.76180656869720342        13223072.307849146     
          24          31   3.3258000291460212       0.30067953311575801       0.47758048218711341     
          24          32   1.8848637197474671       0.53054233551377361        6.8258449598503475E-006
          24          33   3.2895501159423994       0.30399293664918592        6.2165660384606468E-003
          25          28   1.7299815260701523       0.57804085473190714        7.7852385855444966E-006
          25          29   1.7041810624966054       0.58679210912895119        1.7394519141361260E-002
          25          30   2.5964096674796915       0.38514723332188555        2.0831531204309459E-002
          25          31   4.8404520269265543       0.20659227577035819        1.3317766704565396E-004
          25          32   2.6890117864843468       0.37188382922910673        7.5557741869734695E-008
          25          33   1.9110807087233983       0.52326413815772332        8.7457597532735178E-005
          26          28   3.3952016293095175       0.29453331765847734        5.2669800129468182E-003
          26          29   3.1748241203256602       0.31497807818639861        5.3274964060640443E-006
          26          30   2.8356351163208817       0.35265468192447069        1.1919936978985255E-005
          26          31   5.4268624231865719       0.18426853714357017        4.6249374250500331E-005
          26          32   1.9063509607897977       0.52456238151746304        1.9156857573566886E-008
          26          33   1.8483784341292910       0.54101475192284765        5.4259491746426010E-003
          27          28   5.1389387510192552       0.19459270648081967        7.8599412491963706E-003
          27          29   4.8209296757963109       0.20742887103716612        3.6849255228678752E-008
          27          30   3.9114916746605592       0.25565694194831190        7.9312284005680111E-008
          27          31   6.6408469821672149       0.15058320161348662        9.7454318858854656E-007
          27          32   2.9515022282566745       0.33881051839512144        1.6991367472385024E-009
          27          33   3.4597947281334784       0.28903448862686981        2.8601751419768018E-005
          21          34   5.4869536733347655       0.18225049080690295        4.2491887404037172E-006
          21          35   6.3034480151063992       0.15864333260200933        1.6785508092369520E-008
          21          36   7.8242263594706269       0.12780816326838201        3.1766685734916778E-009
          21          37   7.0698695114260488       0.14144532630819265        2.3747239742842932E-010
          21          38   9.3792538655935509       0.10661828908036669        8.0162866007509526E-010
          21          39   9.2087579237353747       0.10859227794690113        2.6970594635314921E-011
          21          40   10.408671429989859        9.6073740700351254E-002   3.3612230596255259E-011
          22          34   4.9000482021166611       0.20407962508777619        7.7297673046708467E-012
          22          35   6.1310476825468303       0.16310426076878937        6.5238773283165447E-008
          22          36   7.4080852468764462       0.13498764750603284        4.4309177462900324E-009
          22          37   7.1304640626582412       0.14024332655106314        4.5754978753700969E-010
          22          38   8.7448390338991739       0.11435316260522603        7.2359651796942408E-010
          22          39   8.7020745274088664       0.11491512705968061        6.2501173986476188E-011
          22          40   9.7552509638106795       0.10250889533336736        6.6288231409153572E-011
          23          34   5.0434527698219327       0.19827686421167906        1.6828625834196958E-011
          23          35   5.9769187127088497       0.16731028947636156        4.6150298565890955E-008
          23          36   7.9266163265194383       0.12615723516910754        6.0142547576881618E-009
          23          37   7.5085210605012147       0.13318201972696433        2.0316830783184722E-010
          23          38   8.9146758379759561       0.11217457798522108        3.8927559218219114E-010
          23          39   7.9642836218940456       0.12556057110409419        4.9618467317324622E-011
          23          40   8.7998804698491639       0.11363790717683926        1.9193288957825266E-010
          24          34   3.2296443204351331       0.30963161908345038        5.7968055941545476E-011
          24          35   4.7764209540829548       0.20936178147053502        9.7062988269430860E-006
          24          36   6.5823669375050482       0.15192103531971063        8.8650027364861012E-008
          24          37   7.0504045932537238       0.14183583179848483        1.8894045188719361E-009
          24          38   7.5232871612227026       0.13292062080978412        8.2859351962398943E-010
          24          39   6.7757778744151071       0.14758453103605040        3.8020545618585113E-010
          24          40   7.8653477153510707       0.12713996077354159        1.3347504882714803E-009
          25          34   5.3044334056405589       0.18852154858549702        2.2299487925046424E-010
          25          35   5.9706450142405529       0.16748609197413436        2.5190802077468747E-008
          25          36   7.7745074631595514       0.12862551161454555        6.0905288156886310E-009
          25          37   7.1776586099236379       0.13932119850579502        2.5635122401781900E-010
          25          38   8.4030359589900403       0.11900460796316643        6.6852312509317233E-010
          25          39   7.2744685933343245       0.13746708603791499        1.0084987141104593E-010
          25          40   7.6848431016580623       0.13012627411797678        5.6923911473206387E-010
          26          34   5.4273788205671387       0.18425100459368784        2.9463880991376244E-010
          26          35   6.0664444832822522       0.16484120191914287        1.9134996466323253E-008
          26          36   7.0300124317789354       0.14224725911998867        5.0315209187724127E-009
          26          37   6.3996379227038958       0.15625884027787190        8.5790045222536063E-010
          26          38   7.4549631236341334       0.13413882582862752        2.6487756410883687E-009
          26          39   7.3576970167396736       0.13591209283623340        4.2419350893617644E-010
          26          40   7.4078933605730777       0.13499114408453627        4.9660056903727527E-010
          27          34   7.5646457464936177       0.13219389691361585        4.5769203048084489E-010
          27          35   7.3181203464851272       0.13664711054940457        3.5599744078252261E-010
          27          36   8.1987277704936314       0.12197014317256587        5.2980426099642613E-010
          27          37   7.6324060899627604       0.13102028222988318        1.3550409384151832E-010
          27          38   8.1653345247721187       0.12246895665648290        3.1986916769576947E-010
          27          39   7.7377982450899010       0.12923572938006755        1.4230567805447687E-010
          27          40   7.2471279666775521       0.13798569648528647        2.7133210983956436E-010
          21          41   6.0403010911027959       0.16555466108684111        5.9555085619894087E-010
          21          42   6.7362427785515351       0.14845070655470433        5.2991591581134493E-009
          21          43   8.7278529611242757       0.11457571575211153        1.4318490663795204E-009
          21          44   8.2339205490308789       0.12144882793624948        6.3976571189759446E-011
          21          45   9.4545201698165364       0.10576951363354116        1.2871523327083719E-010
          21          46   8.5828998080237966       0.11651073907039454        2.4503950178252021E-011
          21          47   10.212915991401264        9.7915228211212860E-002   7.8217061998808497E-011
          22          41   5.6985338067153233       0.17548373562714850        9.7076229240259527E-012
          22          42   6.6065589206157060       0.15136472890289515        1.0659883638181850E-008
          22          43   8.0762544275946766       0.12381977424872022        1.8080326207827076E-009
          22          44   8.0114913770798637       0.12482070477675450        1.6232675514405678E-010
          22          45   8.5546367928347493       0.11689567005785527        1.7879261566394288E-010
          22          46   7.8564853710745570       0.12728337835156267        8.1375020254415788E-011
          22          47   9.3387384752297180       0.10708084423312877        2.2603221393910102E-010
          23          41   6.5713888396936753       0.15217483311284544        2.8408705944104593E-011
          23          42   6.8154561161330580       0.14672532299531235        1.9276315359625047E-009
          23          43   8.4551326367887381       0.11827135575010923        1.2444312362183614E-009
          23          44   8.0822051795191765       0.12372860844142683        9.3640756833106479E-011
          23          45   8.4767596354181656       0.11796960666688400        1.6089833687853494E-010
          23          46   6.9266208840256418       0.14437054037506611        9.0813745878764673E-011
          23          47   8.0480070213894628       0.12425436475667404        1.0248327544964588E-009
          24          41   6.0239735135324448       0.16600338593016192        1.6929723053623722E-010
          24          42   6.7520164219344245       0.14810390519066660        5.4741080943312837E-009
          24          43   8.1166903897062603       0.12320292532880382        1.3922208526829190E-009
          24          44   8.6440078814087666       0.11568707637932231        1.5288407536931645E-010
          24          45   7.9930102976692208       0.12510930960411776        7.1833687781050457E-011
          24          46   6.6101745048488443       0.15128193654591984        1.8381694467208105E-010
          24          47   7.8429382263984007       0.12750323553921647        1.7962009255417263E-009
          25          41   6.1434379280399778       0.16277530785096470        2.3076209893753320E-010
          25          42   6.0431492072954889       0.16547663572376586        4.3248626304125541E-009
          25          43   7.3085172325995078       0.13682665965943383        5.2692670078673833E-009
          25          44   6.7641272289024901       0.14783873309288040        5.3821860869206774E-010
          25          45   7.0634792899882992       0.14157328972669170        1.3626013013127361E-009
          25          46   5.4294871149943944       0.18417945909445857        8.1037474721889329E-010
          25          47   6.2550506529626553       0.15987080768504375        1.9046024173037742E-008
          26          41   4.7738444379347111       0.20947477719500762        3.4844965739634400E-009
          26          42   4.7807146249909902       0.20917374878904943        8.9225883907852739E-008
          26          43   5.2913990796950419       0.18898593452105161        8.7699308952649461E-008
          26          44   4.8129518834555256       0.20777269838027887        2.5945605092465984E-008
          26          45   5.0882652556875705       0.19653063465632381        8.0904331533527542E-008
          26          46   4.6091705062802681       0.21695877786196902        4.1502388594361902E-008
          26          47   5.4261982197522487       0.18429109286126638        1.3596800411175012E-007
          27          41   6.0877040010000556       0.16426554245011343        1.9185015675892403E-008
          27          42   5.7383111908766722       0.17426730038445767        4.8246707281563532E-009
          27          43   5.6664032220496843       0.17647879277434728        9.8062024463862310E-009
          27          44   5.1076184403884248       0.19578596398127809        1.1408283476490116E-008
          27          45   4.9362139689497440       0.20258441110743938        3.9654151169613150E-008
          27          46   4.2383330992940635       0.23594181405103812        5.9728594134528805E-008
          27          47   4.3171061284972243       0.23163664969897274        3.7202230844705147E-007
          21          48   7.5570152288555885       0.13232737657873384        2.9826157792467974E-007
          21          49   8.2446436044500704       0.12129087053080707        3.6033499679591546E-010
          21          50   10.353644206263438        9.6584350406309111E-002   1.2672064363007815E-010
          21          52   10.311549077580665        9.6978639433933034E-002   8.2374192798938164E-012
          21          53   8.5755312658081380       0.11661085115357717        8.6501383863113996E-012
          22          48   6.9143861485655709       0.14462599839140539        7.9027382338209762E-011
          22          49   7.8286696076140032       0.12773562432976102        1.0468066026193253E-009
          22          50   9.3963394253803543       0.10642442282352109        2.3586007554876379E-010
          22          51   10.530563046106833        9.4961683968997429E-002   2.6387950171173739E-011
          22          52   9.1516038945825908       0.10927046357327187        6.7218822742913774E-012
          22          53   7.6261657398899150       0.13112749369835164        3.6219582471403597E-011
          23          48   7.3730338520554852       0.13562937863376495        3.2302425830108666E-010
          23          49   7.5632045298870327       0.13221908729935358        4.8434551016835870E-010
          23          50   9.1984740027019782       0.10871368443355474        3.5681234534957737E-010
          23          51   9.8703119647684918       0.10131392032687946        3.4065956684792369E-011
          23          52   8.5430801241162460       0.11705380090924136        1.4619733656613894E-011
          23          53   6.2065311754678945       0.16112059566422987        8.2705855504353238E-011
          24          48   7.8387909855694318       0.12757069321543560        3.8258040154125522E-009
          24          49   8.4478703512280546       0.11837302875447556        2.3223143123717389E-010
          24          50   9.6237555394979104       0.10390953883811682        9.4611326399315301E-011
          24          51   11.053900538764415        9.0465804038415767E-002   1.9805007972690320E-011
          24          52   8.7522412147826003       0.11425644877234331        3.7559809629873932E-012
          24          53   6.6507759131588706       0.15035839623185218        6.1869794211284998E-011
          25          48   5.9550651429310086       0.16792427555340100        1.6689457887443146E-009
          25          49   5.8878662005510556       0.16984081599993020        6.2845156705007318E-009
          25          50   7.2839731034773401       0.13728771177403221        7.2013650355872712E-009
          25          51   7.8461822964193821       0.12745051825476342        5.6038952849280614E-010
          25          52   6.4910042417301508       0.15405936627973210        2.2961977258593274E-010
          25          53   4.0959159288716709       0.24414563613259432        2.2344327995528904E-009
          26          48   3.4612133234091269       0.28891602642250569        5.6065746127112523E-007
          26          49   3.7115284385234983       0.26943077941167953        4.2283371753596278E-006
          26          50   4.7423269840939870       0.21086694429845357        1.8292644834553243E-006
          26          51   5.6835346045123281       0.17594684814729025        9.6607772570045624E-008
          26          52   4.1827592270491412       0.23907663475659377        1.1002412166678868E-008
          26          53   2.9935747659587850       0.33404878053203357        4.3586863849427028E-007
          27          48   3.7186221014279814       0.26891681185243099        2.4133966249852653E-005
          27          49   3.4394627374319202       0.29074308295796553        1.7878268648940209E-006
          27          50   3.7722180364920614       0.26509602316888886        4.5606076159815979E-006
          27          51   4.4334297925526513       0.22555900212513041        1.5057350701812926E-006
          27          52   2.7635860584021925       0.36184869183272855        2.1678637740773213E-007
          27          53   1.3164997734450585       0.75958995221333625        6.2984559403369037E-005
          22          54   10.444293475279432        9.5746064812033210E-002  0.46116946980616713     
          23          54   10.063000248880037        9.9373941694108084E-002   7.4192706427254790E-012
          23          55   10.771016078794307        9.2841751668050490E-002   1.1592582941767195E-011
          25          54   7.9737865773530494       0.12541093121807087        5.1266057775534513E-012
          25          55   8.5904888308595861       0.11640781097435376        1.8920592171315837E-010
          25          56   10.547631387961410        9.4808015488800149E-002   7.7391895366833579E-011
          25          57   10.779200046010610        9.2771262777528729E-002   6.5925083084119417E-012
          25          58   10.703856806974150        9.3424269217469838E-002   5.0800926231319106E-012
          26          54   5.4990867751114827       0.18184837608417756        5.5261990748451378E-012
          26          55   6.6345290936993209       0.15072659805647395        1.6346438265040160E-008
          26          56   8.3393140763503499       0.11991393906555489        1.7186552864951316E-009
          26          57   9.2632593630159654       0.10795336293751537        1.1049587002055524E-010
          26          58   8.6127913786123447       0.11610637667170752        3.1314402107642824E-011
          26          59   10.098344001897651        9.9026137336189271E-002   7.5021005399223040E-011
          27          54   4.0364901439031531       0.24773998309160564        1.1114964548400027E-011
          27          55   4.8710213719700004       0.20529575291014732        6.6813351343366205E-007
          27          56   6.3447966986863751       0.15760946291739178        7.0059912745991133E-008
          27          57   7.0066115192106722       0.14272234121418148        2.9369562842906650E-009
          27          58   6.5378491344796039       0.15295550255605544        8.9292205067168977E-010
          27          59   8.1923830689847144       0.12206460459421979        2.0497046036221444E-009
          21          65   9.8463405516211893       0.10156057418056205        1.3676878749675870E-010
          22          64   10.766334954889787        9.2882118584451639E-002   1.5052609089662481E-011
          22          65   8.8688284955544017       0.11275446362518579        5.1534179643116109E-012
          23          64   9.1518204823514839       0.10926787756910397        5.2785535692396056E-011
          23          65   7.1893914760119735       0.13909383058866476        3.6209297701210503E-011
          24          64   9.6976585225358871       0.10311767502187788        6.5554789024867136E-010
          24          65   8.3267514901514339       0.12009485345909052        1.8067886879375793E-011
          25          61   9.9344295182831210       0.10066003268326787        1.1251301736870359E-010
          25          62   9.1169005866477466       0.10968639950561275        1.3526792183573126E-011
          25          63   9.2401754142458401       0.10822305369422659        3.7909092076760106E-011
          25          64   6.9013479441764449       0.14489922955468845        3.2266170352127576E-011
          25          65   4.8929855324412532       0.20437419922250841        1.0707866017633147E-009
          26          60   9.2000970030692528       0.10869450611948864        6.6377796803071198E-008
          26          61   8.7129433556691822       0.11477177793762861        3.3993911209359561E-011
          26          62   7.8679141670504968       0.12709848871862786        6.5302728209869830E-011
          26          63   8.6678983995563765       0.11536821890427096        2.2212357342545830E-010
          26          64   5.7154569218816409       0.17496413911746891        6.9493513193523818E-011
          26          65   4.0192379842006973       0.24880338112122743        1.0287232226207402E-008
          27          60   6.9228390525885022       0.14444940759183075        7.0337244082700082E-007
          27          61   6.3499273702491177       0.15748211620265642        1.0315711648463358E-009
          27          62   5.3923041182572717       0.18544948097682371        2.9086061502280106E-009
          27          63   6.2860636314567859       0.15908206767042404        2.0683187991874070E-008
          27          64   3.2246520228612061       0.31011098031988849        3.2837095662305805E-009
          27          65   1.6100261766990709       0.62110791394102249        9.8881657944716125E-006
          21          70   9.4125292171163597       0.10624137008589939        4.1201665120644854E-002
          21          71   7.7488355577478671       0.12905164815378292        2.5848417845266235E-011
          22          68   10.325525924028060        9.6847367132452372E-002   2.6673049928589138E-010
          22          69   11.279390074865301        8.8657276090519641E-002   8.5106716666032063E-012
          22          70   7.9985900838390176       0.12502203382324578        2.9476955083747496E-012
          22          71   6.8379009166039069       0.14624371019647026        1.8228407478892951E-010
          23          67   9.8331833285039636       0.10169646660621567        1.1962897227222303E-009
          23          68   8.4335430589997138       0.11857412631964531        1.5296088195964905E-011
          23          69   9.0781482251884569       0.11015462351951635        9.6558211580587598E-011
          23          70   6.1427399651179080       0.16279380303880489        3.9897233192615505E-011
          23          71   5.0435368851252367       0.19827355738177949        4.3307632172660145E-009
          24          67   11.360584814772452        8.8023637541940189E-002   4.6141063165291723E-008
          24          68   9.4690934364566655       0.10560673064539956        2.7045919605363752E-012
          24          69   10.793449412840552        9.2648787403435504E-002   2.4055212027965494E-011
          24          70   7.2704465306393260       0.13754313380694996        5.0001943869042280E-012
          24          71   6.8683287201902807       0.14559582698195259        5.7302951923459310E-010
          25          66   9.1529490989663618       0.10925440414750362        1.1342195889766602E-009
          25          67   7.8251886242884083       0.12779244667612547        3.6155755992243954E-011
          25          68   6.5973373070786039       0.15157630320448393        2.3712221006742822E-010
          25          69   7.4957987978217506       0.13340806323277996        1.8385935963756416E-009
          25          70   4.2916533333226141       0.23301043265435334        3.9727841042060252E-010
          25          71   3.0056597098560713       0.33270566083074182        3.2019489853516684E-007
          26          66   8.2738059153629226       0.12086336206451079        2.2994940808549549E-005
          26          67   7.5637113495807426       0.13221022772840613        1.2146357615768555E-010
          26          68   6.4728652878683519       0.15449108787637394        3.5652554504633686E-010
          26          69   8.0187538674591892       0.12470765614319305        2.3107405689655710E-009
          26          70   4.2302884780898093       0.23639049799543480        1.7685910170997702E-010
          26          71   2.9701998417411524       0.33667768274265103        3.8060124077297109E-007
          27          66   6.0235004276197088       0.16601642384130574        2.6514409880602533E-005
          27          67   5.3932041524582601       0.18541853260722441        5.4792695630119370E-009
          27          68   4.4857476169629571       0.22292827982976063        2.0641805913710062E-008
          27          69   6.3559922059809058       0.15733184805654937        1.8831806885789018E-007
          27          70   2.4072222649095387       0.41541656313883385        2.8754759607751922E-009
          27          71   1.1994370460376524       0.83372445707217901        3.3015335386822327E-004
          21          74   9.5912932423665982       0.10426122679502765        1.4098746832400986     
          21          75   10.414323570670948        9.6021598831077457E-002   2.0624526285303593E-011
          21          76   7.4730244486796078       0.13381462978843697        7.6795754084890299E-012
          21          77   6.9673629213524286       0.14352632571146315        4.1205309058982532E-010
          22          73   10.455632038439253        9.5642233422483111E-002   9.5518791061048150E-010
          22          74   8.5483896974870852       0.11698109648580522        7.3232948947235094E-012
          22          75   9.9939123139734871       0.10006091394276094        8.2091514168300629E-011
          22          76   6.4732108734618734       0.15448284005387267        1.2591677653498660E-011
          22          77   6.4316246079135198       0.15548171122574417        2.3092606402651626E-009
          23          72   9.6370838891604684       0.10376582911400958        2.4949494726196139E-009
          23          73   8.4871413061597085       0.11782530347105573        1.9478806325520386E-011
          23          74   6.9825008991577153       0.14321516236691470        8.9489651547605332E-011
          23          75   8.3167715737525967       0.12023896425819372        9.3063205926026147E-010
          23          76   5.1130349500043071       0.19557855750607722        1.1414390648418381E-010
          23          77   5.1128320620219974       0.19558631847659885        3.9152984898273869E-008
          24          73   10.539643453779165        9.4879869929701779E-002   3.9171633046210525E-008
          24          74   8.7052734327128913       0.11487289948207431        6.6527159493155800E-012
          24          75   10.634222037048600        9.4036027883948339E-002   6.5996516186010764E-011
          24          76   7.0498168763106666       0.14184765612285283        5.9764229664849993E-012
          24          77   7.6077161594071470       0.13144549284524409        8.2942282082316710E-010
          25          72   8.1627856184346186       0.12250719873637579        3.3255111039857272E-010
          25          73   7.1727605809844519       0.13941633611068494        1.4283983018646208E-010
          25          74   6.0392096800495203       0.16558458026444947        6.7402188107194802E-010
          25          75   7.6692660866054467       0.13039057306233298        5.3106626096661269E-009
          25          76   4.1706575622773467       0.23977034438040984        3.0190085398242340E-010
          25          77   3.8025845514724210       0.26297903083122348        4.5128990377633447E-007
          26          72   8.2652285384740320       0.12098879000684293        1.3676137520202184E-006
          26          73   7.8473354306134429       0.12743178991672438        1.2298484953236804E-010
          26          74   6.8031255984116878       0.14699125946366007        2.2921519930780015E-010
          26          75   8.8791144211285253       0.11262384429019455        1.2717687402761601E-009
          26          76   4.8270335429043119       0.20716657365474275        5.2056406136098901E-011
          26          77   4.3508339629177026       0.22984099336426811        7.8117117987119900E-008
          27          72   6.7717741873125306       0.14767178767915523        2.7166888038322217E-007
          27          73   6.6276346261055146       0.15088339300738024        1.3442511030699149E-009
          27          74   6.0512047501278428       0.16525634832945840        1.7402326557399346E-009
          27          75   8.4097456574697080       0.11890966037858464        5.1857053423669862E-009
          27          76   4.3794002042373243       0.22834177133033923        9.9888542794653585E-011
          27          77   3.8407686042579385       0.26036455278544607        2.5115070497542205E-007
          21          79   10.124183834827413        9.8773394114000407E-002   1.2130879762028228E-006
          21          80   8.6669832635872712       0.11538040049082766        1.0779279755179727E-011
          21          81   9.4842054641717759       0.10543845805298849        6.9581617149293709E-011
          21          82   8.0772464162987081       0.12380456760389846        2.3599269851977739E-011
          21          83   8.1288841784288390       0.12301811393175506        1.6208768716186340E-010
          22          78   10.471650907895754        9.5495925981068347E-002   1.5015464950142619E-010
          22          79   9.9580134606807373       0.10042163569556364        7.1899876406141738E-012
          22          80   8.3385185901711871       0.11992537873318698        1.3147328218275604E-011
          22          81   9.8341447438979159       0.10168652445557096        1.1062243073379828E-010
          22          82   7.8013803006258549       0.12818244483220187        1.5278153145817985E-011
          22          83   8.1034904244084967       0.12340361345870210        2.4595328126416224E-010
          23          78   9.4018897921151403       0.10636159560587982        1.5589943232600502E-010
          23          79   8.7210601366395561       0.11466495865551102        2.6201619735633967E-011
          23          80   7.8445954342054236       0.12747629987897388        6.4577114946470513E-011
          23          81   9.3350895385070434       0.10712270041706848        2.3017778317593425E-010
          23          82   7.5808964678905575       0.13191052064034553        2.8542246883727474E-011
          23          83   7.5123623388530216       0.13311392008185255        3.4694707195409105E-010
          24          79   11.287374516683592        8.8594561872818570E-002   3.8689372977867306E-010
          24          80   10.114835245230459        9.8864684965732794E-002   2.9227710039697127E-012
          24          82   9.9809680637643972       0.10019068226763191        1.0899441750238480E-011
          24          83   10.298218545016532        9.7104173467353297E-002   1.2789042227168569E-011
          25          78   8.8091374807205494       0.11351849170121073        8.7854652378928633E-012
          25          79   8.2775537465734601       0.12080863871333432        5.7241282837577469E-011
          25          80   7.7882842687135785       0.12839798413844669        1.2080527576618309E-010
          25          81   9.4860061545292211       0.10541844309499383        2.5096229475965204E-010
          25          82   7.3217776872715543       0.13657885321189642        2.3545568888528763E-011
          25          83   6.7445169374160958       0.14826858754737027        5.2663722660482158E-010
          26          78   9.4857180131670358       0.10542164532109319        1.4109116428054903E-009
          26          79   9.3397856325480859       0.10706883855183080        2.3554153060070562E-011
          26          80   8.6139924052774770       0.11609018826013089        2.8370508005016382E-011
          26          81   10.611681724083109        9.4235770163602781E-002   7.4895581794232118E-011
          26          82   7.6953062553409808       0.12994934403110248        6.1305497955382199E-012
          26          83   7.2419275678424500       0.13808478345467970        2.8986722435224034E-010
          27          78   9.0931672064123781       0.10997268358760780        6.0070312545297596E-010
          27          79   9.2124593483004862       0.10854864723875063        3.9113608879857319E-011
          27          80   8.9642468031171223       0.11155426908284941        3.3450529705153184E-011
          27          81   11.193963562675574        8.9333862344731507E-002   4.6424191928361192E-011
          27          82   8.0752828688595333       0.12383467133470574        3.2292624760904294E-012
          27          83   7.3156338715644997       0.13669355486568971        1.6256126984446172E-010
          21          84   10.125954905775396        9.8756118243193469E-002   5.3196917590457062E-010
          21          85   9.1966297591468393       0.10873548530160344        1.0756677424590424E-011
          21          86   7.3393042555528964       0.13625269714679056        3.4148024045119390E-011
          21          87   8.3691038074712605       0.11948710674460516        5.1174229051983018E-010
          21          88   6.3733933695777676       0.15690228768450382        1.0586747529493679E-010
          21          89   5.3795854050133656       0.18588793089297845        2.7826675427185176E-009
          22          84   10.142796399580952        9.8592139741789042E-002   2.1277682936578764E-008
          22          85   9.5763061971100232       0.10442439698740878        1.0544294309757182E-011
          22          86   7.3406767434752300       0.13622722195046272        2.1015209587726591E-011
          22          87   8.7112391334097641       0.11479423130111902        5.1059530368159296E-010
          22          88   6.6234390853433140       0.15097896834483635        6.5456199173472437E-011
          22          89   6.4881867951034558       0.15412626540818555        1.7535068008353100E-009
          23          84   10.031087413311912        9.9690089299085793E-002   2.2461040771718491E-009
          23          85   8.9563969142659410       0.11165204150423241        1.2042976345116961E-011
          23          86   7.1069082556758332       0.14070816225907573        4.6914817708162387E-011
          23          87   7.8218487978826730       0.12784701236754845        7.5290729288580533E-010
          23          88   6.6931210598215891       0.14940712876133991        2.3834004414052591E-010
          23          89   6.8415671403298379       0.14616534187104230        1.5465567116935412E-009
          24          86   9.1566588463788925       0.10921014059571103        1.1886196163437986E-009
          24          87   9.9624352533016722       0.10037706389796489        3.5980368548549800E-011
          24          88   8.5912714608176088       0.11639720669527448        1.3077474150077179E-011
          24          89   9.0654290538733715       0.11030917500509604        7.7307336691031533E-011
          25          84   10.376745980923499        9.6369324433535283E-002   4.0574170654191102E-011
          25          85   9.4417682616536727       0.10591236432494856        8.0200262017579114E-012
          25          86   7.8889388088256212       0.12675976125981181        2.4904049446142979E-011
          25          87   8.7940418164081375       0.11371335511893696        2.1512305849112556E-010
          25          88   7.8874320607942909       0.12678397636800648        5.8431588933283856E-011
          25          89   8.3415286156521038       0.11988210387765054        2.1561672033790397E-010
          26          85   11.020035758619670        9.0743807180282354E-002   1.1014436543186313E-010
          26          86   9.3766008015316764       0.10664845621204745        3.8968525038368705E-012
          26          87   11.024994459294607        9.0702993429348289E-002   2.7062311676878665E-011
          26          88   9.5507514420004718       0.10470380326331087        3.8758722526903361E-012
          26          89   10.647932028669835        9.3914949617209600E-002   2.1699988338641125E-011
          27          86   10.347394710100245        9.6642684271421989E-002   5.8847331122091158E-012
          27          88   10.861967837596492        9.2064349200032009E-002   8.2973196582619836E-012
          21          90   9.2197961784590330       0.10846226756469760        4.6345531053137647E-012
          21          91   8.3543803972518180       0.11969768581868154        3.3132497219121799E-011
          21          92   6.5596716805021931       0.15244665414770306        1.0812822191311547E-010
          21          93   6.3611096896037171       0.15720527530508560        1.9693584804205227E-009
          21          94   4.9239810622838061       0.20308770227808046        2.8478387740109517E-009
          21          95   3.7503390115714312       0.26664256135633713        6.1533770228073957E-008
          21          96   2.7900237800910457       0.35841988413710490        1.6145952958870152E-006
          22          90   8.9810737229244619       0.11134526125172203        5.6184323277537141E-005
          22          91   8.3703043820948846       0.11946996839674356        4.5391117638973464E-011
          22          92   5.9653890039476121       0.16763366133176685        1.0568540079187278E-010
          22          93   5.8611607110332926       0.17061466990958948        6.1552370190401234E-009
          22          94   4.3507636776524823       0.22984470637567805        7.6051267397655019E-009
          22          95   3.9790766560080404       0.25131458538002577        2.7172154980136242E-007
          22          96   3.4081860574075722       0.29341121146439036        7.9345507683225147E-007
          23          90   8.2054037622685794       0.12187090714516237        5.0889767597441515E-006
          23          91   7.0465053750043491       0.14191431735044732        1.3418702941565747E-010
          23          92   4.8237319768905031       0.20730836721252177        8.3411237122249440E-010
          23          93   3.8038837766845299       0.26288920974120855        7.8761138646316179E-008
          23          94   3.4729862839429861       0.28793663960707322        1.3620189305873402E-006
          23          95   3.5126059648078192       0.28468892042512711        4.0595060729342196E-006
          23          96   3.4066530866054396       0.29354324452110570        3.5428829090782181E-006
          24          90   9.8845221019666365       0.10116826991575432        5.1165249346375296E-006
          24          91   9.1892910671389458       0.10882232292935157        1.4369507750528867E-011
          24          92   6.5967833326911052       0.15158903204299390        3.4476718176367462E-011
          24          93   5.6242693477586609       0.17780087299668748        1.8404472349246475E-009
          24          94   5.5736657033761112       0.17941513776010545        1.2477186916399446E-008
          24          95   6.2594905446511806       0.15975741042607908        1.3906537390725252E-008
          24          96   5.9878556439019199       0.16700469407915805        3.4549531303230488E-009
          25          90   8.9796218743074334       0.11136326384312552        5.8837491945010847E-009
          25          91   7.6350712932925351       0.13097454648242868        4.5479263442879455E-011
          25          92   5.2500467566385840       0.19047449410531803        3.1853184183732537E-010
          25          93   4.0389805945778967       0.24758722568324382        2.8507029049215431E-008
          25          94   3.7675103475952962       0.26542727364724400        6.6320656089445857E-007
          25          95   4.0287652637454805       0.24821500746119807        1.5284687627441560E-006
          25          96   4.5097815326682689       0.22174023126311784        6.8366987833905132E-007
          26          90   10.825426286926723        9.2375115168226260E-002   1.7662166181109439E-007
          26          91   9.8176725816088481       0.10185713484408412        4.8258067583767504E-012
          26          92   7.0517042365672218       0.14180969116861333        1.5588613201074471E-011
          26          93   6.4484214341576003       0.15507671299257081        8.2676283857278080E-010
          26          94   5.2897447303151370       0.18904503921882540        2.4180710551704670E-009
          26          95   5.9787274904408489       0.16725967216248949        2.6043145538409307E-008
          26          96   6.6938392536213440       0.14939109860742525        5.9924567402542358E-009
          27          91   10.399171053391429        9.6161510842143041E-002   1.5445666927735067E-009
          27          92   7.5998450437560798       0.13158163018357660        7.8149346478997953E-012
          27          93   6.7760321701502306       0.14757899237922731        3.3670779025411655E-010
          27          94   6.0130499929947678       0.16630495358678288        1.3341495147856128E-009
          27          95   7.1456816303408202       0.13994466192755695        5.5946411783902312E-009
          27          96   8.2569764665250496       0.12110970693136179        7.0531977583823519E-010
          21          97   6.1831748978400629       0.16172921137154392        1.2446792554285289E-010
          21          98   7.4805492464428713       0.13368002362600809        4.0028714114923783E-009
          21          99   9.9030965615577884       0.10097851654621218        4.0710663139314181E-010
          21         101   9.7293295539148588       0.10278200511746700        1.4049402293430994E-011
          21         102   7.2792099894376854       0.13737754529008298        1.7374609126603811E-011
          21         103   6.8896689001875888       0.14514485594115742        5.6480565561313224E-010
          22          97   5.1622867778737422       0.19371260122280207        1.0927725999917918E-009
          22          98   6.7372995990248832       0.14842742040813117        3.4898317445854067E-008
          22          99   8.7121626012256463       0.11478206339483583        1.4291561727606118E-009
          22         100   10.354410449746704        9.6577203004779733E-002   6.5372989340651190E-011
          22         101   8.4082109105221114       0.11893136490529643        8.2301072647655221E-012
          22         102   6.3287521378424429       0.15800903214719886        1.0010755390401582E-010
          22         103   5.7837903128465502       0.17289700108575340        3.0275614576752136E-009
          23          97   3.2528803243952682       0.30741985571999381        8.9198908186114742E-009
          23          98   4.2459709555636920       0.23551739059581975        8.9062111213965685E-006
          23          99   6.5537092057721580       0.15258534802234638        3.6407074648954995E-007
          23         100   7.6336103166643845       0.13099961335686366        1.9909667352517684E-009
          23         101   6.2002668592542225       0.16128338065118081        3.1926416805733697E-010
          23         102   3.7868128678805988       0.26407431127159958        3.8724465314687273E-009
          23         103   3.1253865749664955       0.31996041961968180        1.4375530566922872E-006
          24          97   4.2971456537775694       0.23271261450514527        1.4390142850958873E-005
          24          98   5.5117424239274904       0.18143082950662129        3.1531825786130796E-007
          24          99   7.3059092955852076       0.13687550167154100        1.5901681375168607E-008
          24         100   8.2918966527631763       0.12059967000032036        5.4052862796388251E-010
          24         101   7.0431703328346806       0.14198151581512694        1.1832143993141552E-010
          24         102   5.2821242560274335       0.18931777283711182        8.3886430417797870E-010
          24         103   4.2674078011485310       0.23433429533752545        2.6497606944743614E-008
          25          97   3.5488674647260838       0.28178003544496527        3.4272063307014132E-007
          25          98   4.1793293123580728       0.23927284146837838        3.1320785557225952E-006
          25          99   6.2012550698431230       0.16125767908871028        4.4018059961391002E-007
          25         100   7.2551636149813490       0.13783286677850762        3.8650478219415718E-009
          25         101   5.3505253863085152       0.18689753394291050        5.8768347955605503E-010
          25         102   2.8020636350442114       0.35687983223986341        2.2706639521151368E-008
          25         103   1.7063096849656487       0.58606008558178690        5.3354872447814383E-005
          26          97   5.7692184503929411       0.17333370344676238        2.0521813812588770E-002
          26          98   6.6389681648776442       0.15062581641682415        9.1940361709532015E-009
          26          99   8.0127971140745515       0.12480036443746852        1.7049159725650459E-009
          26         100   9.5078305906651792       0.10517646380677033        1.7844330392358371E-010
          26         101   6.7577187591672008       0.14797893129888653        2.2905131738833557E-011
          26         102   4.9782463067100649       0.20087395005990819        1.3781885941068621E-009
          26         103   3.6296307256230920       0.27551012088931770        5.3950248618158580E-008
          27          97   6.0905682584318566       0.16418829205560381        2.3908960853654735E-006
          27          98   6.5739110645902805       0.15211644790669601        4.7975138306495554E-009
          27          99   7.5120703093454271       0.13311909484605663        1.9187753034182193E-009
          27         100   8.8557473153332928       0.11292101777436095        3.8707425292262452E-010
          27         101   5.8683324934384178       0.17040615900992898        5.3728834429059492E-011
          27         102   4.3064797853627210       0.23220821874025660        7.4943412177966788E-009
          27         103   2.6570319323396783       0.37635979749759318        3.0721403842159233E-007
          21         105   10.986722189992047        9.1018957493156000E-002   1.0095985711082373E-004
          21         108   9.6131026588357127       0.10402468750095660        4.0410320590247781E-012
          21         109   6.6632765161711713       0.15007631719516520        2.0069985130152529E-011
          22         104   10.048199955866231        9.9520312532812488E-002   1.6317588556622314E-009
          22         105   10.036950758875680        9.9631852743294530E-002   1.1799151771386778E-011
          22         106   10.210173046096235        9.7941532967684680E-002   1.1958824454399473E-011
          22         107   11.192484240316093        8.9345669694841451E-002   9.7389644392368229E-012
          22         108   8.1164167970567931       0.12320707832089450        3.2343879809881676E-012
          22         109   5.5653117904721388       0.17968445212935033        1.5294592884373294E-010
          23         104   7.7112826795360032       0.12968011179952893        1.4159111779898316E-008
          23         105   7.2237295049372960       0.13843264747337466        2.8274213174295700E-010
          23         106   7.7418609257647066       0.12916791060816227        6.1911640147301699E-010
          23         107   8.3847156608458313       0.11926462869453133        2.6962839591227109E-010
          23         108   5.6596564121090776       0.17668917107060725        1.0352612013072298E-010
          23         109   2.6943672956111095       0.37114464743871900        1.1572553901982097E-008
          24         104   7.6692791979624868       0.13039035014733485        8.5394211486154858E-005
          24         105   7.3498333777277178       0.13605750615113416        3.0189466050441971E-010
          24         106   7.1791778320232478       0.13929171604294671        5.0301401925130779E-010
          24         107   7.7316013431465205       0.12933931220942016        6.6682746486687359E-010
          24         108   4.9549740926481753       0.20181740233187620        2.7395332692020601E-010
          24         109   2.7128567346731072       0.36861511602104474        5.7070720559637751E-008
          25         104   7.5270126659078489       0.13285483157605235        7.8666114604973415E-005
          25         105   6.8888512249915514       0.14516208397303956        3.7795339518856854E-010
          25         106   7.0710668410953055       0.14142137565271556        1.0943301019418734E-009
          25         107   7.8340512505227888       0.12764787566755670        8.0000131796246247E-010
          25         108   4.9807560372164659       0.20077273259881601        2.3392310092269269E-010
          25         109   2.1052333115490027       0.47500673417722677        5.3624934224406607E-008
          26         104   9.5391356776316343       0.10483130063291844        1.6493286878852236E-003
          26         105   9.2098185464719950       0.10857977222396743        2.2019208408892263E-011
          26         106   8.6729106502443969       0.11530154527440227        3.3565809715156774E-011
          26         107   9.8188404296197636       0.10184502000698317        6.9013101621900146E-011
          26         108   6.6155411161135760       0.15115921471099084        1.5566378526946075E-011
          26         109   4.8222445712675297       0.20737231080279891        1.7787935152385927E-009
          27         104   9.0345749454676323       0.11068589347434316        7.9053157110607535E-008
          27         105   8.6060209482276626       0.11619771855260724        4.2268546542958324E-011
          27         106   7.7612988309349777       0.12884441403212063        7.5732313923355071E-011
          27         107   9.0274597704547261       0.11077313280008431        2.6163578852581712E-010
          27         108   5.8902868266391817       0.16977101954992055        4.2670061833874277E-011
          27         109   4.5402381762101927       0.22025276234180197        7.1659321954191947E-009
          22         115   10.390048878116819        9.6245937986506241E-002   1.6291699084724867E-007
          22         116   10.394614625551934        9.6203662764159661E-002   7.8976689548718272E-012
          23         110   9.9960027865101555       0.10003998811900332        7.8561415539774800E-012
          23         111   10.441041028956327        9.5775890280162868E-002   1.2560114276103574E-011
          23         112   10.809762759747368        9.2508968256336713E-002   7.4470519705761195E-012
          23         114   9.9276697620240846       0.10072857215952728        4.9103908414354989E-012
          23         115   7.6431400632268272       0.13083627824789776        1.3637731845040405E-011
          23         116   7.7950514698305629       0.12828651662793145        3.1451994708320307E-010
          24         110   8.9225915744482158       0.11207506156212706        2.4836029523523236E-010
          24         111   9.9540296959981625       0.10046182606849484        4.9092804906283292E-011
          24         112   10.130261214853745        9.8714137650638800E-002   1.3210608686468992E-011
          24         114   9.6051238142105859       0.10411109938224017        1.0701934397398987E-011
          24         115   7.7758748795852028       0.12860289234146527        2.0270964042367818E-011
          24         116   8.2736023468832780       0.12086633585631618        2.5581078317129366E-010
          25         110   9.4128074988050141       0.10623822914969346        1.2149944372903748E-010
          25         111   9.6299912325723831       0.10384225445788677        2.5839249097015999E-011
          25         112   9.6445367821703645       0.10368564323884141        1.9651663194301745E-011
          25         113   10.883805561750664        9.1879627426856528E-002   1.9298943212211339E-011
          25         114   8.5503178445806700       0.11695471655873194        4.5241887813333468E-012
          25         115   6.1072713894461952       0.16373924396549203        8.1869644038113354E-011
          25         116   5.9627985417206979       0.16770648765058357        4.6424088177238020E-009
          26         110   10.927991264066238        9.1508125860992523E-002   6.1874025794743878E-009
          26         111   11.352730836938044        8.8084533524421249E-002   4.3094906531078202E-012
          26         112   10.584087913077662        9.4481452555246023E-002   2.7271304847403290E-012
          26         114   9.2998733447968558       0.10752834613166914        6.3251197308158821E-012
          26         115   7.5033435708836000       0.13327391856084755        2.9866587645392974E-011
          26         116   6.8756964985637063       0.14543981110988455        3.9251116883099285E-010
          27         110   10.022293935208765        9.9777556561872080E-002   1.1197205145832414E-009
          27         111   10.201439806789455        9.8025378666103682E-002   1.2170386914583686E-011
          27         112   9.0788389062145924       0.11014624340514358        9.8394847408167668E-012
          27         113   10.154760907055874        9.8475976849948868E-002   3.9860825803769343E-011
          27         114   7.6036997646325073       0.13151492443867302        1.0396175056370631E-011
          27         115   5.7953074683405239       0.17255339867003611        3.3466515028363253E-010
          27         116   4.8264016938027856       0.20719369489780010        8.7094799894555958E-009
          22         122   11.324070221390413        8.8307470763565807E-002   7.8239926959183445E-008
          22         123   10.263590330688785        9.7431792168276299E-002   2.8111198866615012E-012
          23         122   8.9104191461134246       0.11222816610553986        9.1478346471826803E-012
          23         123   8.1161071275326524       0.12321177927872008        4.9903661118361084E-011
          24         121   10.997831243216469        9.0927018053382686E-002   1.5301597124118212E-010
          24         122   8.9061873365375455       0.11228149175545746        3.9923204824824908E-012
          24         123   8.3203208805152364       0.12018767236992366        5.0188948932545900E-011
          25         118   10.552504561071265        9.4764232909128679E-002   1.1356097334096861E-010
          25         121   9.2555297894878574       0.10804351806373838        6.5560677142767006E-012
          25         122   6.9917865669595347       0.14302496084843483        3.1629666846539527E-011
          25         123   6.0132412116101328       0.16629966515715996        9.1590844557585212E-010
          26         118   11.096485723015480        9.0118621783640621E-002   5.5925066640750794E-009
          26         119   10.814519240455219        9.2468280629542501E-002   3.5866129182138287E-012
          26         121   8.8062054419065845       0.11355628784689077        4.8845369734143113E-012
          26         122   7.4329036958994932       0.13453692404916662        5.7470404923867664E-011
          26         123   5.9111811493996180       0.16917092789510726        4.3954965341671738E-010
          27         117   9.6740050693537682       0.10336980318192047        6.8678181922537569E-009
          27         118   9.1768168093791083       0.10897024761112767        1.8605197537959057E-011
          27         119   8.6405091096645510       0.11573392115072058        3.5043321727387980E-011
          27         120   10.198261890187204        9.8055924702443925E-002   7.2183514624046188E-011
          27         121   6.5411153715492816       0.15287912583678329        9.8763412670049983E-012
          27         122   5.3468163124563715       0.18702718432094254        2.0374562974936144E-009
          27         123   3.7008266469618905       0.27020990048829424        2.2896380867346962E-008
          23         129   10.194941364649353        9.8087861835818829E-002   1.8937607157586778E-006
          24         129   9.9772328598523039       0.10022819092695841        9.9150115682697999E-012
          25         128   10.667917302739335        9.3739009370012408E-002   1.2846615100418215E-011
          25         129   8.2272924578883426       0.12154666983318409        5.7537942545700080E-012
          26         128   9.3496549777392328       0.10695581841051018        1.2996511223619446E-010
          26         129   7.9195743256750175       0.12626941283422655        2.8013217661190745E-011
          27         124   10.343796764588955        9.6676300081939823E-002   2.0534680238648385E-010
          27         125   9.9473147201322707       0.10052964323890447        8.3320192757558866E-012
          27         126   9.2702711565563920       0.10787170980352077        1.3318021416259806E-011
          27         127   11.132908669783184        8.9823785468948356E-002   3.1031356669122317E-011
          27         128   7.2330618875136850       0.13825403619541587        3.4483096497592344E-012
          27         129   6.0355070508865003       0.16568616216811796        6.0959843127975375E-010
          23         135   10.869056715658971        9.2004304160020367E-002   5.3498902598825548E-009
          24         135   10.189321077660173        9.8141965728460012E-002   4.5984106645361248E-012
          25         135   9.2406353757538060       0.10821766678770450        9.9808388117054751E-012
          26         134   9.6283377905149496       0.10386008693890218        3.2246902671842782E-011
          26         135   8.8683549052389417       0.11276048496990737        1.9692198033178092E-011
          27         131   11.050965506557324        9.0489830902705182E-002   5.2819372040865486E-011
          27         132   10.107424437475911        9.8937172984666519E-002   3.7679691019766677E-012
          27         134   8.2331675251617682       0.12145993591699103        1.0995727638118318E-011
          27         135   7.6892364515993661       0.13005192469949334        1.2885657534639406E-010
          24         142   10.133863675175464        9.8679046023646591E-002   2.9262499541286904E-010
          25         142   10.438416588113951        9.5799970384271044E-002   1.0656370723914471E-011
          26         141   11.446560649160048        8.7362486483953616E-002   7.4695512407775345E-012
          26         142   10.587753837224732        9.4448739116333724E-002   2.4706421621932251E-012
          27         141   10.716841345904641        9.3311076251226061E-002   6.2988894607032524E-012
          27         142   10.196858067739239        9.8069424263518418E-002   5.4463857326691507E-012
          28          34   2.6437530487796987       0.37825015481743995        9.8926699822402199E-012
          28          35   3.9225121122240010       0.25493866465921916        1.0721594712833017E-004
          28          36   5.4387354025843937       0.18386627147274295        9.4219000608140539E-007
          28          37   5.7308756029455044       0.17449340542063571        1.8660997083204652E-008
          28          38   6.5380315524295138       0.15295123493682175        9.9599746775681420E-009
          28          39   5.5397241205897600       0.18051440436956992        2.0490184419788635E-009
          28          40   6.9254221790979784       0.14439552913007361        1.4964160763119864E-008
          29          34   1.4861090570213840       0.67289812633556323        1.0269634125837078E-009
          29          35   2.9925258236485344       0.33416587155153915       0.10772136334557211     
          29          36   4.8277208419206943       0.20713708036236680        2.4235675645938280E-005
          29          37   4.7311918715151435       0.21136323090607492        7.7983768606345105E-008
          29          38   5.0450098396850844       0.19821566890391262        9.9371828360690488E-008
          29          39   4.4341994169526355       0.22551985284577958        4.5979664883937006E-008
          29          40   5.7710895830584192       0.17327750429236011        2.1633528834043892E-007
          30          35   1.3787814811243786       0.72527809061122062        9.1583286323246323E-009
          30          36   3.5167074711413377       0.28435689013264809       0.26482849566422961     
          30          37   3.8832711991063409       0.25751484991059354        3.4936153258478337E-006
          30          38   3.2011510885413310       0.31238762943103388        1.0630100040326636E-006
          30          39   1.8398735975363429       0.54351559875582545        1.0795330491733007E-005
          30          40   2.9650051429346433       0.33726754315516633        8.3071904251476401E-003
          31          34  -1.6380809573678958      -0.61047043829068237        2.7077252880795417E-005
          31          35 -0.31504792944718529       -3.1741202100731161        3.3487727167749295E-002
          31          36   1.7027400497098579       0.58728870573661385        13073457.417060338     
          31          37   3.1588170216773972       0.31657420899580291        2.1044073019895925E-002
          31          38   2.4528972461372653       0.40768116217455264        1.2665326146446679E-005
          31          39   1.1460511420761237       0.87256140959683059        2.6348612187746879E-004
          31          40   3.0416447411003573       0.32876949319144882        2.4347929390590171     
          32          34   1.5399582461645727       0.64936825559433498        1.9934629073104822E-005
          32          35   1.4672420968188602       0.68155078304262695        7.0275292932379704E-002
          32          36   2.9331782280636229       0.34092711804293035       0.12557080147459171     
          32          37   2.5681107758446826       0.38939130251150789        3.0821131636316527E-005
          32          38   3.2400164868819861       0.30864040477841675        1.5189552353782462E-004
          32          39   2.3249133111396523       0.43012356426735271        9.3399246266013310E-006
          32          40   2.2647196472712183       0.44155575777554157        5.0122052230286115E-004
          33          34   3.5018524351322959       0.28556314651283160        6.8665192157710655E-004
          33          35   3.6306031788007149       0.27543632579816302        3.6756649471956953E-006
          33          36   3.9961756689209462       0.25023924943470305        2.3832226087496650E-006
          33          37   2.9848484695390280       0.33502538242902402        7.5365946579829944E-007
          33          38   4.7036715696200284       0.21259987760599150        2.4994390589760102E-005
          33          39   5.4363303994331140       0.18394761291629319        1.0657764877328712E-007
          33          40   5.9205107526670355       0.16890434656326334        1.8760304773722859E-008
          28          41   5.2841741151273105       0.18924433188854287        6.7390693024661172E-009
          28          42   5.7923385358146184       0.17264184298222526        2.6374521018833896E-008
          28          43   7.7370693957222567       0.12924790367692571        8.7632010458610637E-009
          28          44   8.1362001878677006       0.12290749697766171        2.7163898995776080E-010
          28          45   7.7426088242775073       0.12915543361359391        1.4854242335053008E-010
          28          46   6.0601521106455110       0.16501235971344005        2.6931602433579235E-010
          28          47   7.5402590520035471       0.13262143821627542        5.0945720796813633E-009
          29          41   3.9048431356985178       0.25609223347741855        3.7006227368202817E-010
          29          42   4.7124169770290028       0.21220533006195505        9.9464225801407870E-007
          29          43   6.2018001352702452       0.16124350643177002        1.0422825576255875E-007
          29          44   7.1207429313457560       0.14043478463433437        3.8609734838250303E-009
          29          45   6.1601173221572587       0.16233457054512759        7.3554004829222115E-010
          29          46   4.8972767122217054       0.20419511879007929        4.1864143474583039E-009
          29          47   6.4798521553210193       0.15432450865083955        6.5683197701552411E-008
          30          41   2.8632670791686374       0.34925138743618517        2.2810187114575901E-009
          30          42   2.9243074743977111       0.34196130494313343        4.1168751236042513E-005
          30          43   4.5049600822108520       0.22197754957891669        3.1961974557211123E-005
          30          44   5.3257873126079840       0.18776566567588110        1.7890342199284301E-007
          30          45   4.1234392962586988       0.24251599893984746        2.4005136965215920E-008
          30          46   2.2585207320951906       0.44276768673817635        5.1736226338367906E-007
          30          47   3.8496818965528652       0.25976172236345907        7.0961213667598258E-004
          31          41   2.2591637620372271       0.44264166095610458        1.1798094647664419E-006
          31          42   3.0892969735241986       0.32369824221179461        7.0719218886941375E-004
          31          43   4.5293414751667687       0.22078264698803271        1.6542231930773024E-005
          31          44   6.2637441674041821       0.15964892135982933        1.6768308024842360E-007
          31          45   4.4389519491462917       0.22527840162638438        3.4269035137174923E-009
          31          46   3.3784964134765683       0.29598965859814891        2.1357218277753683E-007
          31          47   5.3081101731573685       0.18839096540552402        5.6523424549288920E-006
          32          41   1.2076785615089562       0.82803490255762391        2.4982211047749788E-008
          32          42  0.96551920749482179        1.0357121766584463        1.2986548170901477     
          32          43   2.4139040373239133       0.41426667528532474        19.044913271757373     
          32          44   3.0378017874901833       0.32918540114040656        3.1935226430939746E-004
          32          45   2.1814206295964045       0.45841686212760124        2.0239361765986126E-005
          32          46  0.67642201761831178        1.4783670163798177        1.0765569820775128E-003
          32          47   2.5642836259130206       0.38997246244316952        1362.3766359215717     
          33          41  0.50622052757318148        1.9754236454890415        1.5463838397635328E-004
          33          42  0.72565348721345524        1.3780682069620429        44140.066971162232     
          33          43   1.8433524643976362       0.54248984896481867        586.35221912544603     
          33          44   1.9095667209193441       0.52367900479463680        8.1209980513827652E-003
          33          45   2.4227126289257193       0.41276046860061177        5.3173098045947451E-003
          33          46   2.7746854329935617       0.36040121453375590        3.0569418319067695E-004
          33          47   4.6652016157265006       0.21435300815917094        6.0026768401405937E-005
          28          48   7.9224310440446661       0.12622388184138320        1.1761562063903597E-007
          28          49   8.2793834535777897       0.12078194054025455        2.0446002006129465E-010
          28          50   9.9603232412433762       0.10039834810372751        1.2048529572176582E-010
          28          52   9.1611456188281721       0.10915665372077263        1.3110788752021428E-011
          28          53   6.7858170754337408       0.14736618875569693        3.5769475826147907E-011
          29          48   6.6140504992203599       0.15119328165363666        1.3112461745330731E-009
          29          49   7.3638411152296435       0.13579869314831280        1.7836101499691224E-009
          29          50   8.6205969351691127       0.11600124765378358        4.9165119564389662E-010
          29          51   10.421838146263134        9.5952363293855328E-002   7.4209915451421157E-011
          29          52   7.8255232442374396       0.12778698226171395        7.6133907975317522E-012
          29          53   5.9531961632261083       0.16797699463981514        2.3700056632075716E-010
          30          48   5.4395022114516181       0.18384035176872077        6.3082325466496570E-009
          30          49   5.6342809799174951       0.17748493615500222        1.8629453766043253E-008
          30          50   7.0497070096903478       0.14184986675693409        1.2213721055560388E-008
          30          51   8.6879415588187499       0.11510206338634307        8.2957794845037598E-010
          30          52   6.0822659159536148       0.16441241041057211        6.7593871595831742E-011
          30          53   3.8786107504240910       0.25782427377912542        4.8766902393840940E-009
          31          48   6.3190886225480227       0.15825066868531648        1.0784391628578668E-006
          31          49   7.1632280473842993       0.13960186572102179        3.0835902128107076E-009
          31          50   8.2837217894252237       0.12071868484001637        6.8486454383660535E-010
          31          51   10.586419174689576        9.4460646560343933E-002   1.1973026890390816E-010
          31          52   7.5058799750388498       0.13322888233299043        6.3084255164100091E-012
          31          53   6.0735358909582828       0.16464873476564240        3.9092246443590522E-010
          32          48   3.1396087427813590       0.31851102539423637        4.9614747557749405E-009
          32          49   3.3897023620711551       0.29501115236235259        1.3627106674549365E-005
          32          50   4.9456014890000546       0.20219987441854900        5.4321433368961174E-006
          32          51   6.6605657448373741       0.15013739647793481        5.8382218141904472E-008
          32          52   4.2456032526431926       0.23553778827011881        1.6397459968196151E-009
          32          53   2.4596016569799453       0.40656990011458333        3.6444930375529115E-007
          33          48   1.1737063062413897       0.85200189747837607        2.5499560174876675E-004
          33          49   2.2289141595842632       0.44864895119447751        1.8289286229914370     
          33          50   3.9558239812443023       0.25279183420225149        8.3136147403296281E-004
          33          51   5.7929403719826702       0.17262390699487620        8.5126838722886195E-007
          33          52   4.0017006513991706       0.24989375445920872        8.7522822409837836E-009
          33          53   3.7250059315119346       0.26845594836250697        7.4126729177029244E-007
          29          54   10.654731215549468        9.3855018936620793E-002   1.7514042103305822E-006
          30          54   9.4596969133781013       0.10571163211220637        5.8398276887154325E-012
          30          55   9.8854571764850423       0.10115870031572667        2.4343518531446879E-011
          30          59   10.470159838163157        9.5509525686041097E-002   1.4353205533486071E-011
          32          54   7.5442060792416559       0.13255205246202925        7.2022845005834520E-012
          32          55   8.0852403368737367       0.12368216136252333        3.6774560820377971E-010
          32          56   9.9746346642765573       0.10025429839364730        1.6017502666164256E-010
          32          57   10.763034545783599        9.2910600235111981E-002   1.2886828156740678E-011
          32          58   9.5290455687014362       0.10494230432526667        5.1724130929934889E-012
          32          59   9.0175675811531715       0.11089464991535106        2.2300631817601298E-011
          33          54   6.2594816719394704       0.15975763687956526        4.3235167288681930E-011
          33          55   7.5737167165228385       0.13203556951349890        3.4550118988480420E-009
          33          56   9.3912574174340300       0.10648201359528164        3.5091451262627592E-010
          33          57   10.902590851647229        9.1721317768144434E-002   2.6559816771964598E-011
          33          58   9.4260793597446728       0.10608864638575326        4.4315274196045254E-012
          33          59   10.216807284444709        9.7877935069062116E-002   2.5406036106450848E-011
          28          64   10.763046399710326        9.2910497907628994E-002   9.6633474392247937E-012
          28          65   8.9271847800551445       0.11201739682079515        5.1723447334988337E-012
          29          64   10.004433048145861        9.9955689161749323E-002   4.8790551061893526E-011
          29          65   8.4754758515012316       0.11798747557317074        1.2433695488263378E-011
          30          64   8.8513271299115246       0.11297740839570526        9.0978950622197095E-011
          30          65   6.9903553483192447       0.14305424405076048        5.4051694204325695E-011
          31          65   9.5610391632473100       0.10459114149892888        9.1816127935438664E-010
          32          61   10.870901620278444        9.1988690076507784E-002   2.1421449161969000E-011
          32          62   10.276813369936585        9.7306427975559384E-002   4.5890546256286386E-012
          32          64   8.0500093775897117       0.12422345777433297        9.0075851623570977E-012
          32          65   5.8400176402356827       0.17123235948986679        1.6879259016364794E-010
          33          61   11.052911534012001        9.0473898838582187E-002   7.9421869525845408E-009
          33          62   10.508650336270493        9.5159698724441397E-002   3.7600159306235830E-012
          33          64   8.4117261870918618       0.11888166325890885        6.8920229301956051E-012
          33          65   6.5130415399840755       0.15353809642713334        9.9606684500886493E-011
          28          68   10.907169349007880        9.1682815953614979E-002   2.1453780642923365E-009
          28          70   8.7225838177628052       0.11464492871522593        4.4092562423371026E-012
          28          71   7.8293000943124564       0.12772533789149856        6.4441879165537715E-011
          29          68   10.734887919492298        9.3154209666615181E-002   2.3563225320061805E-010
          29          70   8.5692693900640062       0.11669606292917939        5.3375239884465688E-012
          29          71   7.8929086953582246       0.12669600505933820        7.9723152318702836E-011
          30          68   10.451346926843879        9.5681447281358425E-002   2.1382824213591123E-010
          30          70   8.4226424322685869       0.11872758555780887        7.3594073671175832E-012
          30          71   7.3114632230432797       0.13677152841969245        9.8068525613132984E-011
          31          70   10.888315720725430        9.1841569040521487E-002   5.3562201035439914E-010
          31          71   10.128994754753920        9.8726480190017091E-002   4.5017518254281085E-012
          32          67   10.887330821876700        9.1849877289539847E-002   1.0718002602789573E-011
          32          68   10.199363189946231        9.8045336887868165E-002   4.5066411525893061E-012
          32          70   8.1675110848521513       0.12243631990345834        9.8635518154553485E-012
          32          71   6.5845152690787234       0.15187146800252097        1.4185126797328180E-010
          33          67   11.202093221023231        8.9269030374008712E-002   1.8820203008534496E-009
          33          68   10.392281197125838        9.6225263831060212E-002   3.2012517121370160E-012
          33          70   8.2645154629696602       0.12099922911157256        7.8773354373052473E-012
          33          71   6.8617002908624327       0.14573647312047086        1.2311224591179886E-010
          28          74   10.311022989290457        9.6983587471257696E-002   1.1474375963466286E-009
          28          76   8.6326773488441475       0.11583891759071624        8.6554360338089875E-012
          28          77   8.6741823551216157       0.11528464114079368        7.2973285895940412E-011
          29          74   10.722377151805343        9.3262901112523208E-002   6.8891784968863730E-011
          29          76   9.0007677081009341       0.11110163404172435        5.4127387147118158E-012
          29          77   9.1428545562694108       0.10937503094307488        4.4213548313983842E-011
          30          76   9.7946349353652700       0.10209670973946383        3.6637706542450224E-011
          30          77   9.2800050893226729       0.10775856159287815        1.6034335599936110E-011
          32          76   9.6745331913012667       0.10336416033996733        3.0643011225576215E-011
          32          77   8.6628021198617837       0.11543608940428564        1.8593013553377256E-011
          33          76   9.0411430264958721       0.11060548396031467        6.9985695580833222E-011
          33          77   8.3079290833413566       0.12036693981959354        4.1901535435483941E-011
          33          83   10.590409043129029        9.4425059119769492E-002   1.1561033089943875E-010
          28          86   10.417807114814652        9.5989490780449285E-002   6.2799646335645938E-012
          28          87   10.789925692849170        9.2679044181252529E-002   7.6488169262284524E-012
          28          88   9.6749378426375312       0.10335983716536055        5.0198248833496911E-012
          28          89   9.4690295243168769       0.10560744344834461        1.8583683933993142E-011
          29          88   10.848950434289961        9.2174815071449603E-002   2.4057160456337492E-011
          29          89   11.033256887441693        9.0635069064531892E-002   4.7017259586484787E-012
          28          91   10.176896275278310        9.8261785612298855E-002   3.8411852564740872E-012
          28          92   8.0538575153350802       0.12416410373487903        1.0128049969756586E-011
          28          93   6.7338226648291517       0.14850405925047799        1.6782733901875332E-010
          28          94   7.0322955453522908       0.14220107695287484        1.4380365096164311E-009
          28          95   7.1419486209318901       0.14001780929495383        8.5456408997187422E-010
          28          96   6.6617931768113881       0.15010973373968384        7.0975646040162326E-010
          29          92   9.0441246927496071       0.11056901955384017        1.6361242002120341E-009
          29          93   8.0777777423617732       0.12379642420164198        4.1736066549218303E-011
          29          94   7.8718768103446894       0.12703450829996063        1.6195979516061825E-010
          29          95   8.3203349977400407       0.12018746844587613        2.2078549820253341E-010
          29          96   8.0140975197447837       0.12478011373535743        1.1355866119729244E-010
          30          92   10.632333614294064        9.4052729746516253E-002   1.7809615311487973E-010
          30          93   9.1032406297068356       0.10985099050734468        5.9891731809987867E-012
          30          94   9.4071005441146731       0.10630268012024449        3.8597372369584333E-011
          30          95   9.5632628776952515       0.10456682126059053        2.6027987109234164E-011
          30          96   9.5333354912158264       0.10489508115196582        2.1361752826150809E-011
          32          93   9.8178813137181056       0.10185496932039123        2.2180508198568736E-011
          32          94   9.6638027649699332       0.10347893311987637        1.5584636623777201E-011
          32          95   9.5549597260200674       0.10465768864276842        1.8842274319798582E-011
          32          96   9.6885050240872506       0.10321509846089072        2.1585578023728723E-011
          33          92   10.768374241422849        9.2864528811906127E-002   1.8273796630093344E-011
          33          93   10.263647518972846        9.7431249285544141E-002   5.1417188651169815E-012
          33          94   8.9403271811242053       0.11185272974252096        9.1472230132385588E-012
          33          95   9.1078819571401546       0.10979501103613301        4.7936802496523751E-011
          33          96   9.2587225632168355       0.10800626038551063        3.8362004630935906E-011
          28          97   5.7723655273429078       0.17323920241418123        3.1499028880690560E-011
          28          98   6.6021377089717141       0.15146609235991693        9.1340654682515941E-009
          28          99   8.7811076593541006       0.11388084952298097        1.8226155386687593E-009
          28         100   9.2312673618213914       0.10832748752742151        5.9472800806651001E-011
          28         101   8.5659226879684436       0.11674165602785369        3.2641796992413293E-011
          28         102   6.4558099651816008       0.15489923114114934        8.0097730139996514E-011
          28         103   5.3567283523340983       0.18668111097406459        2.3850701559758129E-009
          29          97   6.7481121132969211       0.14818959483935287        2.2393116239530920E-008
          29          98   7.8462609615542149       0.12744924045986822        1.4019177701945620E-009
          29          99   9.5167273036042292       0.10507813958494684        2.2959214861401612E-010
          29         100   10.319224619209221        9.6906505759987188E-002   2.2649494445370145E-011
          29         101   9.0414031070280174       0.11060230233764105        8.5732447570034554E-012
          29         102   7.2579879280753890       0.13777923164239422        4.1887073897339546E-011
          29         103   5.8894415577046875       0.16979538555600057        5.8494511005020238E-010
          30          97   8.1453442108488616       0.12276952012268437        7.1782836351058918E-009
          30          98   8.5856620803198105       0.11647325397213287        1.4655367471520826E-010
          30          99   10.403485515665992        9.6121631398838336E-002   7.7915617687108779E-011
          30         100   10.608384099550504        9.4265063426801424E-002   7.7761317596106360E-012
          30         101   9.6059751947444028       0.10410187198350435        6.1534571680762857E-012
          30         102   7.4877055542441049       0.13355226013570876        2.0249415087504787E-011
          30         103   5.7538298547530946       0.17379728376464332        4.0246203426793336E-010
          31          97   10.196836196843295        9.8069634609760328E-002   9.4934885122612217E-009
          31          98   11.119831724581637        8.9929418427204047E-002   9.8929246072286078E-012
          31         102   10.261778709212280        9.7448992843927981E-002   3.4972882690257786E-012
          31         103   8.5695439526003909       0.11669232406428749        9.1672330556255984E-012
          32          97   9.0698216131667220       0.11025575172815892        7.9692506392744202E-011
          32          98   9.5076275118911973       0.10517871033013222        4.0338994495998182E-011
          32         101   10.232724054094493        9.7725688166081529E-002   2.2911003351986633E-011
          32         102   7.9406385253189402       0.12593445688422575        9.4845091760272665E-012
          32         103   6.1509036000315138       0.16257773898372860        1.9890463132076593E-010
          33          97   9.4487894696095935       0.10583366294871190        4.2622897118662534E-009
          33          98   10.469510973510129        9.5515445041338784E-002   2.4682886323081126E-011
          33         101   10.851655338546674        9.2151839401667421E-002   7.2076428037602174E-012
          33         102   9.1207435644967916       0.10964018371183884        4.6876816890067550E-012
          33         103   7.6092671198967876       0.13141870093969890        3.7717862052540483E-011
          28         104   8.8875462753776375       0.11251699501924781        3.3173863400834538E-010
          28         105   8.1045918972925328       0.12338684201163365        5.1466841056720540E-011
          28         106   8.2129245064398884       0.12175930744473344        1.5564536791497309E-010
          28         107   8.0830733259382317       0.12371531961624589        1.3271989930194228E-010
          28         108   5.9602933189740952       0.16777697782365569        1.6069108774101112E-010
          28         109   3.5528798296760691       0.28146181349769273        6.2186829984237941E-009
          29         104   9.6419981307724871       0.10371294273626695        3.0898954989554720E-006
          29         105   9.1286512639792292       0.10954520783874205        1.9360006445797147E-011
          29         106   8.5534787608853673       0.11691149624091547        3.7327647234321928E-011
          29         107   8.7375427456199724       0.11444865325566370        8.1507324423631753E-011
          29         108   6.2376786919691920       0.16031604854662801        6.3130358001830065E-011
          29         109   4.3483268970562357       0.22997351019698814        3.6027490430295002E-009
          30         104   10.373505383169411        9.6399429417799234E-002   2.7355444898869555E-007
          30         105   9.2571920480922341       0.10802411733545970        8.0501425939599423E-012
          30         106   8.6259442023161199       0.11592933788413491        3.1561579514893674E-011
          30         107   8.2147889461914172       0.12173167278553458        7.3659756430618047E-011
          30         108   6.3054452111492978       0.15859308367818317        1.3235888269442426E-010
          30         109   4.4234983888172970       0.22606541522158624        3.1646153930531709E-009
          31         106   10.486673979903046        9.5359119766327050E-002   2.2269964868816463E-007
          31         107   10.166724120138385        9.8360099888929464E-002   7.0673535169694602E-012
          31         108   8.1971070750403747       0.12199425856530910        1.0250322896148554E-011
          31         109   6.9227336971096811       0.14445160593386847        1.3582593885861896E-010
          32         105   10.610744334221991        9.4244095277536702E-002   1.0317595715242187E-009
          32         106   9.9332788675171493       0.10067169293616668        6.1370520820454975E-012
          32         107   9.7461118138912290       0.10260502024763252        1.3545607159989670E-011
          32         108   7.6448736360683629       0.13080660944898026        1.7018972554840140E-011
          32         109   5.6435185970623607       0.17719441919098722        3.1366515666560534E-010
          33         108   9.5234474697608782       0.10500399179763720        1.1975964138660543E-008
          33         109   7.9311278440872153       0.12608547228822142        2.2458447209792630E-011
          28         110   9.6340641409669185       0.10379835398310265        2.0178580309423678E-010
          28         111   10.368380040909274        9.6447081998771250E-002   1.9552199153069035E-011
          28         114   10.672070406046993        9.3702530245057369E-002   8.0980252107790976E-012
          28         115   8.4562746188689033       0.11825538373229395        5.7269821878421668E-012
          28         116   9.0267856331035112       0.11078140554626073        9.3489120307526844E-011
          29         110   9.8601951284965708       0.10141787124576657        4.2708317711886044E-011
          29         111   10.898085563273520        9.1759235527567679E-002   1.4800755996522378E-011
          29         112   10.956997626529198        9.1265877212457311E-002   4.4535614916780872E-012
          29         114   10.562332436804208        9.4676058151277512E-002   4.1745647549632915E-012
          29         115   8.6283765093138047       0.11589665783830379        6.4832389094922953E-012
          29         116   9.0560604421499225       0.11042329127416893        7.3410969481823574E-011
          30         110   9.6411980045742318       0.10372154990754817        4.1080740544567955E-011
          30         111   10.143991339081058        9.8580525808156863E-002   1.9379295568419158E-011
          30         112   10.333659755973001        9.6771136617110495E-002   1.0529398831276975E-011
          30         113   10.982287742531177        9.1055709287901229E-002   8.4306317084635422E-012
          30         114   9.9702803837288823       0.10029808205112886        4.0606559420066862E-012
          30         115   7.5684060729115838       0.13212821700716404        1.2954526767541729E-011
          30         116   7.8766987389851764       0.12695674077904859        3.5388072371236728E-010
          31         115   10.078558265901332        9.9220540638564170E-002   2.1916903210596989E-010
          31         116   10.508033580412690        9.5165284003662864E-002   1.1379654652888661E-011
          32         114   10.705708041437516        9.3408114262914677E-002   6.8968787212714015E-012
          32         115   8.1584780074019800       0.12257188155593793        5.5147428691192798E-012
          32         116   8.0469874571766731       0.12427010795302708        1.4374748238703685E-010
          33         115   10.576225965451517        9.4551686326163731E-002   1.6955481224634911E-010
          33         116   10.083551827424927        9.9171404790148590E-002   6.3817731070590389E-012
          28         122   9.3125959452494467       0.10738144400113496        1.1312213551858115E-011
          28         123   8.6924657757634929       0.11504215556283466        2.9380615561897056E-011
          29         122   8.9708929312078745       0.11147162357954442        6.7172906429904153E-011
          29         123   8.1668685936219898       0.12244595202388361        4.6013146541655932E-011
          30         117   10.652373493738139        9.3875792149781187E-002   1.4198523996900620E-010
          30         118   10.385226414624137        9.6290630562645474E-002   5.8553571433168304E-012
          30         121   9.7889046700599085       0.10215647548990585        7.9417896784190077E-012
          30         122   7.1525819500047625       0.13980965293230008        1.6147333814660874E-011
          30         123   6.2068519486934637       0.16111226887093691        6.9719763348207368E-010
          31         122   9.4546289137551547       0.10576829710842915        3.8234320560279448E-009
          31         123   8.5465643340817810       0.11700608114680941        2.4500568358589682E-011
          32         118   10.880206046960504        9.1910024101001297E-002   8.2302157399165983E-011
          32         121   9.7000982113268091       0.10309173971375873        4.5421824280734083E-012
          32         122   7.1658688091904441       0.13955041972265383        1.8013430817565685E-011
          32         123   5.7457494827123252       0.17404169865198202        6.8184204430192409E-010
          33         122   9.6156602182027413       0.10399701916535790        9.6549443172151918E-009
          33         123   7.8358908152010871       0.12761790887387928        2.0006020530104250E-011
          28         129   9.9892941543457852       0.10010717319451001        2.3326495777240504E-010
          29         129   9.2105401979219117       0.10857126493249773        1.2661710787919706E-011
          30         128   9.6828258777198499       0.10327563591750592        3.3534264490895057E-011
          30         129   6.7697963519768187       0.14771493084987622        1.8402827141641112E-011
          31         129   8.5561665459968577       0.11687477033366846        1.3489714524313892E-009
          32         128   8.9234457866313655       0.11206433298425449        8.1200603793452912E-011
          32         129   6.2080280001865784       0.16108174769346170        4.9036440670630497E-011
          33         128   10.204910738278572        9.7992037916510594E-002   3.8147493550937245E-009
          33         129   8.6443137365408447       0.11568298311210595        9.7994000840740320E-012
          28         135   9.7118128188836916       0.10296738813330458        7.1803194079379582E-011
          29         134   10.739324306086761        9.3115727907874687E-002   1.7754415202811095E-011
          29         135   8.6992464303941457       0.11495248559761652        5.3111250162716319E-012
          30         132   10.610833822886358        9.4243300450442838E-002   6.6547295385759053E-011
          30         134   8.3658273075439649       0.11953390420792459        6.1364310136591702E-012
          30         135   5.9093151710046605       0.16922434682562160        1.0636610803741345E-010
          31         134   8.9471279054468305       0.11176771032760359        6.8938871629691357E-009
          31         135   6.8540370402224582       0.14589941579416144        4.7501383828029928E-011
          32         131   10.526776449026810        9.4995842729466248E-002   1.1629275198561228E-009
          32         132   9.6448536085954402       0.10368223724088518        6.7509549655661671E-012
          32         133   10.583076664407960        9.4490480576703090E-002   1.9291337111560520E-011
          32         134   7.3534497840964619       0.13599059344400932        6.3323761818898571E-012
          32         135   5.3009584921309649       0.18864512926944346        5.0005346481943575E-010
          33         134   8.7632081168592553       0.11411346012382520        2.5389676639843557E-008
          33         135   8.0749059259489009       0.12384045203380963        6.0947023812354525E-011
          28         141   10.949118830985720        9.1331550550901516E-002   1.6265235507106350E-010
          28         142   9.1227072913741427       0.10961658289152136        4.2107550929898678E-012
          29         140   10.680255481428109        9.3630719015935476E-002   3.7620548897080768E-011
          29         141   9.9195673520897820       0.10081084834706297        5.6745354642725822E-012
          29         142   8.1530459113552372       0.12265354701452617        1.3772007368296479E-011
          30         137   10.858503760473326        9.2093719545427472E-002   1.4490099173721877E-010
          30         138   10.007103983336457        9.9929010597388762E-002   4.6523264365145870E-012
          30         139   10.511239919455541        9.5136254872184273E-002   1.2393930672199036E-011
          30         140   8.2741831907463386       0.12085785109500327        6.8716752223357253E-012
          30         141   7.1113341018957712       0.14062059040840388        1.2139713277470669E-010
          30         142   5.4396391310104679       0.18383572437722351        7.4730350183348571E-010
          31         137   11.081296741092048        9.0242146146286784E-002   1.8623827546865828E-008
          31         138   9.5647076636394939       0.10455102603935594        3.6460531502859941E-012
          31         139   10.055518884319264        9.9447876484963491E-002   2.1323063678644453E-011
          31         140   7.7188033945450254       0.12955375968077026        1.1696506906648623E-011
          31         141   7.2094845974982498       0.13870617052805803        2.7945395668408249E-010
          31         142   5.2348699606719773       0.19102671270016311        6.3395640364059800E-010
          32         137   10.056992174715043        9.9433307954058761E-002   2.9514758828426779E-008
          32         138   9.0548608954672520       0.11043791964828385        1.1675961829126174E-011
          32         139   9.6855814271809439       0.10324625398261268        4.1146094418935569E-011
          32         140   7.6066817824906359       0.13146336715462975        1.8340098070434183E-011
          32         141   6.8021979673810780       0.14701130499220255        3.3309417070049165E-010
          32         142   5.4983022744227341       0.18187432230705974        1.2738515095402925E-009
          33         138   10.494452805150042        9.5288436526129366E-002   1.6374448060656425E-008
          33         140   9.4217713309705111       0.10613715456167760        7.0047465704488959E-012
          33         141   9.8320892462716536       0.10170778305121690        2.5545787665323157E-011
          33         142   8.8273947121129730       0.11328370743723486        1.5316525875883145E-011
          34          41   2.6503274485404624       0.37731186784134951        5.5836663319659667E-011
          34          42   2.6477386380633217       0.37768078224346424        1.0406761457690769E-004
          34          43   4.6752010351345756       0.21389454538637076        1.0529521994592141E-004
          34          44   6.1782508320437834       0.16185810954994798        1.1463217378608139E-007
          34          45   4.9140236145076468       0.20349922557305283        4.0413231349422986E-009
          34          46   3.8551058932789264       0.25939624686922902        6.3046813729542177E-008
          34          47   5.9713842167048092       0.16746535873583937        1.1600434876075456E-006
          35          41   1.5009398017655409       0.66624923852622853        6.0814875554345616E-009
          35          42   2.5785460300157728       0.38781545427516884        9.5620436311209644E-002
          35          43   3.3585502648279846       0.29774751638300018        1.4468094987830091E-004
          35          44   5.4785435505922440       0.18253026388590041        6.0685898140677206E-006
          35          45   3.6967226791667640       0.27050987774538676        1.7097341761874330E-008
          35          46   3.3752936012719439       0.29627052284374922        1.9191439463738718E-006
          35          47   5.6302133400463603       0.17761316305498395        5.7170414362071000E-006
          36          42   1.3707733119035383       0.72951522422867998        1.2320030858063139E-008
          36          43   3.0762993922197515       0.32506589005253955       0.28400260801441135     
          36          44   4.3610693694048486       0.22930155778202380        1.7400703898477784E-005
          36          45   3.0874507405695599       0.32389180719868721        2.6411561298514059E-007
          36          46   3.2047102900731073       0.31204068682825853        1.6661326143275261E-005
          36          47   5.5698279662327153       0.17953875883825074        1.0652332520500368E-005
          37          41  -1.6369566031876257      -0.61088974384092543        1.4021957151980514E-008
          37          42 -0.28610803659748507       -3.4951831898621686        3.3764787395630456E-002
          37          43   1.3025467597818254       0.76772675720869976        41547924.000131980     
          37          44   3.4396584167981650       0.29072654282074278       0.52407101239940523     
          37          45   1.9521987534019729       0.51224292519261339        4.5574951989073473E-006
          37          46   3.0868504541708810       0.32395479303146130        4.0796381057683576E-003
          37          47   5.5509026044795053       0.18015088198323154        1.6700248424122551E-005
          38          41   1.6791149306949622       0.59555184801204408        1.4606518907528781E-008
          38          42   1.6459039002006568       0.60756888654197072        2.4885417560621775E-002
          38          43   2.4863972142800561       0.40218835279283927        3.1626877812498885E-002
          38          44   4.8356948990176463       0.20679551147925945        2.2390504877250979E-004
          38          45   2.6366427613708652       0.37927018959522285        7.6454545403334255E-008
          38          46   1.9901933202581459       0.50246375054172676        1.1073744989091424E-004
          38          47   4.1187580977271256       0.24279163191250169        3.2371799492791854E-003
          39          41   3.0976743038944639       0.32282283477729667        5.2446267237294292E-007
          39          42   3.1527733454197704       0.31718106265163720        1.6013304976130227E-005
          39          43   3.3946643791844044       0.29457993141585859        1.2959761539135355E-005
          39          44   5.9006781883830044       0.16947204508945363        5.3376229711584874E-006
          39          45   2.6636961502466514       0.37541819471691718        7.0159559979822358E-009
          39          46   2.4218356736579141       0.41290993062696568        9.7970159830526878E-005
          39          47   3.4266676471422333       0.29182871027307783        3.0702514716488829E-004
          40          41   4.0859550893681202       0.24474082023124899        4.7692073276155321E-006
          40          42   3.5975200392388094       0.27796926468589944        5.7728057954844179E-007
          40          43   2.9279753274002331       0.34153293254964207        2.6599370077707477E-006
          40          44   5.2898742440584439       0.18904041076651193        3.1484808722318102E-005
          40          45   1.4324496474928612       0.69810481768084875        2.6035495093156737E-008
          40          46   1.0571322983594067       0.94595539418474683       0.16747794928336773     
          40          47   2.1876649130459063       0.45710839627979893        6.4173822639996230     
          34          48   6.7750154060214687       0.14760114037692437        1.0402563992852392E-003
          34          49   7.4144177687694608       0.13487235696538930        1.3365541775710992E-009
          34          50   9.0686613698572813       0.11026985783412679        4.5288233198162720E-010
          34          52   8.5019722044163899       0.11761976820866872        4.0400969679958330E-011
          34          53   6.9259255569502240       0.14438503443001804        8.7634243812202477E-011
          35          48   5.8603642934731361       0.17063785627008377        1.0260680913107249E-009
          35          49   6.9479787637253043       0.14392674963557733        7.6175383621033911E-009
          35          50   8.1648011492173609       0.12247695708986804        9.8766172671098981E-010
          35          51   10.687059354534789        9.3571109397429783E-002   1.4241727364017558E-010
          35          52   7.7320922260268645       0.12933110091909109        5.6313349014650645E-012
          35          53   6.8914350019107520       0.14510765895967026        2.7374469197775171E-010
          36          48   5.4501956593501273       0.18347965146617112        1.0894167306674318E-009
          36          49   6.3095383989779101       0.15849019956229940        1.8195537565450861E-008
          36          50   7.9129946277164063       0.12637440653597257        3.1400673268505332E-009
          36          51   10.183106324074426        9.8201861806730475E-002   2.0740516265338704E-010
          36          52   7.8228987139364428       0.12782985394128990        1.0054180384184298E-011
          36          53   7.1960288067018681       0.13896553597293432        2.3795647418910279E-010
          37          48   3.3609560520356316       0.29753438739382787        6.4832877039987759E-010
          37          49   4.8309255719642081       0.20699967016743120        6.0166674644051529E-006
          37          50   6.2640945533446839       0.15963999130026776        7.7365235961130744E-008
          37          51   8.8522702749338045       0.11296537147443544        3.4246039900426880E-009
          37          52   6.5693111412239169       0.15222296196701254        5.3982628905587585E-011
          37          53   6.7315226326480104       0.14855480023939627        1.9349601787380496E-009
          38          48   5.3383756082093843       0.18732289995896773        1.4439437965826297E-009
          38          49   5.9144760325495778       0.16907668481478752        2.3334606578295559E-008
          38          50   7.0902641988367439       0.14103846795498309        6.8220468615742890E-009
          38          51   9.4779576345973133       0.10550796263845999        7.7439224289335609E-010
          38          52   6.7908314322854650       0.14725737341170439        2.3786626624615981E-011
          38          53   6.3371794624354880       0.15779890816216252        1.2996745383973298E-009
          39          48   5.7662079776176203       0.17342419903715689        2.9795998251264841E-009
          39          49   6.3709330458970612       0.15696288013009477        9.2518031034752050E-009
          39          50   6.8438368926354709       0.14611686626782147        2.7955902771016889E-009
          39          51   9.5353277064077115       0.10487316543174525        1.1838977800659210E-009
          39          52   5.9954412834332658       0.16679339396805065        2.2124961996529821E-011
          39          53   5.7824537631466528       0.17293696429936128        5.7950363478875618E-009
          40          48   5.1509644973710849       0.19413839883974610        8.9446630943649216E-009
          40          49   5.4031635044480897       0.18507676089697489        3.5830043416447654E-008
          40          50   5.3466720038731452       0.18703223225131391        2.0189831507250822E-008
          40          51   8.0328122001984550       0.12448940359582843        2.2903797746069015E-008
          40          52   4.2809049486095425       0.23359546918340351        1.7318036431240915E-010
          40          53   4.3728477596659658       0.22868392749085512        3.2997648529268520E-007
          37          54   9.8032877605300985       0.10200659456577316        2.5570411719332780E-007
          37          55   10.966249654595380        9.1188877829436646E-002   1.5865326076949878E-011
          37          59   11.389607013342610        8.7799341876197090E-002   4.1324962558037604E-012
          38          54   10.852091435215444        9.2148136234363312E-002   2.6230413659243679E-012
          38          59   10.178674416649464        9.8244619983549109E-002   4.6854216668381618E-012
          39          54   10.360823940312130        9.6517420406033269E-002   1.0106838785676864E-011
          39          55   10.945603783692242        9.1360880565573843E-002   8.1691803966472992E-012
          39          58   10.765333874011860        9.2890755800343353E-002   4.2270105767230884E-012
          39          59   9.8799610862221883       0.10121497354827853        5.1591715741449164E-012
          40          54   8.8573796087471113       0.11290020798165287        1.4449313184007394E-011
          40          55   9.2393935194956160       0.10823221219985342        5.3610136950612792E-011
          40          56   9.9463104930761528       0.10053979319227187        3.2298952367579467E-011
          40          57   11.171778546538869        8.9511262314612400E-002   1.3334166192909020E-011
          40          58   8.6303509382885331       0.11587014330593466        3.3070609083267066E-012
          40          59   7.5367064558273507       0.13268395231537830        7.3209685657106324E-011
          34          65   10.520560550005959        9.5051969450376250E-002   3.7216095521717487E-010
          35          65   10.714576233882353        9.3330802653466854E-002   6.7989750909516568E-012
          37          65   10.565882797070202        9.4644244991747256E-002   5.4602185090464623E-012
          38          65   10.526539252772130        9.4997983286544366E-002   6.4571451029620322E-012
          39          64   10.765026440412564        9.2893408626098600E-002   6.7527806364685427E-012
          39          65   9.9351141386915494       0.10065309628457873        5.1609399137041334E-012
          40          64   9.1880098903756533       0.10883749712192733        1.3515610982612024E-011
          40          65   8.5546974146268830       0.11689484169132539        3.4534451672884558E-011
          40          71   11.177278351682347        8.9467218095135401E-002   8.1368100677401702E-011
          34         103   9.6744345083141461       0.10336521469452364        3.2875867055436007E-012
          35         103   10.745135756538966        9.3065366753644671E-002   1.8595289552524412E-011
          39         103   11.264841785972852        8.8771774961386038E-002   5.2767574373823800E-012
          40         103   10.996747192595290        9.0935981566744983E-002   2.9937039850564830E-012
          34         108   9.7089393462805873       0.10299786251966767        3.9970457613753100E-012
          34         109   8.0051299753700125       0.12491989550160652        1.7817573433090644E-011
          35         108   10.634168544881531        9.4036500905500781E-002   1.8050505143218644E-010
          35         109   9.3683652708407159       0.10674220860202008        5.9767837288625195E-012
          39         108   10.347110504153862        9.6645338773423614E-002   2.7349174833055585E-011
          39         109   10.089138908079619        9.9116486462405284E-002   8.3000549191196796E-012
          40         108   10.304302512290700        9.7046840269608386E-002   1.1237269467493744E-011
          40         109   10.266496806101621        9.7404208941620316E-002   8.7234205714995941E-012
          39         115   11.385736767102792        8.7829186679366678E-002   9.1168056446093424E-012
          39         116   11.544202633634040        8.6623566108108632E-002   2.6337609009085379E-012
          40         115   10.562073685770709        9.4678377537472228E-002   2.2312216633218758E-012
          40         116   10.480070339379981        9.5419206896197387E-002   6.4851450929201156E-012
          34         122   10.600724702862253        9.4333173252767757E-002   7.1209779784666019E-012
          34         123   9.6353250504205992       0.10378477059851221        6.2070227741354589E-012
          35         122   11.072083943716109        9.0317234324035600E-002   1.9521517282731023E-011
          35         123   9.9165731447185816       0.10084128714691980        3.6826256684221789E-012
          36         123   10.635444677116835        9.4025217596363841E-002   1.3821990112229380E-011
          37         123   10.742986612554848        9.3083984562667588E-002   5.9681836541066365E-012
          38         122   10.896386533270814        9.1773543178430714E-002   5.2894388243811908E-012
          38         123   9.5198892382388820       0.10504323894686338        4.4619017543398564E-012
          39         121   10.989704040702142        9.0994261200878446E-002   2.2559385574249255E-011
          39         122   9.3965775720465317       0.10642172560516674        4.0278941746102288E-012
          39         123   8.2702467492656844       0.12091537656827350        2.6379925981830910E-011
          40         117   10.673104321556705        9.3693453176530647E-002   1.2209233675453484E-010
          40         118   10.592926219676690        9.4402621075795751E-002   5.7203283839139192E-012
          40         119   10.730995134961045        9.3188002363550612E-002   6.2620804693465026E-012
          40         120   10.769644862311178        9.2853572497969897E-002   5.3608053370972089E-012
          40         121   9.3607895771689353       0.10682859514746604        5.1344440428520052E-012
          40         122   7.9628641558977025       0.12558295362345834        2.7615964754655524E-011
          40         123   6.6845561997470915       0.14959856273447664        1.9234386152310944E-010
          34         129   9.4710582260605349       0.10558482232200865        1.5705040687386003E-009
          35         129   9.4636110271384464       0.10566791018062102        2.3995396696133851E-011
          36         129   9.8009238866466184       0.10203119742236356        2.4222972345864294E-011
          37         129   10.145117033214857        9.8569587391256819E-002   1.5911305521877865E-011
          38         128   10.634390762857194        9.4034535903336047E-002   1.0515387379335265E-011
          38         129   8.2219423473175137       0.12162576162143236        5.9752851988437143E-012
          39         125   11.131570611554022        8.9834582638504690E-002   1.3098358930206224E-010
          39         126   10.612174828945967        9.4231391408326703E-002   3.4532869428233099E-012
          39         127   10.693069967169478        9.3518512744259749E-002   6.1271323266209110E-012
          39         128   8.7838968414737320       0.11384468853031560        5.5934673937559788E-012
          39         129   6.9643348044845590       0.14358873145444814        5.9246580828052725E-011
          40         124   9.7304431605613519       0.10277024216667946        9.6018367442162003E-010
          40         125   9.1104134730623940       0.10976450223217563        1.7350762764487997E-011
          40         126   8.3798280081052017       0.11933419146941587        3.8234283870535065E-011
          40         127   8.3693455787927711       0.11948365503438133        1.0425304594457676E-010
          40         128   6.5430335629128109       0.15283430695941938        1.0583078188394546E-010
          40         129   4.9279371454702501       0.20292466613929888        2.0303001020942161E-009
          34         134   9.8136702581174990       0.10189867538832759        6.0943598537675912E-008
          34         135   7.4237988606900434       0.13470192535726241        1.5665074881682356E-011
          35         134   8.8836532474294732       0.11256630264011652        4.4606243733809724E-010
          35         135   7.0964614617098078       0.14091530058969162        5.1738142247042660E-011
          36         132   10.941501430579191        9.1395134967967986E-002   7.6631588756707052E-010
          36         133   10.858968268355646        9.2089780104995939E-002   4.2460681005799942E-012
          36         134   8.7308416453901430       0.11453649494696733        4.6499388793646331E-012
          36         135   6.9702750640283906       0.14346636120010756        6.3714264939475484E-011
          37         132   10.889069178427508        9.1835214159637663E-002   9.5041003227793232E-010
          37         133   11.398223828173789        8.7732967440789317E-002   4.4980153197731091E-012
          37         134   8.6598061201583967       0.11547602638264481        2.5993444942668535E-012
          37         135   7.6830406588004081       0.13015680176761357        7.0276801257710120E-011
          38         131   10.155234367540512        9.8471385672430245E-002   2.9546934889119940E-010
          38         132   8.8157467203436877       0.11343338593114825        1.0390360223223057E-011
          38         133   8.6002912267931322       0.11627513227512866        5.6728429703970250E-011
          38         134   6.6675394538759498       0.14998036485838620        7.6339993718692470E-011
          38         135   5.0043428699668659       0.19982643595454144        1.6192834692633936E-009
          39         130   9.7717484163777133       0.10233583156152209        5.0669348820831909E-008
          39         131   8.8610235028813769       0.11285378034205933        1.6490836578256589E-011
          39         132   7.4861649703842428       0.13357974396183697        5.3346183103919232E-011
          39         133   7.9311961159422690       0.12608438694258597        4.0345703575385730E-010
          39         134   5.3036736402693148       0.18854855479931473        2.0176496037842146E-010
          39         135   3.8983799994391699       0.25651680958343270        2.5234140006064780E-008
          40         130   7.4754989658491979       0.13377033487240975        1.0146119430880940E-006
          40         131   6.5085543803545924       0.15364394941807630        4.1041930828951451E-010
          40         132   5.0312727399622919       0.19875686564499279        2.1631944456176708E-009
          40         133   5.6022236168605470       0.17850055056538319        4.7508977739889673E-008
          40         134   2.8274502702931512       0.35367553958652637        1.3079306972180804E-008
          40         135   1.5947376259118577       0.62706239807203912        4.7881782596001489E-005
          34         138   9.8245578952818597       0.10178575063212152        4.6199696331490611E-002
          34         139   9.6471316766564552       0.10365775377770985        1.5458018331123450E-011
          34         140   8.0080229013772293       0.12487476775672293        1.9236742711784344E-011
          34         141   7.3723228167306214       0.13564245962352833        1.7972410740030646E-010
          34         142   5.3275471897377216       0.18770364004025475        4.8490636923528341E-010
          35         137   10.439427267520566        9.5790695636266132E-002   2.3910152718428801E-008
          35         138   8.5592561881665592       0.11683258194590920        7.4608780028011426E-012
          35         139   8.7272187455240697       0.11458404208246416        8.0849568629623535E-011
          35         140   6.8606473563963934       0.14575883995373543        6.4032384381142315E-011
          35         141   6.9105303924079831       0.14470669300559269        1.1495526100803468E-009
          35         142   5.0185036741039948       0.19926258202422065        1.0538369866938635E-009
          36         136   10.843951663893279        9.2217305184941437E-002   4.8980031010689264E-008
          36         137   9.3780778140957146       0.10663165947471138        4.7278004328867442E-012
          36         138   7.5667007396232044       0.13215799519643703        2.7011209390548960E-011
          36         139   7.0711815990886908       0.14141908052946575        3.5483897468004206E-010
          36         140   6.1442766622366900       0.16275308795030266        7.9984553350038229E-010
          36         141   6.4072137425514555       0.15607408152451988        4.3177834804077936E-009
          36         142   4.8055890930910508       0.20809103330072276        2.6114364831686881E-009
          37         137   10.197353659307280        9.8064658087766210E-002   8.2404402355889989E-008
          37         138   7.9260960083339942       0.12616551691381700        9.8869021169221130E-012
          37         139   8.1051365647736056       0.12337855038077723        2.0332841238974918E-010
          37         140   6.8641433624561490       0.14568460289882071        1.5551990133876702E-010
          37         141   7.7306293929036407       0.12935557367656941        1.1425464552152353E-009
          37         142   6.5236237466257148       0.15328903671325939        2.7436693340603811E-010
          38         136   8.5316339716734486       0.11721084182938214        2.1039874928588719E-009
          38         137   7.0543438068480580       0.14175662930253588        8.4047235799722439E-011
          38         138   5.2639207142548461       0.18997246620602998        8.2305820522904116E-010
          38         139   4.8401649871481478       0.20660452746037600        2.7618363534166885E-008
          38         140   3.8106129080885838       0.26242497575058166        7.5611529671471156E-008
          38         141   4.1830339622362498       0.23906093257378194        1.3334354655590672E-006
          38         142   2.7745261283771034       0.36042190764479393        4.3552523644038054E-007
          39         136   7.5132417807879861       0.13309833879658806        6.0068140057254641E-005
          39         137   6.5787635518977474       0.15200424701561654        3.8635063807471869E-010
          39         138   4.8950785786479738       0.20428681254718511        1.9018605990146799E-009
          39         139   5.3163397311857779       0.18809934100598871        6.6038013407242436E-008
          39         140   3.0513331286390137       0.32772560642896109        2.4522079799223746E-008
          39         141   3.3743456328205710       0.29635375530991864        1.9188212621015890E-005
          39         142   1.6527008575725253       0.60507017674619745        5.7363445806036160E-006
          40         136   5.3464230401841988       0.18704094166958163        3.0100865533715385E-002
          40         137   4.5111359109489726       0.22167365819613219        2.2916599594150262E-008
          40         138   3.0564967703886898       0.32717194720700837        1.7598638606912069E-007
          40         139   4.0525654444784731       0.24675727355926527        1.8802808295205677E-005
          40         140   1.3709020544789317       0.72944671483484758        6.3701486888261832E-007
          40         141   1.6223579499278387       0.61638678446053119       0.28368272216081541     
          40         142  0.72538941376762311        1.3785698840103942        3.7596709587211674E-002
          41          48   2.7976015907134615       0.35744903896232555        588.91884805409904     
          41          49   3.2194773356524911       0.31060942374900430        5.4385060766159318E-005
          41          50   5.2588265995211287       0.19015648853891864        1.0080580629739718E-005
          41          51   7.3072098238247971       0.13685114073767929        2.7941119419809619E-008
          41          52   5.7127815274513409       0.17504607785099963        5.3937532588267307E-010
          41          53   5.5101811064299948       0.18148223818506984        1.0345193634634734E-008
          42          48   1.6024970891284411       0.62402609451470237        1.5955834880964307E-008
          42          49   3.0176625669852553       0.33138231256884138        4.3585599235652847E-002
          42          50   3.7547834914973608       0.26632694062506718        2.1921077899148204E-005
          42          51   6.2984918548231370       0.15876816594344556        1.5918099534077874E-006
          42          52   4.1946077392392613       0.23840131477499280        3.2067946339789158E-009
          42          53   4.6191720537045615       0.21648901326331915        4.2132164128130641E-007
          43          49   1.4283165775736046       0.70012489927042632        1.3247695724368006E-007
          43          50   2.7978076192947805       0.35742271666700998       0.17338690377183030     
          43          51   4.3715786444373812       0.22875031683862093        5.4337021695301200E-005
          43          52   2.6984719152953085       0.37058010288410376        2.5659634403696026E-007
          43          53   3.5185476325164071       0.28420817463392317        8.3848477970938776E-005
          44          48  -1.6296318319591683      -0.61363553435120666        3.4717528186298462E-006
          44          49 -0.23574656928598348       -4.2418432769933672        3.5631657245513738E-002
          44          50   1.2426689172472969       0.80471957262369942        424194894.01161355     
          44          51   3.6354199555618600       0.27507138438575479       0.92181715678061904     
          44          52   1.7898142457249868       0.55871719782570928        2.3456054994319154E-006
          44          53   3.4195080846650536       0.29243972385517891        1.1566833591614879E-002
          45          48   1.5705962286837511       0.63670087940937992        4.8904226548689110E-006
          45          49   1.4711460473067346       0.67974216552511968        5.5479866776589976E-002
          45          50   2.0460697691778948       0.48874188703828864       0.12162995389510727     
          45          51   4.4898920535108235       0.22272250381121314        2.3220135448434056E-003
          45          52   1.9734188038103930       0.50673480868285092        1.8624268141747262E-007
          45          53   1.9323058749627924       0.51751641029361128        3.5832645089316465E-003
          46          48   2.9113076303156067       0.34348826265797022        4.6131706616341726E-003
          46          49   2.9084404405381608       0.34382687919679933        3.3717303052332275E-005
          46          50   2.9442821998602318       0.33964135640512688        3.4118341891389590E-005
          46          51   5.5229040694734657       0.18106416251682902        2.9454849805112076E-005
          46          52   1.8871598513833812       0.52989681783816600        1.5520296568711428E-008
          46          53   1.9987619717751866       0.50030969876410891        6.1264056668502327E-003
          47          48   4.1295675492734523       0.24215610667900031        3.0745182611348560E-003
          47          49   3.6027959116936112       0.27756221126883579        5.0822394080413928E-007
          47          50   2.6882581195709054       0.37198808876270334        2.6135696482904902E-006
          47          51   4.9503635951043847       0.20200536400779542        8.7752281863634520E-005
          47          52  0.89622950097191190        1.1157856318226020        5.7711828469800702E-008
          47          53   1.0025863344349117       0.99742033743521008        46.545659532088699     
          41          54   8.6021567201808740       0.11624991644874071        12.118493773166380     
          41          55   9.4728478800883078       0.10556487475133801        7.6141566250718541E-011
          41          59   10.499702129652526        9.5240797086602089E-002   2.3941053337017516E-011
          42          54   7.2455208416506878       0.13801630301737952        6.9628376692792796E-012
          42          55   8.4415256093237634       0.11846199920254798        5.9713797720785253E-010
          42          56   10.012542131961638        9.9874735788410801E-002   9.5468193549981628E-011
          42          58   9.6859705172852095       0.10324210653082606        1.2313392810218889E-011
          42          59   9.3056499221112468       0.10746159681161981        1.8331259256479139E-011
          43          54   5.8664577736896035       0.17046061500431936        2.9644865787423861E-011
          43          55   6.5367722287235583       0.15298070133235633        7.5231310131423425E-009
          43          56   8.3214234973074444       0.12017174709634344        2.0537604399542644E-009
          43          57   9.9727728815722188       0.10027301452415598        1.1338053831188335E-010
          43          58   7.9014763369928200       0.12655862744513194        1.2915727389838291E-011
          43          59   6.9648479061220918       0.14357815324595982        2.1106250437436955E-010
          44          54   3.9334770435162927       0.25422799953754399        9.5933517536304050E-010
          44          55   5.2643263703453531       0.18995782739328859        9.1115145769854081E-007
          44          56   6.8979414569908570       0.14497078675356542        2.7592835913978528E-008
          44          57   9.1047830756766572       0.10983238059471077        1.0771494471179334E-009
          44          58   6.9140156679381768       0.14463374803115095        3.8518979831505538E-011
          44          59   7.0104662700387497       0.14264386439940357        1.0474799060683582E-009
          45          54   5.1833668662424675       0.19292479691388720        8.8704808743966427E-010
          45          55   5.5251412063024041       0.18099084940296595        3.3232777053931238E-008
          45          56   7.0418848481588512       0.14200743431092272        1.5445054019536799E-008
          45          57   8.4758308741341946       0.11798253349435195        8.4070375012477684E-010
          45          58   6.2901077253836366       0.15897978916394623        9.0933231710987392E-011
          45          59   5.0637014583982207       0.19748399628526397        3.2584646462846357E-009
          46          54   5.5403333504980488       0.18049455452172475        4.3983815141676183E-008
          46          55   6.0755144308582025       0.16459511558739628        1.4944426710196275E-008
          46          56   7.0975248093800314       0.14089418872878162        4.9421205184195793E-009
          46          57   8.4634112707353779       0.11815566655230154        7.6493931341760007E-010
          46          58   6.1558023048563388       0.16244836180185573        9.2547494814476948E-011
          46          59   5.7517895030884985       0.17385893546052703        4.2217649126972878E-009
          47          54   5.5272759411453958       0.18092094743378670        9.5339793364003157E-009
          47          55   4.9050292462054372       0.20387238277398786        1.5373623937465485E-008
          47          56   5.4898008760473882       0.18215596932907188        6.4448200937207274E-008
          47          57   6.5742072625698853       0.15210959436789886        1.6681338950206395E-008
          47          58   4.2226976011409914       0.23681544227315629        1.9177381656476320E-009
          47          59   3.6337136767110660       0.27520054934683691        3.8889309729507356E-007
          41          65   9.1191239771392283       0.10965965618045158        2.3588567678144361E-006
          42          64   10.467983584452949        9.5529381750770054E-002   3.7798326464666212E-011
          42          65   8.3172863174428020       0.12023152285894323        7.2202729883590747E-012
          43          64   9.6794118660123694       0.10331206212139110        1.1405916510363178E-010
          43          65   7.2292322239247255       0.13832727584688148        1.8480868440538769E-011
          44          60   9.7370675546129579       0.10270032475293321        6.1348493682235323E-010
          44          61   10.156229170815672        9.8461740394115926E-002   1.7209641195838077E-011
          44          62   10.326673654411204        9.6836603292177637E-002   1.0378153963325576E-011
          44          64   8.7486264358165275       0.11430365753257447        8.4993278538619345E-012
          44          65   6.4531322788506777       0.15496350559516239        6.2177254453425842E-011
          45          60   9.7348886417036535       0.10272331166851387        2.3969733337722414E-009
          45          61   9.6145619834058582       0.10400889834876913        1.7255921547338960E-011
          45          62   9.7172359096138621       0.10290992307911741        2.0033460303063374E-011
          45          64   8.0489794173614566       0.12423935360587751        1.7635876788887967E-011
          45          65   5.8971017691983665       0.16957482491199008        1.6905196027949755E-010
          46          60   9.2433044562278823       0.10818641804297896        7.0671863140925027E-009
          46          61   9.2312884419915271       0.10832724015546669        3.2135341248752963E-011
          46          62   8.4780218435609953       0.11795204334835416        3.2640902530935228E-011
          46          63   10.606560764749691        9.4281268186709857E-002   9.0651634426885016E-011
          46          64   6.5876399918435702       0.15179943063648613        6.1661629946962453E-012
          46          65   5.4904008869757215       0.18213606266387411        1.8713357935356362E-009
          47          60   7.4275593534258135       0.13463372723353195        1.6659476127292518E-008
          47          61   7.4074306966553198       0.13499957555479128        4.4335993208088611E-010
          47          62   6.5396270900041724       0.15291391790955500        4.5803519456490248E-010
          47          63   8.8704625421308982       0.11273369288810231        2.0430274536562104E-009
          47          64   4.8138981914717967       0.20773185477241282        5.2668969025318348E-011
          47          65   4.2170189160484188       0.23713434061070221        8.0713689289745210E-008
          41          71   10.311722270557119        9.6977010606199371E-002   3.9522410412181776E-007
          42          71   9.9008912338186281       0.10100100853388677        8.6483951219499207E-012
          43          71   9.5243927231295906       0.10499357062120525        1.4087000753347095E-011
          44          70   10.650736773282087        9.3890218234343251E-002   2.2431714999753140E-011
          44          71   8.5544947439110235       0.11689761113147995        5.8661639303138926E-012
          45          70   10.623315253389022        9.4132573132571090E-002   8.1391236697542559E-011
          45          71   8.6852267054270929       0.11513804232365463        6.0504709139247518E-012
          46          67   10.920788782336356        9.1568477326237921E-002   6.7847852209833082E-011
          46          68   10.434725250144020        9.5833860118760480E-002   4.3437209996254186E-012
          46          70   8.8783634314801549       0.11263337074649186        7.5013217158693312E-012
          46          71   8.1193050337923616       0.12316325052920452        5.2109269952754636E-011
          47          66   9.4864392629919099       0.10541363015954333        1.5229432508219565E-010
          47          67   9.5206946648197643       0.10503435255571564        2.3532672300632589E-011
          47          68   9.2101525689187191       0.10857583438679137        2.2536494626562553E-011
          47          70   7.9729307037863464       0.12542439375838296        3.3551204748256810E-011
          47          71   7.5287483767618566       0.13282420263726544        1.8944979488291767E-010
          44          77   10.622546693491152        9.4139383789457839E-002   3.7690909950012712E-010
          46          77   11.183029732948246        8.9421205512288687E-002   6.0557261511221580E-012
          47          77   11.061934853840022        9.0400098464949979E-002   3.2673545081712091E-012
          41         103   10.981720827265898        9.1060409905627554E-002   3.7233756581083052E-012
          42         103   10.888760094477815        9.1837820956965105E-002   4.0631721613953895E-012
          44         103   10.873620008235424        9.1965693048186664E-002   4.4995477051669825E-012
          45         103   10.118389824808379        9.8829953907111689E-002   4.5753064619225373E-012
          46         102   10.902205715258969        9.1724557958063280E-002   1.0853582876189673E-011
          46         103   8.8207154405569312       0.11336948876075080        4.4334063870292641E-012
          47         102   10.596328364553955        9.4372311389020858E-002   5.6346153144435946E-011
          47         103   8.4441324982787265       0.11842542738449954        6.2379963639222811E-012
          41         109   10.765043415330942        9.2893262146612324E-002   9.5115115956963139E-011
          42         109   10.915049164011384        9.1616628104356654E-002   5.1608422578705691E-012
          45         109   10.503335688638927        9.5207849167542394E-002   4.3712098712584325E-012
          46         108   9.3954821047965780       0.10643413385774854        6.9339876355645426E-012
          46         109   8.9215412966339365       0.11208825546515110        2.6416858903737965E-011
          47         106   10.733177527985937        9.3169054307783203E-002   4.9162202531704731E-011
          47         107   10.883671848006285        9.1880756234228436E-002   5.3477397084155831E-012
          47         108   8.9231483467593851       0.11206806848203632        4.5248558214015763E-012
          47         109   8.8603879883592960       0.11286187482013109        4.9056058948442714E-011
          45         115   10.823514152036205        9.2391434607388773E-002   5.3392116511882753E-011
          45         116   10.086782737419929        9.9139639073438326E-002   4.8360473120651440E-012
          46         114   10.839782656166005        9.2252772192915597E-002   1.1268808920127176E-011
          46         115   9.1999398795367142       0.10869636248648588        4.7496665355549728E-012
          46         116   8.6672350402931748       0.11537704877635052        3.4000878748581395E-011
          47         112   10.216292489786142        9.7882867096822229E-002   6.9557365496005362E-011
          47         113   10.073307911301852        9.9272255827506248E-002   9.6691922427878393E-012
          47         114   9.4526490291633571       0.10579045058319581        1.1451033941713617E-011
          47         115   7.9472767776415596       0.12582926554330487        2.4562219924556949E-011
          47         116   7.2247679402284044       0.13841275017732763        1.9692005707617670E-010
          41         123   9.7616660757754019       0.10244152916494499        6.1804939808466171E-010
          42         122   10.885866891671069        9.1862229251132410E-002   1.6696392466797742E-011
          42         123   8.9736517490125980       0.11143735326145607        4.5139191655203936E-012
          43         122   10.038382912946636        9.9617638485406515E-002   4.5843680465697759E-011
          43         123   7.9433045646432188       0.12589218905833507        1.1938366840859396E-011
          44         122   10.436864981359337        9.5814212580697403E-002   1.9810499974726371E-010
          44         123   8.1519516742015057       0.12267001081038073        7.4828877598551326E-012
          45         121   10.032551941824410        9.9675536772566256E-002   1.4513456499274021E-010
          45         122   8.0643048742168340       0.12400324833913415        1.2021897207543146E-011
          45         123   6.0067166857929752       0.16648030068825947        1.6523679246920670E-010
          46         117   10.435932647058358        9.5822772512993967E-002   5.6658390362977391E-009
          46         118   10.069633507497754        9.9308480219802389E-002   7.4909138545542729E-012
          46         119   9.7967467352447013       0.10207470163563662        1.1501276408854391E-011
          46         120   10.144307751843503        9.8577450966851068E-002   1.5992908143830614E-011
          46         121   8.0095064473485067       0.12485163805955150        1.0525458416890746E-011
          46         122   6.6300191094690382       0.15082912786356728        1.7932504532679119E-010
          46         123   4.7901550656418719       0.20876150903185883        1.7327370076137437E-009
          47         117   8.7488239931010821       0.11430107644050831        8.5647589181213638E-008
          47         118   8.2302937710164166       0.12150234582410331        6.2160408243086240E-011
          47         119   7.7116151647136082       0.12967452066017843        1.2939752432298216E-010
          47         120   7.8881613371361485       0.12677225493502101        2.8259588179104485E-010
          47         121   5.9208853222980959       0.16889366126278327        2.1537763155484739E-010
          47         122   4.7891357430499770       0.20880594195961266        6.7339551228383639E-009
          47         123   2.8688318587227055       0.34857393156712624        8.5866596864098359E-008
          41         129   9.4801580241565855       0.10548347374082578        4.0220630225010522E-005
          42         128   10.342263071077728        9.6690636578034159E-002   2.3720459270927636E-011
          42         129   8.5740718174476527       0.11663070024268610        8.3468584166993643E-012
          43         128   8.9586946101835405       0.11162340536346428        7.9188954703142466E-011
          43         129   7.1697153006499317       0.13947555210586263        4.6770630555378122E-011
          44         128   9.0549462273882995       0.11043687890440715        6.7746534396511639E-010
          44         129   7.9214835269766013       0.12623897993279937        4.1141441633751584E-011
          45         125   9.9707414978590148       0.10029344359341046        2.0475368756723255E-010
          45         126   8.9419335495126067       0.11183263602473388        1.2947339342808865E-011
          45         127   8.8752075711423011       0.11267342109850993        4.7833565594887980E-011
          45         128   6.7330889309648416       0.14852024238104064        5.2332054475534287E-011
          45         129   4.9373731890266956       0.20253684737108762        1.4399181459309554E-009
          46         124   9.4280828441354689       0.10606610235950864        5.9560530889890593E-008
          46         125   8.6728023244638521       0.11530298542366690        2.5341325837149763E-011
          46         126   7.6278239169908897       0.13109898850345922        6.9023446252958859E-011
          46         127   8.1947256909961812       0.12202971004859058        3.2218261619737230E-010
          46         128   5.4461674175119992       0.18361536165497372        1.3630034819792540E-010
          46         129   3.9261887537382067       0.25469992981052658        1.8357695491859397E-008
          47         124   7.1602194547360867       0.13966052385985958        9.3165671041546500E-007
          47         125   6.3244276089510478       0.15811707585753476        6.8832574535501352E-010
          47         126   5.1636212572939630       0.19366253839540082        3.0524973972322813E-009
          47         127   5.8351146285718123       0.17137623914078229        3.4790242253564203E-008
          47         128   2.9638495163659151       0.33739904623300065        8.0226400797901044E-009
          47         129   1.5844422022556479       0.63113693801918258        2.7204216346152862E-005
          41         132   10.987148427903154        9.1015426483215839E-002   4.9933636459659612E-002
          41         134   8.7393071240158111       0.11442554722124111        4.0391512358705347E-012
          41         135   7.4604632297347884       0.13403993414435056        6.2977583088478100E-011
          42         132   9.5396780980937645       0.10482533998708214        4.2045593042146659E-010
          42         133   10.369290461580359        9.6438613973167872E-002   2.2004189116189398E-011
          42         134   7.3120992304700021       0.13675963201277871        8.0894972787344291E-012
          42         135   6.6258347553304002       0.15092437963314925        5.3506321598696405E-010
          43         131   9.6026190492860604       0.10413825591408299        1.7459138317254509E-009
          43         132   7.7636549167339997       0.12880531279727181        2.0334505338435738E-011
          43         133   8.1844002724795608       0.12218366241965804        2.6068457391419742E-010
          43         134   5.6616620205842434       0.17662658003326151        1.3837820064719272E-010
          43         135   5.1742603299951728       0.19326433851868696        1.1523455574789318E-008
          44         131   10.803939947111692        9.2558826214814205E-002   3.3941474760411148E-008
          44         132   8.5661990275500575       0.11673789002378586        4.9422427689564174E-012
          44         133   9.7391667280981213       0.10267818879359933        8.0066728880644371E-011
          44         134   6.5784543294377364       0.15201139202641092        1.7165181671035584E-011
          44         135   6.7812820038385979       0.14746474183405767        1.9029336475722664E-009
          45         130   8.8158157368151926       0.11343249789397943        1.3218079241149022E-009
          45         131   7.3560427526493601       0.13594265743491485        5.6723100607818549E-011
          45         132   5.6140789990513387       0.17812360676951269        4.9794236441675374E-010
          45         133   6.2103661050914329       0.16102110295561672        1.2751690941057425E-008
          45         134   3.4516146572404027       0.28971947894076594        3.7975506811006289E-009
          45         135   2.9401529304794964       0.34011836242712534        4.3716195396230491E-006
          46         130   7.7671892412489605       0.12874670217758213        2.9955113251829986E-005
          46         131   6.8538840928577986       0.14590267160223300        2.5926469109609754E-010
          46         132   5.2108729280294224       0.19190642600800600        1.1632389728000773E-009
          46         133   6.5183123903280098       0.15341394215530665        3.1187762730302938E-008
          46         134   2.9088528119598349       0.34377813682716096        2.1246528027973773E-009
          46         135   2.2746424886846714       0.43962952638691688        3.4060345979221098E-005
          47         130   5.5535005722002122       0.18006660609810926        6.5155674749050663E-004
          47         131   4.7281595134273093       0.21149878661245256        1.4524733128909250E-008
          47         132   3.2678775029034286       0.30600902240415212        1.0013930538352105E-007
          47         133   5.0172914667968485       0.19931072504313219        8.4279274902507537E-006
          47         134   1.0709959531506028       0.93371034415046061        4.9122226249303482E-008
          47         135  0.71814506936743649        1.3924763152392450        5.4885301621990328     
          41         137   10.377049384348654        9.6366506794143769E-002   664.29933309272883     
          41         138   8.6138289587262129       0.11609239105995402        8.0172127868018764E-012
          41         139   8.6537530796202908       0.11555679839710402        7.4912637209046138E-011
          41         140   7.6562413324364567       0.13061239276293404        7.0868954026047427E-011
          41         141   8.0137534083687569       0.12478547180597056        3.0812195191523436E-010
          41         142   6.9392126325537724       0.14410856864490973        1.7818794439163084E-010
          42         136   10.431293254590871        9.5865390378119641E-002   1.0027384492571863E-009
          42         137   9.5762814936536635       0.10442466636582415        7.5309914482489742E-012
          42         138   7.4970404887518765       0.13338596763620816        2.1015860139629086E-011
          42         139   8.1784458227730550       0.12227262021049022        3.9648954251370118E-010
          42         140   6.6718741090775620       0.14988292399573733        1.3959203545332842E-010
          42         141   7.4514089382201369       0.13420280758860922        1.6067040796875210E-009
          42         142   6.6445607548661680       0.15049903776824472        4.2662787895695288E-010
          43         136   8.7685011258173926       0.11404457679268197        1.6877755523120827E-009
          43         137   7.5980097430550551       0.13161341375141666        6.0507006605346563E-011
          43         138   5.9435690775495686       0.16824907508474399        3.3768506988678256E-010
          43         139   6.5108236594474356       0.15359039843583608        6.4319437620483517E-009
          43         140   5.5355631716223250       0.18065009268188459        2.1541642652439854E-009
          43         141   6.2134393276639148       0.16094146048030583        1.5099698566701334E-008
          43         142   5.9701486164592374       0.16750001787946742        3.7750722660723895E-009
          44         136   10.158418838274281        9.8440516769426750E-002   6.0966084793383808E-009
          44         137   9.5712518387585295       0.10447954111399792        1.0351341383809134E-011
          44         138   7.7365726257711191       0.12925620276205035        2.1148768853095230E-011
          44         139   8.9864139849283511       0.11127909327092647        2.7184836911375076E-010
          44         140   7.5310395021437664       0.13278379428435377        4.5068484258979499E-011
          44         141   8.4666386206114534       0.11811062746502116        3.7553542052120428E-010
          44         142   8.3875290696491778       0.11922462404554464        9.2125049363447846E-011
          45         136   6.8828502240911131       0.14528864749952494        1.0311018180838791E-010
          45         137   5.8174449832937700       0.17189676960792014        1.1058346246526608E-009
          45         138   4.4833597118122963       0.22304701480126668        8.3199860047909225E-009
          45         139   5.4540354346702120       0.18335047727104964        1.8952521356748129E-007
          45         140   3.9948031245303346       0.25032522725824419        1.8042410119561651E-008
          45         141   4.3788984105079045       0.22836793783576514        7.5677267478082078E-007
          45         142   4.3947912198805810       0.22754209471347148        2.5149628588754586E-007
          46         136   6.7820545019400331       0.14744794511957196        2.4079697938092177E-007
          46         137   6.2223049456023976       0.16071214907375250        1.3200023567812992E-009
          46         138   4.9502596868283852       0.20200960419526934        3.7110304358989982E-009
          46         139   6.4744277878212682       0.15445380391469521        5.7726366928801320E-008
          46         140   3.9157692402548792       0.25537766365796100        2.3040575193910802E-009
          46         141   4.2354161645406974       0.23610430738119528        9.6184463449049811E-007
          46         142   3.9189921147347286       0.25516764788583624        3.7510852615706122E-007
          47         136   5.5154999630282067       0.18130722630826820        9.5239550542818424E-007
          47         137   5.2747486708542777       0.18958249243713141        1.5772167508215673E-008
          47         138   4.6011668842320326       0.21733617257547203        2.6945655719207663E-008
          47         139   6.6295455844602298       0.15083990105506137        1.3883347308020510E-007
          47         140   3.7791497155453806       0.26460978666352913        1.7342227505515720E-009
          47         141   3.7469274326706961       0.26688533951329568        1.4729257163982813E-006
          47         142   4.0672445639211219       0.24586670023991050        1.6323249825123319E-006
          48          54   3.5957264771534660       0.27810791681564268        6.0996731573377183E-007
          48          55   4.7036423731520642       0.21260119725681173        2.6759022004245605E-006
          48          56   6.1792367592074413       0.16183228430435825        1.0658558763486399E-007
          48          57   7.9595056754031432       0.12563594283125512        4.0335921693701883E-009
          48          58   6.4791030627625759       0.15434235114229183        1.9332002920770205E-010
          48          59   6.6311883192637495       0.15080253370198790        2.2841854110876856E-009
          49          54   2.1890450448585179       0.45682020219215358        1.7290743707448298E-009
          49          55   3.5720597163215477       0.27995052698329037        1.0324134012400813E-003
          49          56   5.3634715997674256       0.18644640535495008        2.8965797170690645E-006
          49          57   6.7538344587886865       0.14806403771100898        2.2057596562728640E-008
          49          58   4.8801194248726176       0.20491301809199111        1.3877303106084683E-009
          49          59   5.5545976821644114       0.18003104044978083        6.8508524223688963E-008
          50          55   1.2797717381784262       0.78138934480875344        1.4490344470959416E-008
          50          56   3.1630902067568014       0.31614653223100014       0.64761937111771173     
          50          57   5.0199027201049944       0.19920704757782326        1.2461521826634917E-005
          50          58   2.5268198994609925       0.39575436310807688        4.8816473159748138E-008
          50          59   2.8499315796604865       0.35088561674141328        1.8450942345430772E-004
          51          54  -1.6379125333903248      -0.61053321200863764        4.3540840512875581E-005
          51          55 -0.29552275406493367       -3.3838341929510958        3.3529072431330492E-002
          51          56   1.5464561918149524       0.64663972073232778        28172079.662784126     
          51          57   3.9513746404679115       0.25307648375290037        6.6812627566899679E-002
          51          58   2.4819059657325155       0.40291615146058030        8.6284247094392518E-007
          51          59   3.5445865571263124       0.28212034997128854        2.2881586734216320E-004
          52          54   1.4247948618094464       0.70185542270276735        3.1777737996110536E-006
          52          55   1.3223406478520383       0.75623478838403957       0.17860019539797631     
          52          56   2.8117311883652514       0.35565277510806531       0.43731043077755094     
          52          57   4.1089143220994222       0.24337329075507633        5.1194633049607348E-005
          52          58   2.3329523551612015       0.42864141558128921        5.3974047402932445E-007
          52          59   2.3513424150117812       0.42528897263778132        4.8088317150130489E-004
          53          54   3.2747161170703851       0.30536998147326933        4.3764248657822842E-004
          53          55   3.5610292691890000       0.28081768623815417        8.2191352272627968E-006
          53          56   4.5916636554597297       0.21778598674381286        3.0061004841959111E-006
          53          57   5.5214506695051391       0.18111182365949222        1.4232106897354415E-007
          53          58   4.0000182581741166       0.24999885886932646        1.5569392110798174E-008
          53          59   4.8066709678681319       0.20804419663522813        7.4501725070383458E-007
          48          60   8.8516009119486743       0.11297391397866927        8.2182108885038914E-008
          48          61   8.8360767370719611       0.11317239876431553        5.4031635641931970E-011
          48          62   9.4903810546626151       0.10536984703145306        5.5181851324392577E-011
          48          63   10.807061322220559        9.2532092692384854E-002   2.3415649456998593E-011
          48          64   7.9292974227319846       0.12611457821384847        4.9251404939646968E-012
          48          65   5.0894786721851890       0.19648377847915136        2.0234548296731317E-010
          49          60   7.2779983153040053       0.13740041652623405        4.1383805841654178E-008
          49          61   7.6725068196918826       0.13033549835803973        5.6593506625570654E-010
          49          62   7.9519854835922565       0.12575475672878828        3.0037419195001343E-010
          49          63   9.7526926497991404       0.10253578533725199        1.9552534912305523E-010
          49          64   6.4668689205511694       0.15463433885633332        1.6881675895191381E-011
          49          65   4.0970860366887827       0.24407590932803266        2.3365835516138878E-009
          50          60   5.3609933767736422       0.18653259381600298        5.5873902408291059E-007
          50          61   5.5456570753405980       0.18032128319773233        2.2180266750473815E-008
          50          62   6.4115582887481359       0.15596832391821724        1.4773176405830124E-008
          50          63   8.0781926628117660       0.12379006564222390        2.5902809672052080E-009
          50          64   5.2419074870937745       0.19077024965856873        1.6185999840669799E-010
          50          65   2.8416235342650529       0.35191149986679582        2.9042753562123749E-008
          51          60   3.6451187695156184       0.27433948335595248        4.5093248395973329E-005
          51          61   4.3963612349618124       0.22746083557637550        2.2717985086754123E-006
          51          62   5.3088943489546594       0.18836313821104833        2.3976709162166773E-007
          51          63   7.1489189223847074       0.13988128986451340        2.4937965591447042E-008
          51          64   4.5037565816526044       0.22203686675114687        7.0149657206047437E-010
          51          65   2.5709565539670938       0.38896028735178667        1.7947794796983309E-007
          52          60   4.5376475682707831       0.22037850779607421        1.4989017309141183E-004
          52          61   4.4438397663622204       0.22503061599329713        1.6403664193702395E-007
          52          62   4.8433001192993572       0.20647078962033480        2.1077025508812915E-007
          52          63   6.6733697115765640       0.14984933297869885        7.5026284094694827E-008
          52          64   3.4809601656471871       0.28727705932080899        1.6023883634351223E-009
          52          65   1.3724329236752153       0.72863305940090439        3.9493113323957080E-006
          53          60   6.0494857917402101       0.16530330583888148       0.27990875203652038     
          53          61   5.0687734828047066       0.19728638563005377        5.2034151898895578E-009
          53          62   4.2781507871322351       0.23374585183107305        4.3458567828268338E-008
          53          63   6.2427621286637862       0.16018550433124418        3.3253469332447228E-007
          53          64   2.3200265876432864       0.43102954307769947        3.5677019679528561E-009
          53          65   1.0454379190880099       0.95653695139769968        5.1403710554663617E-004
          48          67   10.798217392645645        9.2607878100423424E-002   7.3338332787995686     
          48          70   9.5328582716290935       0.10490033225146309        4.9737644548985952E-012
          48          71   6.8972937323502777       0.14498440095565518        2.2193836273985429E-011
          49          66   9.8083511687673983       0.10195393525308175        1.0783639351334598E-009
          49          67   9.9002437755767954       0.10100761381926066        1.5767321926175652E-011
          49          68   10.073000603993449        9.9275284427516972E-002   1.4098059906601998E-011
          49          70   8.5013025321363997       0.11762903345926419        1.1455226825740128E-011
          49          71   6.3438025967896525       0.15763416101662123        8.7717118156943316E-011
          50          66   8.7194630782906852       0.11468596070895164        2.9424838550631485E-009
          50          67   8.6656870717699324       0.11539765880280672        6.4719193481917780E-011
          50          68   9.5542907228670586       0.10466501690247074        6.9706614080949492E-011
          50          70   8.3274431249955487       0.12008487899465954        2.1603722394097402E-011
          50          71   6.0056800505643118       0.16650903670867997        1.1240093150821458E-010
          51          66   7.2362437228817704       0.13819324476840020        5.6775858907951126E-009
          51          67   7.7549947159829191       0.12894915298124138        6.0638965395538331E-010
          51          68   8.5834130902549663       0.11650377180789925        2.6419946764759987E-010
          51          69   10.626320711976096        9.4105949472518574E-002   7.8160952533769450E-011
          51          70   7.5728243743694641       0.13205112789681761        6.0299676601538188E-012
          51          71   5.5632169967495955       0.17975211115875347        3.5141103358072349E-010
          52          66   7.4923533708287966       0.13346941214671793        1.4223222718756060E-008
          52          67   7.3761291307720303       0.13557246385887689        3.9947626894257643E-010
          52          68   8.0981214244195776       0.12348542922368859        4.8191215404570885E-010
          52          69   10.121851224255268        9.8796156735012339E-002   1.5714428841881049E-010
          52          70   6.9592660794416332       0.14369331314319189        1.0809126970451872E-011
          52          71   5.0406011653119975       0.19838903480039630        9.6860947789966144E-010
          53          66   6.6174496732246428       0.15111561846041302        4.6464576920581126E-008
          53          67   6.5328196316157765       0.15307326030562210        1.7726469498780847E-009
          53          68   6.2811338530270113       0.15920692400434658        2.0687213710853780E-009
          53          69   8.7630320114629683       0.11411575339356227        3.3147702429279501E-009
          53          70   4.9047827448533550       0.20388262885839573        6.0961723226226021E-011
          53          71   4.1525061033925885       0.24081842990742439        6.4487079627313814E-008
          48          77   8.7810447215443261       0.11388166575971265        4.7553956870474640E-007
          49          76   10.519155795017836        9.5064662933657451E-002   5.9477916237221153E-011
          49          77   8.6040186409148074       0.11622475981684725        6.8098785274585589E-012
          50          77   8.7814390588077380       0.11387655181607224        7.5944075817453232E-011
          51          72   10.792917393131079        9.2653354378161787E-002   5.9445873334046267E-011
          51          73   11.225584507870170        8.9082221001401549E-002   5.0031529085390806E-012
          51          76   10.251610365148215        9.7545650330180325E-002   3.1217811155889770E-012
          51          77   8.1439541686118684       0.12279047490887947        9.2769435690788359E-012
          52          76   10.328613366268211        9.6818417394328879E-002   1.4685412898062719E-010
          52          77   8.3532231996283492       0.11971426790612896        8.4801935575646908E-012
          53          72   9.4217786329971212       0.10613707230371366        1.0830811094480694E-010
          53          73   9.7414407939052090       0.10265421934562863        2.5545550085689670E-011
          53          74   9.7266012400505772       0.10281083549332388        1.7117158376139438E-011
          53          76   8.3952762199370952       0.11911460371312153        1.7433182417541722E-011
          53          77   7.6956347722212710       0.12994379665855160        1.0197415975431005E-010
          48          83   10.700205375376271        9.3456150131588964E-002   2.8971877044414347E-010
          49          83   10.788194660879501        9.2693915102054297E-002   5.5488712977887127E-012
          51          83   10.312606939402169        9.6968691415865296E-002   5.0294989579519531E-012
          53          83   11.115503784593731        8.9964433405709990E-002   8.6394964716661080E-012
          53          93   10.941652568499155        9.1393872519676247E-002   3.5136637853427291E-012
          53          94   10.492597524976604        9.5305285237482676E-002   4.2453643387181370E-012
          53          95   11.641497734042439        8.5899600106931956E-002   7.0196238168783091E-012
          48         103   9.5637465012470937       0.10456153348163316        2.0174543546813444E-012
          49         102   10.902676950254078        9.1720593443493328E-002   2.1348793669708476E-011
          49         103   9.2569286633757439       0.10802719091445692        4.4311074877651779E-012
          50         102   10.982343289384037        9.1055248743375117E-002   3.1572357351439843E-011
          50         103   9.2567656875541378       0.10802909285524157        4.0604094914512117E-012
          51         102   11.101164209160812        9.0080642098311473E-002   3.1579028401795716E-011
          51         103   9.5928035610901432       0.10424481160608258        3.5685163526498979E-012
          52         102   9.6682899412337200       0.10343090723160452        2.0585593789373663E-011
          52         103   7.7901940473807620       0.12836650716502016        1.8737602507502357E-011
          53          97   10.062654601189566        9.9377355144614030E-002   2.5022500365404966E-010
          53          98   10.292654435564073        9.7156667044481088E-002   1.1597362245164585E-011
          53          99   10.868818972952024        9.2006316646600209E-002   8.8426270456134513E-012
          53         101   9.0054710796202251       0.11104360795328562        4.5996178280389037E-012
          53         102   7.8953219206172536       0.12665728010262314        4.3937241039469688E-011
          53         103   5.8838807787444436       0.16995585695966281        2.1304527348426719E-010
          48         109   10.834866707015186        9.2294628724185049E-002   7.2601173609699348E-009
          49         109   10.742937681873530        9.3084408530758930E-002   4.7755911446050979E-012
          50         109   10.977595695234520        9.1094628346907486E-002   5.2897279322622111E-012
          52         108   10.640250168627585        9.3982752675164150E-002   4.0815322544459815E-012
          52         109   9.3702571316361603       0.10672065728311426        5.9359187109418770E-012
          53         105   10.997043014684790        9.0933535375342281E-002   2.7282986577437557E-011
          53         106   9.4212215043124168       0.10614334877300843        3.9957556987606127E-012
          53         107   10.145434468861945        9.8566503294577404E-002   2.5563683770670202E-011
          53         108   7.6525594649603939       0.13067523415908217        1.0511439927564641E-011
          53         109   7.1887179147708737       0.13910686326212218        3.0990562345308315E-010
          48         116   10.691286009114114        9.3534117331396743E-002   6.5628534458734116E-010
          49         115   11.164840993956476        8.9566882371302878E-002   5.6046776529508450E-012
          49         116   9.9215446750314786       0.10079075716068650        3.3318044550463455E-012
          50         115   10.388090211260064        9.6264085088138746E-002   1.3739106995521346E-011
          50         116   8.9408785102091155       0.11184583247140122        7.9155566941297568E-012
          51         115   10.939694083135919        9.1410234363093354E-002   4.7901342904689992E-011
          51         116   9.2233673157416831       0.10842027274499655        4.2544936714291510E-012
          52         114   10.670972905707378        9.3712167469298807E-002   3.2978884268252838E-011
          52         115   8.2989914472097119       0.12049656953631638        5.7340543694864732E-012
          52         116   6.9067144223341650       0.14478664367044208        1.1711329736786323E-010
          53         110   10.887515556462001        9.1848318821136019E-002   1.0608452157035219E-009
          53         111   10.909672339305876        9.1661781298156261E-002   4.5057236377077035E-012
          53         112   9.3752375797171563       0.10666396360594088        4.3971322375461532E-012
          53         113   9.6280168645643194       0.10386354885609679        2.7109569937521818E-011
          53         114   8.1311994452378062       0.12298308591922059        1.9700076161579337E-011
          53         115   6.4364010151114117       0.15536632935893763        1.4964239422155393E-010
          53         116   5.2903718214737774       0.18902263087463345        2.4728221208153309E-009
          48         122   9.7019130359702714       0.10307245553453796        2.6006125569375899E-008
          48         123   7.3709432712738288       0.13566784646101102        1.7973037622229813E-011
          49         121   10.147643832101515        9.8545043218461692E-002   4.8599655167915215E-010
          49         122   8.8645342744160338       0.11280908494946021        1.0484009954681406E-011
          49         123   6.4681742702899001       0.15460313192136374        5.3093203530782104E-011
          50         121   8.9116532248972682       0.11221262483668150        2.3309312446159913E-009
          50         122   7.5785655499104045       0.13195109198624300        4.9820796809158838E-011
          50         123   5.1038707324108881       0.19592972714801407        3.4822975467984330E-010
          51         121   8.9043148210201384       0.11230510377276096        4.0004976275261520E-008
          51         122   8.3274158012115969       0.12008527301524982        5.0315748168685697E-011
          51         123   5.8643877847501340       0.17052078353352060        1.1240535728581550E-010
          52         117   10.846034521042986        9.2199595903908027E-002   7.5550587778868973E-009
          52         118   9.6253634446938694       0.10389218087668840        4.7169168915926735E-012
          52         119   8.8480375544283021       0.11301941180160520        1.9765343599817853E-011
          52         120   8.8065280618909352       0.11355212780475490        5.4293335804882777E-011
          52         121   6.6830736213881821       0.14963174979842342        5.7445145435924249E-011
          52         122   5.2986507635942566       0.18872729013785119        1.5746899960720804E-009
          52         123   2.8385038736969035       0.35229826855849500        2.5522690967405908E-008
          53         117   8.6352546064018068       0.11580434458280396        4.5691573900573000E-005
          53         118   7.9490526000091482       0.12580115522179952        7.2712361284332168E-011
          53         119   7.1408224557273172       0.14003989123100899        1.9639280074802345E-010
          53         120   7.9140446489084830       0.12635763940729366        7.1110083782010898E-010
          53         121   4.9939524012404046       0.20024219689230890        2.0707518579493290E-010
          53         122   3.9151910731367794       0.25541537598542241        5.1949004451982437E-008
          53         123   1.5921532327426391       0.62808024971151966        9.6355047869350580E-007
          48         128   9.0646517749230480       0.11031863383505311        4.7107673597073914E-002
          48         129   7.5941372246792564       0.13168052807239544        4.0615940368958232E-011
          49         126   9.9447598760251168       0.10055546966104287        3.3975724548802524E-010
          49         127   10.950384531001236        9.1320993995136546E-002   1.3359136842397724E-011
          49         128   7.6335537992481033       0.13100058325370012        4.2049184037079564E-012
          49         129   6.7374196123700614       0.14842477647732916        3.1929253448453647E-010
          50         125   9.6234615645216977       0.10391271303941678        1.4288507127712543E-009
          50         126   8.0901868885472581       0.12360653885704838        1.9812269170761746E-011
          50         127   8.6898644988825637       0.11507659298123588        1.5900374834391165E-010
          50         128   5.8430121913975075       0.17114460268836512        6.7414599451434816E-011
          50         129   5.0915235290831848       0.19640486669420676        7.8934798279395380E-009
          51         125   10.463925021131192        9.5566434008325485E-002   4.1184799119044856E-008
          51         126   8.4264469982372692       0.11867397969858355        7.2539504411846321E-012
          51         127   9.7543250297422368       0.10251862604033254        9.7538504301079509E-011
          51         128   6.3150029083854342       0.15835305454446283        1.6847805431954622E-011
          51         129   6.4316347280866051       0.15548146657537212        3.1076160380828321E-009
          52         124   8.8036208160035745       0.11358962646166677        2.4949023634107344E-009
          52         125   7.4251528654981254       0.13467736194989621        5.7673202730703171E-011
          52         126   6.0560837307572193       0.16512321236928565        4.4508732157048890E-010
          52         127   6.7966595759984969       0.14713110003793151        5.1357935852213554E-009
          52         128   3.7592861785089475       0.26600794739086125        1.2863637624683192E-009
          52         129   2.8080167806324612       0.35612322792984374        1.5690809776642772E-006
          53         124   7.6642702074668208       0.13047556687468589        5.2013206444316474E-005
          53         125   6.9278026497459599       0.14434591320765605        3.0427083186473585E-010
          53         126   5.7848660687797917       0.17286484909250996        1.0227368923855231E-009
          53         127   7.2391755981355921       0.13813727632985506        8.9000062082407229E-009
          53         128   3.5248629339422548       0.28369897460993931        6.0344914680215559E-010
          53         129   2.4484438045387025       0.40842268797278131        3.3978422031950643E-006
          48         131   10.920491781439377        9.1570967682940263E-002   2.6929502106277128E-004
          48         132   9.1986203445663204       0.10871195489557366        4.3451388281079227E-012
          48         133   10.217761708510942        9.7868792454520098E-002   3.4059453745130413E-011
          48         134   7.2511752719438149       0.13790867859299877        9.6525213563484368E-012
          48         135   7.0376183367139102       0.14209352541657325        5.9157413756153731E-010
          49         130   10.988696707852887        9.1002602636704580E-002   8.4684024014650607E-010
          49         131   10.140688592643384        9.8612632748179968E-002   4.0323272496603209E-012
          49         132   8.0886301539918080       0.12363032812255502        1.0570624785054899E-011
          49         133   9.7113093270346624       0.10297272657314778        1.5937135888873198E-010
          49         134   6.2284220190604174       0.16055431005474063        1.7765464282825552E-011
          49         135   6.5836263016159009       0.15189197475478788        3.6675296748250757E-009
          50         130   9.2467533380825060       0.10814606634758243        1.8850720497584866E-009
          50         131   8.0611390838510779       0.12405194719978287        3.1991804704471741E-011
          50         132   6.3850282618777694       0.15661637803086412        1.6601718305225465E-010
          50         133   7.8077589321598193       0.12807772482332203        2.7224262654153939E-009
          50         134   4.8090722553512979       0.20794031507579230        2.4355287633788274E-010
          50         135   5.3558509100670868       0.18671169470389051        8.1691032518614726E-008
          51         130   10.161395552698893        9.8411679263326918E-002   2.2437179559297859E-008
          51         131   9.5642885869309335       0.10455560713281323        1.0315011661243308E-011
          51         132   7.6687588885879379       0.13039919686197513        2.1334278087015862E-011
          51         133   9.7438996174281840       0.10262831507534979        3.0214054736076752E-010
          51         134   6.3919053113469033       0.15644787450539999        1.7065397120162978E-011
          51         135   7.5334749180955694       0.13274086804191496        2.6874848182981845E-009
          52         130   7.3926692658042175       0.13526913812114308        3.7408117442649498E-010
          52         131   6.2938849323275416       0.15888437916360032        4.6913160036719334E-010
          52         132   4.9236442667780072       0.20310159422918503        3.2350755609655886E-009
          52         133   6.6106026219060716       0.15127213919744953        6.1584298888940498E-008
          52         134   3.2754835578124979       0.30529843375792765        1.7948055119285246E-009
          52         135   3.5489537123208761       0.28177318755336467        8.1960562145591196E-006
          53         130   7.4128964361023648       0.13490003652685470        3.1311652787621690E-006
          53         131   6.8778966429259096       0.14539328691839609        4.5399892048565204E-010
          53         132   5.6787898298701602       0.17609385625438156        1.1154298707029563E-009
          53         133   7.8679545296778226       0.12709783670304817        1.1113234087954467E-008
          53         134   3.8208696430485309       0.26172052266146845        2.2210989987710747E-010
          53         135   3.7685240645508342       0.26535587483881140        1.2911103425100348E-006
          48         137   10.267082322605416        9.7398654123797460E-002   1.5235422364667509E-006
          48         138   9.0078654667089797       0.11101409137334170        9.1105685860124033E-012
          48         139   10.006543970587463        9.9934603089671142E-002   4.3797297879180614E-011
          48         140   8.7746438306514047       0.11396473968627885        1.2402256698859209E-011
          48         141   9.0967580023779906       0.10992927367514770        6.0000662695939278E-011
          48         142   9.0087634452158465       0.11100302567396811        3.8928737122059401E-011
          49         136   10.361649940031265        9.6509726326170650E-002   4.3744938891399700E-011
          49         137   10.016055449358305        9.9839702870661184E-002   8.1613691507145398E-012
          49         138   8.6020247579506055       0.11625169981936272        1.2261662871367447E-011
          49         139   10.258086231511191        9.7484070364719774E-002   7.6155584334606392E-011
          49         140   8.4328801570673875       0.11858344733642691        9.2069093438840794E-012
          49         141   9.0015432444685892       0.11109206197665004        9.6649335332280889E-011
          49         142   9.1207268203221812       0.10964038499342708        4.4167858853602873E-011
          50         136   9.0317175383753625       0.11072091169271457        3.7718692987430818E-011
          50         137   8.5181328080508862       0.11739661995582566        4.2429298463470193E-011
          50         138   7.8371011231635599       0.12759820044230022        8.5659814459224323E-011
          50         139   9.4373725482327817       0.10596169589461184        2.3283303874251709E-010
          50         140   7.9565117822883451       0.12568321739007007        2.5043603467024672E-011
          50         141   8.1108389296741912       0.12329180848868979        1.9419475246031560E-010
          50         142   8.6857778749426355       0.11513073606048260        1.5421289466664319E-010
          51         136   10.704156419189779        9.3421654247060434E-002   6.7796205548409050E-011
          51         137   10.786009418876382        9.2712694859131098E-002   5.5243432029957223E-012
          51         138   9.9355172491013057       0.10064901252025431        5.0417402907133128E-012
          51         140   10.158121061779347        9.8443402467664129E-002   1.3509032078593353E-011
          51         141   10.585512950035747        9.4468733326392371E-002   1.0354983257912874E-011
          51         142   11.251331073258184        8.8878373011062578E-002   6.3149093325419984E-012
          52         136   7.8649669616059192       0.12714611579192364        3.0371284765651581E-012
          52         137   7.4547341304807233       0.13414294628043485        2.2312445957313615E-010
          52         138   7.1172993123330084       0.14050273230285237        4.2434989893547186E-010
          52         139   8.9006501386558039       0.11235134337625165        7.3982201678597498E-010
          52         140   6.9871671053097213       0.14311951967487299        5.0564911136901515E-011
          52         141   6.6984101378986161       0.14928915659286784        9.2320139756645998E-010
          52         142   7.2973249369142277       0.13703651799050401        1.5319662125499653E-009
          53         136   8.5728482751522161       0.11664734612164175        5.4820853465777036E-010
          53         137   8.5182039646012750       0.11739563928683276        7.9324686201929206E-011
          53         138   7.9392917219388703       0.12595582011889947        8.5651228174750300E-011
          53         139   10.006901593599407        9.9931031663149150E-002   1.9930991005795361E-010
          53         140   7.2294854828846926       0.13832243004947323        1.2396939016063247E-011
          53         141   7.0946302977622357       0.14095167162063632        6.1322709170971101E-010
          53         142   7.2015866340247578       0.13885828926578211        7.6869274506391582E-010
          54          60   3.2043248291358868       0.31207822343956027        6.4235001463120444E-010
          54          61   3.5691396084843436       0.28017956978282954        1.0667719633939863E-005
          54          62   4.3414760084771569       0.23033641048514425        2.9251462330957677E-006
          54          63   5.5728688489919254       0.17944079200444304        2.7877970114855511E-007
          54          64   3.7584734323190157       0.26606546993282587        1.3930417811267236E-008
          54          65   1.5773267279915952       0.63398405812427749        1.5731574701871995E-006
          55          60   1.8449053965701854       0.54203321311709174        5.2704786981471241E-002
          55          61   2.7065968901837745       0.36946765276601690        8.0393474424033922E-003
          55          62   3.8892079392604888       0.25712176248157725        8.0877379477654275E-005
          55          63   5.0199982598606141       0.19920325630307412        1.0437008795091195E-006
          55          64   2.8059284451131266       0.35638827559613090        4.8805325524605740E-008
          55          65   1.5440293603253683       0.64765607811322523        5.2479647831231466E-005
          56          61   1.2711070546935739       0.78671579731029839        6.8083733126626661E-002
          56          62   3.1428486608084194       0.31818267690394453       0.70262640068078164     
          56          63   4.8842317399985600       0.20474049005715173        1.3459483313734306E-005
          56          64   2.7981129734655035       0.35738371162386823        6.7819545426968872E-008
          56          65   2.2339222901660731       0.44764314515419357        5.4265907706767900E-005
          57          60  -1.6438723587460431      -0.60831973643185211        8.0926968907784507E-004
          57          61 -0.34695505433881646       -2.8822177036898191        3.2099103064764219E-002
          57          62   1.1023130631883546       0.90718329791681673        4108009.0383719434     
          57          63   3.3172328478824276       0.30145607675335634        3.8837437138426267     
          57          64   2.1459192914646152       0.46600075034391819        7.0404193293207668E-006
          57          65   2.3349447361563045       0.42827566088187646        1.3108391532833685E-003
          58          60   1.2551602635200458       0.79671100899540970        4.7598223084227440E-004
          58          61   1.8990489413094531       0.52657937257292009       0.81756037228061884     
          58          62   3.0503795123785995       0.32782806071898518        5.6816715677509696E-003
          58          63   5.2525389149359381       0.19038412017404280        1.9260320448689023E-005
          58          64   3.3104946459851643       0.30206966237289040        2.8345144074451036E-008
          58          65   3.1888729408312928       0.31359041848162023        7.2143188846601563E-006
          59          60   4.1711255842432697       0.23974344090179706        1.1304814205399664E-005
          59          61   4.9651557252066318       0.20140355214304656        4.5068263376299831E-007
          59          62   5.0242771034918814       0.19903360809956089        5.5682089489301711E-008
          59          63   7.8413194222139868       0.12752955799339841        4.8308884030255430E-008
          59          64   4.8699061828761305       0.20534276481880959        2.3133442573143428E-010
          59          65   5.5727829865290852       0.17944355673229495        7.0252676694808662E-008
          54          66   5.9487197668845813       0.16810339689672632        1.3932993618755618E-008
          54          67   6.1578153655202854       0.16239525556406612        6.3654320398323917E-009
          54          68   7.5719774023284376       0.13206589862411539        4.2052329364143584E-009
          54          69   9.1039965277773192       0.10984186966118532        3.5188301358908761E-010
          54          70   6.7266437435015050       0.14866254823827749        3.8558933392365619E-011
          54          71   4.3612403922396972       0.22929256589005728        1.4565617022490721E-009
          55          66   5.1996476562964080       0.19232072365308642        2.6399135459279538E-007
          55          67   5.9750436552529624       0.16736279393052628        3.2005382846580364E-008
          55          68   7.1225697120764320       0.14039876623523725        6.0369422390326326E-009
          55          69   9.2202482425263526       0.10845694971505447        7.3327944296246719E-010
          55          70   6.5385409806101702       0.15293931826159191        3.3113008841738359E-011
          55          71   4.9338064739681471       0.20268326398212433        2.0471035550430468E-009
          56          66   4.9583704433339886       0.20167916282745588        6.0079275507777336E-008
          56          67   5.6946604375810921       0.17560309538399232        5.6603380863121037E-008
          56          68   7.5155879137801733       0.13305678963138126        1.0747216982139160E-008
          56          69   9.3068085204529787       0.10744821898961002        3.8490584041226748E-010
          56          70   7.4088484957948317       0.13497374127269404        2.9600610463664366E-011
          56          71   5.9329395100383380       0.16855051333458448        4.5698447446201144E-010
          57          66   3.1868954354435957       0.31378500495445544        6.5715976778067715E-009
          57          67   4.5191727411110065       0.22127943703124681        1.1389279293331425E-005
          57          68   6.0503517351384275       0.16527964716370672        1.7226724459963779E-007
          57          69   8.2991074455187608       0.12049488533130950        5.1944854918841233E-009
          57          70   6.3692636672041480       0.15700401997001326        1.1709365588193889E-010
          57          71   5.9080026390657192       0.16926194199502562        2.8043956257534629E-009
          58          66   5.6422712573335119       0.17723359164986180        6.9122883290443770E-009
          58          67   6.3070273600102578       0.15855329982243388        1.2007773184950102E-008
          58          68   7.8828868967099073       0.12685707826372233        3.1551022133435481E-009
          58          69   9.9436266803152780       0.10056692916475153        2.1711332006223675E-010
          58          70   7.8023423946265851       0.12816663886587348        1.3377417507193008E-011
          58          71   6.6499009259345083       0.15037818023724472        2.4558959085112316E-010
          59          66   8.7532900103392492       0.11424275887338539        1.6715828749639988E-009
          59          67   8.8917490143242173       0.11246381318107876        6.1780895951257910E-011
          59          68   9.6945862785755601       0.10315035332760290        5.1175685358584161E-011
          59          70   9.4540503014961992       0.10577477040097194        1.8136715985374826E-011
          59          71   9.2404445475023635       0.10821990163560842        2.4518568392452711E-011
          54          72   9.5893630829410110       0.10428221262984078        3.2254894909462575E-011
          54          73   9.6977928879071591       0.10311624630043073        2.0674397447424394E-011
          54          74   10.751553070778684        9.3009818527322277E-002   1.8064883086617760E-011
          54          76   9.4117874274833326       0.10624974349504569        5.2390866000388917E-012
          54          77   6.8652085113382011       0.14566199968266877        2.5872875349025547E-011
          55          72   9.4209648311885541       0.10614624063656965        1.1404210529846163E-009
          55          73   10.105357857422037        9.8957405973063531E-002   2.5572042779327521E-011
          55          74   10.931791787993831        9.1476312336855894E-002   1.1022741973966073E-011
          55          76   9.7966237174172441       0.10207598340458027        4.2915462484243410E-012
          55          77   7.8449252279678987       0.12747094088735297        1.5995318217450149E-011
          56          72   9.9756786239523993       0.10024380673199719        2.3006169235963918E-010
          56          73   10.528880617583724        9.4976858065039999E-002   1.2870654113390259E-011
          56          77   9.0625237941209544       0.11034453787020350        6.7347828260807257E-012
          57          72   8.6638058260540305       0.11542271607620441        4.0730533149016395E-011
          57          73   9.8306245945600015       0.10172293635883244        6.9888463021219123E-011
          57          76   10.633851338591628        9.4039306001097653E-002   1.5343932192758845E-011
          57          77   9.2425329560595664       0.10819544866695688        5.9789235193197020E-012
          58          72   10.832086131087562        9.2318320580007981E-002   3.2167545156507608E-011
          58          77   10.198204571728642        9.8056475820478217E-002   4.7903225534963204E-012
          54         115   10.198735378846866        9.8051372337210924E-002   9.8770074009152627E-012
          54         116   8.3402306912193520       0.11990076018554335        9.8708404182919532E-012
          55         115   9.9876151660693449       0.10012400191361727        1.1035023238242720E-010
          55         116   8.0620489041605410       0.12403794765917818        1.2687276687696118E-011
          56         115   9.9442239026091954       0.10056088939606610        1.6579249760611899E-010
          56         116   7.9328049151401157       0.12605881660993010        1.3367779767419525E-011
          57         114   10.161788799441968        9.8407870871604297E-002   2.0127448445139044E-010
          57         115   9.0210653717543838       0.11085165208214466        1.0310222565656956E-011
          57         116   6.9316681461386764       0.14426541763356854        4.3034429829730833E-011
          58         114   10.942648058493516        9.1385558107556539E-002   1.0159138026984352E-009
          58         115   9.1984770552597315       0.10871364835640868        4.2407320737640603E-012
          58         116   7.3404041060366136       0.13623228170471138        3.4065821025669976E-011
          59         115   10.321846321189675        9.6881891948643356E-002   5.1082292467038331E-010
          59         116   8.8129474689692451       0.11346941571149058        8.5471504484491626E-012
          54         119   10.828462698472826        9.2349212242383516E-002   5.6945031255492131E-011
          54         121   8.5457988585821028       0.11701656176891548        4.8095933127686760E-012
          54         122   7.7899047454426888       0.12837127444787150        8.2390665915686575E-011
          54         123   5.4066348683090482       0.18495793120069803        2.5033654088459406E-010
          55         119   9.6501464461008624       0.10362537041124900        2.0034823553141443E-008
          55         120   10.160385241700176        9.8421464955463264E-002   1.9164750270837153E-011
          55         121   7.4147201892994303       0.13486685599318396        1.0327326632556949E-011
          55         122   7.3058455218681697       0.13687669647637049        4.5266072384267970E-010
          55         123   4.9797705222253796       0.20081246626463342        5.4058525085529486E-010
          56         118   10.676134164009266        9.3666863364375769E-002   5.3752423805641322E-008
          56         119   8.9582755025504852       0.11162862759861458        5.7008778976851979E-012
          56         120   8.7989056563442194       0.11365049689775640        4.6796894949106879E-011
          56         121   6.8890196528429506       0.14515853494296849        5.8045168924908032E-011
          56         122   6.9282850347194032       0.14433586305828139        1.0940090852030184E-009
          56         123   4.8331139803631853       0.20690594181369892        1.0218827173182696E-009
          57         117   10.691831778236503        9.3529342842404758E-002   7.6945914425485096E-008
          57         118   9.5023192221835302       0.10523746641403726        5.6012454986420615E-012
          57         119   7.1752623682846934       0.13936772603885403        2.3065061668347950E-011
          57         120   7.5256371053526649       0.13287911521653664        6.7120716124446445E-010
          57         121   5.2184485679532866       0.19162783478236087        3.7878323178706268E-010
          57         122   6.1339038841449440       0.16302831261911732        3.0648775149176395E-008
          57         123   4.4046070330458793       0.22703500959278058        4.4062224132878290E-009
          58         117   10.773438936144826        9.2820872325642068E-002   2.3443583551694993E-007
          58         118   9.2522825958398567       0.10808143716336921        5.1127877024421586E-012
          58         119   7.5839978418506284       0.13185657760630143        3.1763133769476203E-011
          58         120   7.1060996754036037       0.14072417298920076        3.4524834394624820E-010
          58         121   5.6316898309694334       0.17756659724064758        7.5393598736147914E-010
          58         122   5.7017166314272476       0.17538577671294778        1.2281326581555723E-008
          58         123   3.6908935460184056       0.27093710168876628        1.0588695463764877E-008
          59         117   10.170844140470603        9.8320256036656770E-002   1.9558330529273097E-006
          59         118   9.1767264217799553       0.10897132093058909        1.0200607169012372E-011
          59         119   7.4054732781989365       0.13503525871113631        3.5047463927780089E-011
          59         120   6.8293656942601277       0.14642648303933545        4.5949012562023871E-010
          59         121   5.7009383431949523       0.17540972026011675        1.2143547872128390E-009
          59         122   6.3235711021435259       0.15813849229291121        1.0606055232794623E-008
          59         123   4.4532212447535926       0.22455655020017593        3.0574625031504239E-009
          54         125   10.077198762537950        9.9233926368258840E-002   2.0550327424318289E-007
          54         126   8.4677903014126770       0.11809456356437766        1.1398090922959762E-011
          54         127   9.6452178069827816       0.10367832225375324        9.1974805698675502E-011
          54         128   6.4722647502820507       0.15450542253488961        1.9282597756895952E-011
          54         129   6.3974443460531774       0.15631241882032743        2.3133147435531570E-009
          55         124   10.099541871990025        9.9014392204599955E-002   2.6596948682124444E-009
          55         125   9.1552860022815619       0.10922651676318937        1.1099155195654102E-011
          55         126   7.0599900090370777       0.14164325993662297        3.6045165468959497E-011
          55         127   8.6961169887082654       0.11499385315290492        8.1519400184989099E-010
          55         128   5.1710527748999446       0.19338421855873422        6.6835242619009010E-011
          55         129   5.8449743875032922       0.17108714832660790        3.4194981367738117E-008
          56         124   9.1207388130394556       0.10964024082899414        7.8617397617268255E-009
          56         125   7.7570749338430272       0.12891457263576772        3.7718097843078281E-011
          56         126   5.8343230066944631       0.17139949208375546        2.6335051481564641E-010
          56         127   7.0971445426289748       0.14090173787408491        8.0357123192745963E-009
          56         128   4.3014054834106243       0.23248215120772356        7.6543128602063008E-010
          56         129   5.3712895949017181       0.18617502972641295        3.1159135522980569E-007
          57         124   7.6441711598550466       0.13081863018082429        2.1675403722161398E-008
          57         125   6.8308717756475179       0.14639419869731154        3.1401123010018241E-010
          57         126   4.6863216610945280       0.21338697433040521        1.2111457661720487E-009
          57         127   6.7510232344440233       0.14812569373157466        1.1141018075562550E-007
          57         128   3.5123496989956475       0.28470969171604665        1.3946806677323094E-009
          57         129   5.3206404174931965       0.18794729986115974        3.5459860768243362E-006
          58         124   7.2357563608330349       0.13820255273007456        2.4285279313536619E-008
          58         125   5.7855937479541826       0.17284310713202175        6.0687995372842124E-010
          58         126   3.7340729890530522       0.26780408495807057        8.8865827887797299E-009
          58         127   4.8319770719811093       0.20695462439146059        1.7010472611268763E-006
          58         128   2.1940672421277441       0.45577454546480917        7.7163449607989293E-008
          58         129   3.5570115665435624       0.28113487440012042        1.0044095017839422E-003
          59         124   6.1191830051388045       0.16342050877710537        3.0470998381276297E-006
          59         125   4.9252751311761216       0.20303434292841360        4.5351192586508787E-009
          59         126   2.3292847371981953       0.42931634077629366        6.1340041430627734E-008
          59         127   3.0517001491520968       0.32768619167182800        4.9004847451608255E-004
          59         128  0.69501716297076133        1.4388133894789430        1.9160538298746875E-005
          59         129   2.9268617765833413       0.34166287181738569        983.92877363182515     
          54         130   10.603216974351916        9.4311000370821088E-002   3.1628854026974217E-005
          54         131   9.7518664914985269       0.10254447196049896        6.1895379639870602E-012
          54         132   8.4575461468139856       0.11823760493186392        1.6898846069219557E-011
          54         133   10.306395038583270        9.7027136671588438E-002   9.3320595137795322E-011
          54         134   7.3198711123404596       0.13661442731062781        8.7021907038046343E-012
          54         135   8.0453423757036955       0.12429551823921400        5.2828563756370573E-010
          55         130   9.3391547708241234       0.10707607107273115        1.6997131964588635E-010
          55         131   8.9891332505458852       0.11124543069147104        2.8393513751105038E-011
          55         132   7.4306834441340381       0.13457712302216618        4.4905154407361233E-011
          55         133   9.8126827666951115       0.10190892987940725        4.4112826935761723E-010
          55         134   6.5033568919655398       0.15376674179383154        1.5684002661937421E-011
          55         135   7.8211558005677837       0.12785834031427989        2.1840318020691606E-009
          56         130   8.2919490724620246       0.12059890759834135        2.3859358650248052E-010
          56         131   7.7442763080574704       0.12912762409568962        1.1831246424879468E-010
          56         132   6.7774669565719385       0.14754774997911649        2.6862098406180688E-010
          56         133   8.8786873942960511       0.11262926101468912        1.3307641927302431E-009
          56         134   6.3506386276403255       0.15746447855616136        5.2086458366745351E-011
          56         135   7.7115811369986726       0.12967509285510773        2.9046994683011427E-009
          57         130   7.7368546467952815       0.12925149116174939        2.8261084576584565E-010
          57         131   7.8908246440366483       0.12672946683154748        2.7172948113095743E-010
          57         132   7.0335678273167819       0.14217535460683650        2.1450691937790894E-010
          57         133   9.7439261089081270       0.10262803605271353        8.5271097847204838E-010
          57         134   6.8172817750116881       0.14668603015140672        1.7064840366106707E-011
          57         135   8.3933789636450307       0.11914152861813897        1.2404380370744587E-009
          58         130   5.9967527727757659       0.16675691626638825        1.0225110923226006E-010
          58         131   5.4517787743895063       0.18342637171883056        5.7798461403589180E-009
          58         132   4.5641231892120757       0.21910013348536159        1.8132234187496548E-008
          58         133   6.7422888157040362       0.14831758581311666        1.5297544275056989E-007
          58         134   4.3090120953095266       0.23207175516831954        1.4165169851240197E-009
          58         135   5.8576267236654456       0.17071760410404641        3.0505451362902335E-007
          59         130   3.5120020825096967       0.28473787216133833        7.6603691471258417E-009
          59         131   3.1089499617026521       0.32165200865836341        3.5502001329012193E-006
          59         132   1.5191128917671195       0.65827892411389022        1.5330108443904708E-005
          59         133   4.0443442316322997       0.24725887380669359        8.2761703438480813E-002
          59         134   1.4503161591993923       0.68950483220984238        6.5272861913148880E-007
          59         135   4.3117642785469741       0.23192362462286345       0.14433038925918096     
          55         136   10.896083176459509        9.1776098236883361E-002   3.0272611702326684E-007
          55         137   11.239036929666291        8.8975595174033473E-002   4.4633926631898468E-012
          55         138   10.806655631843405        9.2535566420137647E-002   3.0772362098327405E-012
          55         141   11.207143071092139        8.9228806454645343E-002   4.9273596760431413E-012
          56         136   10.450105605150435        9.5692812856086384E-002   3.1839850405990920E-012
          56         137   10.661379300734293        9.3796494036294711E-002   7.3699045196609952E-012
          56         138   10.986432163794023        9.1021360264301021E-002   5.7962789543692724E-012
          57         136   10.922089565473062        9.1557571836913210E-002   4.0423123749573712E-012
          58         136   8.3258563191366139       0.12010776569630971        4.3375171983690465E-012
          58         137   8.6380826473005783       0.11576643114343232        1.1265826797393227E-010
          58         138   9.1879107139834701       0.10883867193855701        7.2427209588180927E-011
          58         140   9.6461870865088173       0.10366790432652946        3.4538925210915021E-011
          58         141   9.2689217648372590       0.10788741402410118        1.9259359682147215E-011
          58         142   10.615402623553141        9.4202738743157002E-002   3.1085611523701247E-011
          59         136   5.2315452793771229       0.19114811142742547        6.1048129657097066E-012
          59         137   5.9914014085288922       0.16690585921625581        2.9740629093796374E-008
          59         138   6.3026687523966345       0.15866294728240998        5.8421002724203268E-009
          59         139   9.0390610387239612       0.11063095997647665        3.1813849439982653E-009
          59         140   6.8807740372415616       0.14533248651788175        4.2017497593565443E-011
          59         141   7.4201666966317346       0.13476786181285305        1.1098453362392012E-009
          59         142   9.0512370724431541       0.11048213542484034        4.4868966830412714E-010
          60          66   2.8143194177087993       0.35532569391647889        4.1344213111618006E-011
          60          67   3.9284678030900162       0.25455216896863192        5.0632499505833172E-005
          60          68   5.3297847777963234       0.18762483696639332        9.2519150338037533E-007
          60          69   6.9693164782496826       0.14348609409844826        2.3789972912573363E-008
          60          70   5.8759514478352930       0.17018520470729911        9.5197989479195674E-010
          60          71   5.1646110862502326       0.19362542179842052        7.3785602789400278E-009
          61          66   1.4386840371259817       0.69507965209489053        3.4710313417643142E-008
          61          67   2.8538955109644149       0.35039825254922202       0.15897356514503791     
          61          68   4.5238559286881568       0.22105036406187750        4.2820643834295143E-005
          61          69   5.9183969238522511       0.16896467284406225        1.7013937265522862E-007
          61          70   4.3828501716301709       0.22816203174658303        6.7680094137535778E-009
          61          71   4.3506356961528958       0.22985146765661454        2.4878862459691654E-007
          62          67   1.3989976338991612       0.71479749198209097        2.7181748325320630E-007
          62          68   2.9945274440905454       0.33394250634550637       0.22238539059952939     
          62          69   5.0718980407116270       0.19716484676409074        2.4041991615050399E-005
          62          70   3.0583585910606725       0.32697277648308370        4.3138380800663400E-008
          62          71   3.3969530854940988       0.29438145739199884        1.8665909439855131E-005
          63          66  -1.6382993454118100      -0.61038906155983097        5.2946276743079984E-006
          63          67 -0.26488162746848287       -3.7752712770499182        3.3434198783162804E-002
          63          68   1.3352006499170788       0.74895110338817161        104782312.67047565     
          63          69   3.4241894297191888       0.29203991792066480       0.38936023217721027     
          63          70   2.7247754769530879       0.36700271580476240        4.8107925029770761E-006
          63          71   3.2468776749333457       0.30798819669747146        7.4634795864872951E-005
          64          66   1.5680121419523223       0.63775016356372483        9.1058163840566549E-006
          64          67   1.4690300910250613       0.68072125010197648        5.6587037378989583E-002
          64          68   2.3322827767858554       0.42876447485416458       0.12374900379433997     
          64          69   4.6554364205905800       0.21480263280518433        4.8254247911666559E-004
          64          70   2.4355145765357067       0.41059084993135503        1.2061052690734396E-007
          64          71   2.5619922140829345       0.39032124863734224        2.8695990178905840E-004
          65          66   3.2290077421152557       0.30969266098597859        1.5630625074980072E-004
          65          67   3.2393274023958853       0.30870606017174296        9.7292861614931657E-006
          65          68   3.5175823602088077       0.28428616521167649        9.3637945170703532E-006
          65          69   5.9305784267079709       0.16861761670608141        3.4832024416998718E-006
          65          70   2.5926674630471158       0.38570314714588111        6.6030619473362811E-009
          65          71   1.9703862222759190       0.50751471396553804        1.3550277929197185E-004
          60          72   7.6137436686023001       0.13134143248397223        3.6500067535453757E-003
          60          73   8.4708048256718378       0.11805253698791104        3.2940561413212434E-010
          60          74   10.332164700421218        9.6785139319278596E-002   9.1582798207812981E-011
          60          76   9.9818488405503807       0.10018184165818943        8.4452822282614441E-012
          60          77   8.2371318266281683       0.12140148064248540        1.2775507067527634E-011
          61          72   6.2741978762334529       0.15938292347902858        1.2811436118821181E-010
          61          73   7.5449391653790556       0.13253917335591403        3.3590113881167601E-009
          61          74   8.9791605660766827       0.11136898517863746        3.6731706369537284E-010
          61          75   11.246620793971939        8.8915596810731690E-002   4.5507309567166472E-011
          61          76   8.7166324551746008       0.11472320361590481        3.0524277094571875E-012
          61          77   7.5921456014776751       0.13171507140292041        6.4971845912392890E-011
          62          72   5.3890142720096019       0.18556269282751275        3.4082831909201595E-010
          62          73   6.3140541980348353       0.15837684768547547        2.0835216032806268E-008
          62          74   8.0361270348895868       0.12443805276576736        3.1132238425739527E-009
          62          75   10.122718930857472        9.8787688054013001E-002   1.7232508113785685E-010
          62          76   7.9852865631156273       0.12523032105310308        1.0798013675297081E-011
          62          77   6.9875993169125028       0.14311066714710449        1.8596188545648546E-010
          63          72   3.2171752784590177       0.31083168103883546        9.2251638524005801E-010
          63          73   4.7251915293283204       0.21163163308687058        1.0167480289337958E-005
          63          74   6.2916287340731447       0.15894135561184153        1.0089671159283545E-007
          63          75   8.6414323508321509       0.11572155626534555        3.2490243527754943E-009
          63          76   6.5741740102950832       0.15211036374060241        7.2091024893188375E-011
          63          77   6.2594034332679627       0.15975963375121702        1.9178545682808654E-009
          64          72   5.1102610829767130       0.19568471820964239        3.4555301606177619E-009
          64          73   5.7257123132447223       0.17465075876879094        3.9408776118361552E-008
          64          74   7.0563583516454464       0.14171615869917004        1.0068290418115258E-008
          64          75   9.2889266684710066       0.10765506453983062        8.2024289489656802E-010
          64          76   6.7204028842203503       0.14880060276564988        3.0291696774736156E-011
          64          77   5.7573996753774566       0.17368952242045621        1.4728763833839878E-009
          65          72   6.4901253320596144       0.15408022940023164        9.4230927386550045E-009
          65          73   6.3197731274737041       0.15823352829751733        2.2380666178039824E-009
          65          74   6.8679622382519074       0.14560359613370974        3.0795847353206271E-009
          65          75   9.3730630836525819       0.10668870902449008        1.1349460804646398E-009
          65          76   5.9065080328766406       0.16930477270729641        2.7185137459492141E-011
          65          77   5.1280228246318282       0.19500693233981384        6.9333069192896941E-009
          60          83   10.866974079088230        9.2021936623953263E-002   3.7801637968176437E-008
          61          83   10.498435621225546        9.5252286729102589E-002   4.6089971470562526E-012
          62          83   10.373055116796893        9.6403613857282883E-002   6.9729241389931261E-012
          63          78   9.1122907990938007       0.10974188840631030        8.0543368151825253E-012
          63          79   10.259640435451420        9.7469302778348338E-002   3.8139865980655674E-011
          63          83   9.4858613520188797       0.10542005231682726        9.1901865373756701E-012
          64          78   10.360608622199825        9.6519426267804923E-002   2.3549882352900658E-011
          64          79   10.821945115267429        9.2404830125151521E-002   8.1712179297338064E-012
          64          83   9.4460465174125208       0.10586439503094063        4.8444679681057771E-012
          65          78   9.9608330759603803       0.10039320932035439        2.4769033108300819E-011
          65          79   10.491655004235287        9.5313847014252606E-002   1.3102738276132966E-011
          65          80   10.982586308898387        9.1053233898992725E-002   7.0271948752280345E-012
          65          82   9.9929720042666208       0.10007032938479542        4.0593314517623562E-012
          65          83   8.6540228085249886       0.11555319671851458        1.2605903098681922E-011
          63          93   10.863704020754851        9.2049635933519877E-002   7.0842452415039531E-011
          63          94   10.887618278287496        9.1847452256315618E-002   4.6256728588078725E-012
          64          93   9.9543388951250567       0.10045870554896724        4.5052135403154837E-012
          64          94   10.413333479802651        9.6030728482821195E-002   1.3205685393070719E-011
          65          92   10.478860015310230        9.5430227957902028E-002   7.6883420016877076E-012
          65          93   9.6314801800762044       0.10382620130066944        7.1308540545719145E-012
          65          94   9.1154577751525476       0.10970376087154492        1.9615238351899512E-011
          65          95   10.550271688548083        9.4784288928356400E-002   3.7981158646268591E-011
          60         102   10.311001815441534        9.6983786628998703E-002   6.5727375206455022E-012
          60         103   9.1547580962521984       0.10923281527333671        8.6556493255547981E-012
          61         101   9.6649645810005662       0.10346649401755748        3.6070115768409010E-011
          61         102   9.2345389273261738       0.10828910981585371        1.8815112144199222E-011
          61         103   8.0952808673033907       0.12352875908715799        3.2503297029708845E-011
          62          98   10.627031311923826        9.4099656870114998E-002   1.5780725214552672E-010
          62          99   10.288257136543981        9.7198192728678121E-002   6.0251309537488305E-012
          62         100   10.624731416337189        9.4120026268366963E-002   8.8880868870238095E-012
          62         101   7.9529147073004758       0.12574006346151778        6.0408004493546668E-012
          62         102   7.3817947549677285       0.13546841021650322        1.9525138152366190E-010
          62         103   6.1621275911992335       0.16228161218670684        4.7749235576497582E-010
          63          97   10.536174221575633        9.4911110899460319E-002   4.1700549289015562E-009
          63          98   9.9890918386770782       0.10010920073114841        6.6790499778185055E-012
          63          99   9.0117301693510381       0.11096648270728383        1.2664788482551885E-011
          63         100   9.9385553512921021       0.10061824527344318        4.3572437800324225E-011
          63         101   6.6841122232967951       0.14960849946752861        1.3459560638492340E-011
          63         102   6.8038005320445709       0.14697667800374151        1.5717563306697489E-009
          63         103   6.0314358727041704       0.16579799920042157        1.2702556600588651E-009
          64          97   9.7341123848612785       0.10273150344506229        5.3933851714044657E-009
          64          98   8.9628121563185523       0.11157212519454909        1.7272441887322213E-011
          64          99   8.9027436617178441       0.11232492341659125        4.6513442020265362E-011
          64         100   9.2536284465802048       0.10806571776388565        5.0422408547281304E-011
          64         101   6.6071557921999062       0.15135105504558444        3.1707742405737708E-011
          64         102   5.7149644763360250       0.17497921538107608        1.8060736042804434E-009
          64         103   4.2430609989804626       0.23567891204964611        1.0297874398858989E-008
          65          97   9.0860225854508379       0.11005915851466939        3.6707829797927903E-007
          65          98   9.0596164466720488       0.11037994885173523        3.9484284158249061E-011
          65          99   9.1591611416453684       0.10918030423694000        4.0887661715300222E-011
          65         100   10.263883512450956        9.7429009086757043E-002   3.5862587005955733E-011
          65         101   6.9867759430840053       0.14312753237634152        9.1446995099197621E-012
          65         102   6.1977346148098524       0.16134927713917291        9.2382182576099167E-010
          65         103   4.6188690619632515       0.21650321465812450        3.8914755106844878E-009
          61         109   11.049723688888047        9.0500000557084681E-002   1.3258127864859871E-007
          62         105   10.793942341377431        9.2644556397768252E-002   3.7730537799975964E-012
          62         106   9.5638196685152064       0.10456073354164896        4.9974549397740943E-012
          62         107   10.722208869595621        9.3264364848892764E-002   2.1346833824491881E-011
          62         108   9.0431909439369917       0.11058043628620383        5.4137582206070622E-012
          62         109   8.9012762024447643       0.11234344123883570        4.1787809092798356E-011
          63         104   10.723218262322947        9.3255585733398316E-002   5.0522250355324011E-011
          63         105   10.510254781540977        9.5145172099565745E-002   5.4076461227935681E-012
          63         106   9.1965725095571678       0.10873616219094562        6.8794082855671603E-012
          63         107   11.113835801720771        8.9977935416786392E-002   3.4150575031106491E-011
          63         108   8.9169038859937313       0.11214654915937299        3.5199970491512980E-012
          63         109   9.1383077153500878       0.10942945139834243        4.9469894862348217E-011
          64         104   10.154600029672331        9.8477536985990780E-002   3.6857058911806163E-011
          64         105   9.2334041727742910       0.10830241818598281        1.0398151683924170E-011
          64         106   8.0199556571561423       0.12468896871115590        3.2551264003985453E-011
          64         107   9.0939238580343051       0.10996353341099502        1.7654133582706945E-010
          64         108   7.2113019761310504       0.13867121406230612        3.9074573801525791E-011
          64         109   6.8405040037983298       0.14618805857649225        6.3204183699907026E-010
          65         104   10.708714327633446        9.3381891551587715E-002   1.1908383049209250E-009
          65         105   10.218924745682980        9.7857653802808697E-002   5.4961935040107987E-012
          65         106   8.8773481134428227       0.11264625282472773        9.6393467218325076E-012
          65         107   10.287257254992053        9.7207640016461566E-002   5.2180832912616353E-011
          65         108   7.5882759427806779       0.13178223980525886        8.8984590819618747E-012
          65         109   7.2580233769836413       0.13777855871491965        3.4291985299924414E-010
          60         114   10.115680854992435        9.8856420475786924E-002   5.8491082780977740E-010
          60         115   8.6955723971649910       0.11500105505717244        1.0888513246499026E-011
          60         116   6.5215893246206900       0.15333685551537887        6.6885489498321675E-011
          61         112   10.576814947031467        9.4546421111457959E-002   2.1118771343184318E-009
          61         113   10.487894022883621        9.5348026764772026E-002   6.3775099002219464E-012
          61         114   8.5817163376067267       0.11652680660368699        7.0574941948489416E-012
          61         115   7.5740271706031592       0.13203015746778274        7.8346599473937101E-011
          61         116   5.3799989879115291       0.18587364091460390        3.5074194664573782E-010
          62         111   10.195030257100546        9.8087006588678707E-002   2.1258062785714241E-008
          62         112   8.1299649216310588       0.12300176072584787        9.9139742070524284E-012
          62         113   7.6427923197143741       0.13084223123798971        1.4991529788272590E-010
          62         114   6.1476971279202051       0.16266253512366910        3.1469171620764220E-010
          62         115   4.8817640925211272       0.20484398284054775        4.2890435092315650E-009
          62         116   2.7112537702080726       0.36883305096271235        6.8232070368267824E-008
          63         111   10.532576056756248        9.4943534669140878E-002   7.9226046715605929E-005
          63         112   8.1341439335455394       0.12293856712763090        6.7064820463495060E-012
          63         113   8.4227750956258021       0.11872571553279747        1.4899365613017479E-010
          63         114   5.9399446175519515       0.16835173800191647        9.8049991617792340E-011
          63         115   5.3266247925841288       0.18773614416998680        6.4791981797493431E-009
          63         116   3.1514118087680054       0.31731809762778485        2.3959885541962531E-008
          64         110   9.8774563231162809       0.10124064002790809        1.3027111085526996E-005
          64         111   8.8931942512319289       0.11244553663735335        1.4493343904798114E-011
          64         112   7.0411700014083660       0.14202185145366200        5.1075975513838137E-011
          64         113   6.7886393488706442       0.14730492350670532        8.4172854009034493E-010
          64         114   5.1112331218117770       0.19564750348259019        1.3047195438241180E-009
          64         115   3.3648175810007430       0.29719293124431018        3.9318934428848323E-008
          64         116   1.2277710463898543       0.81448410348200195        5.9343303505529468E-006
          65         110   10.936391442662094        9.1437839002275492E-002   1.0653722066314966     
          65         111   10.621810203147469        9.4145911184110476E-002   4.2699368907042801E-012
          65         112   8.7278308597674812       0.11457600589049924        6.0607667439998495E-012
          65         113   9.1518298861916065       0.10926776529236107        6.3978515299917903E-011
          65         114   6.9049438506335008       0.14482376998739158        3.6208851227191940E-011
          65         115   5.4644818140449223       0.18299996852945502        1.0641140975163762E-009
          65         116   3.5939743437026248       0.27824349991596453        1.7632837027712120E-008
          60         118   9.4714015232268967       0.10558099533080517        2.6915989063332950E-006
          60         119   7.4635556874819606       0.13398439589286135        2.3984962029579425E-011
          60         120   7.6605503729455240       0.13053892361724587        4.1837014195554211E-010
          60         121   5.5522154498315199       0.18010828452817779        3.0604856029374284E-010
          60         122   6.2456779148171560       0.16011072194863180        1.4565127469937374E-008
          60         123   4.6955803240535676       0.21296622163556708        3.5477662867981897E-009
          61         117   9.7900313632710780       0.10214471873416722        1.0880246219409181E-007
          61         118   8.6151006135848096       0.11607525493354538        1.6125047986044908E-011
          61         119   6.2695852399208416       0.15950018410031630        7.4780052730438405E-011
          61         120   7.1338102740825455       0.14017754349776376        3.3887870363139640E-009
          61         121   4.3085028735627215       0.23209918371786886        7.1953405487167809E-010
          61         122   5.3849489641228381       0.18570278133785273        3.0548744752237577E-007
          61         123   3.9803904986133509       0.25123163175783131        2.1024753538164129E-008
          62         117   7.4144894761001030       0.13487105258202930        7.9031794356180641E-007
          62         118   5.8554993785195872       0.17077962704059313        4.5282977555538432E-010
          62         119   3.9471769830550514       0.25334561999447414        7.6938327693278556E-009
          62         120   4.7102608456922805       0.21230246747683612        8.7391826628086161E-007
          62         121   1.9985974193973046       0.50035089122728837        1.0480222769622484E-007
          62         122   2.8663203539459214       0.34887935628805394        3.0775572830857214E-003
          62         123   1.9329664861136342       0.51733954374479130        4.0645575891178693E-005
          63         117   8.1197472745928145       0.12315654246149521        4.5942870017019865E-003
          63         118   7.0625768930404433       0.14159137877640854        1.5219481864647445E-010
          63         119   4.8489392584648243       0.20623067163695516        8.1161813557005597E-010
          63         120   6.4921392182232616       0.15403243312974971        7.3985921421676694E-008
          63         121   3.1462628695003936       0.31783739677123468        2.2297497360940062E-009
          63         122   4.4792352589209852       0.22325239515124121        1.3285256780935388E-005
          63         123   3.9311530085231667       0.25437829507828652        1.9163001592621711E-007
          64         117   6.5629132345201064       0.15237135769830454        9.1763641522523132E-007
          64         118   5.0990325859401118       0.19611563235688351        1.9577176710517927E-009
          64         119   3.6617937847477986       0.27309020080956681        4.0462858885112158E-008
          64         120   4.6426122208508254       0.21539597804632832        2.1507177262450362E-006
          64         121   1.4210767380659721       0.70369176640028563        1.2466975033814025E-007
          64         122   1.3753242402883981       0.72710126870904668       0.18428909941898119     
          64         123   8.5945405475648329E-002   11.635293294221979       0.27292847104523676     
          65         117   8.4912387935348281       0.11776844631449927        76955211264954.547     
          65         118   7.5670773099083277       0.13215141844667033        8.8972820830122251E-011
          65         119   6.1410177298705779       0.16283945821160739        3.5462713292129600E-010
          65         120   7.4043112269777911       0.13505645148416712        4.3453603581754785E-009
          65         121   3.8242647326358670       0.26148817352159404        4.6035623540572002E-010
          65         122   3.6458068701447734       0.27428770519604906        1.2774227068334116E-006
          65         123   1.5945015236757616       0.62715524892991437        2.2666585624006526E-006
          60         124   8.3619072153126925       0.11958994213290911        4.6281854216127932E-002
          60         125   7.2882704609696525       0.13720676329936268        1.0696603109642341E-010
          60         126   5.7314267196542161       0.17447662666100200        5.5643731540599930E-010
          60         127   7.5775345389249438       0.13196904545444330        9.9484881001280567E-009
          60         128   4.7191800073172008       0.21190121979866761        3.4879874845622196E-010
          60         129   6.0604739852759018       0.16500359582922544        1.0244988932002549E-007
          61         124   7.5699143471332579       0.13210189100471156        5.0913261264599912E-009
          61         125   7.0123717424522969       0.14260510376911220        3.5303553900876583E-010
          61         126   5.3510002673510826       0.18688094749339867        8.8415995444773109E-010
          61         127   7.8026722306659337       0.12816122098142435        2.2682469779878360E-008
          61         128   4.3191348107841119       0.23152785078696264        2.4546504049460216E-010
          61         129   5.7811826484901765       0.17297498813000861        2.9658480514096538E-007
          62         124   5.7201354414431922       0.17482103531235610        8.9682917234412629E-009
          62         125   4.9714605834278718       0.20114813005527041        1.0186717614390345E-008
          62         126   4.2087539249267305       0.23760001602312941        5.4840576029487366E-008
          62         127   6.5104352431286134       0.15359956172752690        4.0463887091766039E-007
          62         128   3.3488243277411387       0.29861225974625061        2.1557069955786663E-009
          62         129   4.1540711265301802       0.24072770290654166        6.2835000290710644E-006
          63         124   7.3290142995761123       0.13644399630354614        4.7339413529865217E-007
          63         125   7.2367255663322947       0.13818404343704005        5.2043103193762981E-010
          63         126   6.3929670931837368       0.15642189071584817        6.0590532788139080E-010
          63         127   9.1807656656399121       0.10892337702754104        2.6821334676282168E-009
          63         128   5.6807890690790295       0.17603188357108288        3.4862873843530439E-011
          63         129   6.6368945751567239       0.15067287700232695        1.1066391880721555E-008
          64         124   5.5605846578543527       0.17983720445430054        1.7113190471271599E-009
          64         125   4.7867210607825719       0.20891127502560425        1.4304231419555120E-008
          64         126   4.2660254657241410       0.23441022751378582        8.6387830787826295E-008
          64         127   6.4536608420208470       0.15495081388362331        3.4405564648765604E-007
          64         128   2.9485383355062522       0.33915109325797660        2.3946186120660473E-009
          64         129   2.8674926847134818       0.34873672226993646        2.8948673581684348E-005
          65         124   7.6745170562781500       0.13030135872614271        4.0446615762113098E-005
          65         125   7.1082166810692353       0.14068226179193760        2.9943140316521742E-010
          65         126   5.9508144189462922       0.16804422547881598        7.5124590352618720E-010
          65         127   8.1508138281494968       0.12268713543013568        6.3385968908197745E-009
          65         128   4.0877362792792287       0.24463417688391711        1.4537787956016704E-010
          65         129   4.1125347902180538       0.24315903719004850        5.7426927279308719E-007
          60         130   9.0238661310687611       0.11081724678483931        5.3406607809528695E-007
          60         131   8.8818952409961778       0.11258858305199305        4.2874422743396486E-011
          60         132   8.5578512891338221       0.11685176175820348        5.1861163381495694E-011
          60         133   10.897807691066495        9.1761575203768042E-002   8.1008984478582632E-011
          60         134   8.3326390119876610       0.12000999906048501        4.4549243652680317E-012
          60         135   9.3567816995750555       0.10687435403621906        1.1156274747420623E-010
          61         130   8.8526635760841419       0.11296035271254899        2.7758247688925201E-011
          61         131   9.1644517704443551       0.10911727455700421        5.3953856218976093E-011
          61         132   8.6377856050812962       0.11577041220052235        3.5614933101384876E-011
          61         134   8.2697671127042991       0.12092238951490736        7.2457103372939655E-011
          61         135   9.3487763247290339       0.10696587074768676        1.2217733837301742E-010
          62         130   7.9505259298492792       0.12577784272680906        2.8044828162453238E-011
          62         131   8.0201558226172764       0.12468585674856161        1.9595651769491199E-010
          62         132   8.2983318380990205       0.12050614744144526        1.7648847007975266E-010
          62         133   10.760971682108195        9.2928411071154196E-002   1.1722505396660925E-010
          62         134   7.8792653813272491       0.12691538507763164        5.1843241810342384E-012
          62         135   8.1202198658037190       0.12314937483543403        2.1831384306709719E-010
          63         130   10.225418728459278        9.7795506135783999E-002   1.5208856105827271E-010
          63         131   10.768554902981720        9.2862970845151063E-002   9.5661414308298287E-012
          63         132   10.729690220775181        9.3199335621429860E-002   5.1406838234655178E-012
          63         134   10.236098412135258        9.7693472623755218E-002   5.3686341618205352E-012
          63         135   10.649263074017657        9.3903211240956699E-002   9.4470579919648257E-012
          64         130   7.7106020340544390       0.12969155917831404        5.8759128238638094E-012
          64         131   7.5800014680482661       0.13192609582138837        2.8304178245580040E-010
          64         132   7.7544620463890208       0.12895801075790483        3.4743897577345195E-010
          64         133   10.147618916269975        9.8545285179823874E-002   2.6441733065886921E-010
          64         134   6.9342685169150666       0.14421131768414447        1.0484318860274713E-011
          64         135   6.7042637052149985       0.14915881056739116        1.0113515725987647E-009
          65         130   8.8030356481277288       0.11359717715248430        1.5159921458053321E-009
          65         131   8.6927159220852985       0.11503884504718861        5.7719224373510478E-011
          65         132   7.9096756413434459       0.12642743461856440        6.7149714051681429E-011
          65         133   10.513914498102555        9.5112053667591637E-002   2.0845192993487993E-010
          65         134   6.6327222375490198       0.15076765831362909        6.8507279603087516E-012
          65         135   7.0775121467937874       0.14129258689481927        1.7242819713638621E-009
          64         141   10.465788388868125        9.5549419006373579E-002   7.9130248985624922E-010
          64         142   10.986310944446737        9.1022364564100663E-002   7.2384673661665783E-012
          65         141   10.735216335749413        9.3151359853819948E-002   4.0428476260064208E-012
          65         142   11.038235254588344        9.0594191638044927E-002   5.3355648647391556E-012
          66          72   2.6251888480286318       0.38092497640729478        3.8204477390008084E-012
          66          73   3.7859645394217267       0.26413348291760319        1.1667650321449066E-004
          66          74   5.1588392823545064       0.19384205346742217        1.4414232077429242E-006
          66          75   6.9486607856851617       0.14391262299925273        3.5179206173418111E-008
          66          76   5.5511345399381735       0.18014335498543649        9.8649906790717313E-010
          66          77   4.8738791807819926       0.20517537733455971        1.4599197179891860E-008
          67          72   1.4964692140579610       0.66823960734100885        6.9568542157817563E-008
          67          73   2.9050809724972591       0.34422448443506976        9.9105229478246779E-002
          67          74   4.4707399256806983       0.22367662101206742        3.4594822819406625E-005
          67          75   6.0597207516573679       0.16502410605744405        1.9604561553392612E-007
          67          76   4.0965627892334648       0.24410708475607587        5.0989256467354400E-009
          67          77   4.0647978129025741       0.24601469643232368        5.5959602813902638E-007
          68          73   1.4224726858484686       0.70300119640155023        6.1438787220048661E-007
          68          74   2.9103938997437497       0.34359610226232490       0.18213054304361903     
          68          75   5.1338192370780504       0.19478675695818948        3.3844550920314573E-005
          68          76   2.7505434596038256       0.36356451540817863        3.7292640707220630E-008
          68          77   3.1478501467053768       0.31767712991249802        6.6663463974032556E-005
          69          72  -1.6354183204309543      -0.61146434982854225        1.3205091588073107E-005
          69          73 -0.28140408004684403       -3.5536087459482983        3.4147877168351382E-002
          69          74   1.2212674936755912       0.81882143361594528        50692689.557991728     
          69          75   3.5277993853679646       0.28346283072320899        1.1354824880646579     
          69          76   2.4669307324822469       0.40536200989875032        3.3640578092314431E-006
          69          77   3.0728040700110530       0.32543565330424823        2.4605180126635693E-004
          70          72   1.5980694095691330       0.62575504794226500        1.7639715659042554E-005
          70          73   1.5426063890121418       0.64825350596426778        4.5057008483856964E-002
          70          74   2.2622278617633365       0.44204212002787863        6.8841211404436151E-002
          70          75   4.6324163807807048       0.21587005955441968        6.9578305913756036E-004
          70          76   2.1003048511276434       0.47612135898419933        1.2800264654022017E-007
          70          77   2.3102066672072619       0.43286170635498572        1.6963754836427868E-003
          71          72   3.3238392936092271       0.30085690421998085        5.4087887347052102E-004
          71          73   3.3457390385329044       0.29888762646548089        6.8743208956217981E-006
          71          74   3.4551070986406067       0.28942662888610449        6.3533860870618352E-006
          71          75   5.8513295544646873       0.17090132946570732        4.3188870575155494E-006
          71          76   2.2587720992014768       0.44271841340413270        7.7598853918492827E-009
          71          77   1.6612070773282044       0.60197191165856689        7.0866508754069391E-004
          66          78   7.7211010148364476       0.12951520749158110        2.8302496198531861E-002
          66          79   8.5011873836048082       0.11763062674380954        2.7845768024809214E-010
          66          80   10.321400629826680        9.6886075433426158E-002   8.7731376753147699E-011
          66          82   9.7552245346995345       0.10250917305316545        8.5515804239370802E-012
          66          83   7.8746276480259123       0.12699013143188931        1.6829172953023491E-011
          67          78   6.5629106310713414       0.15237141814267829        2.1986175238889939E-010
          67          79   7.7230600987542246       0.12948235378374254        1.9577269903841328E-009
          67          80   9.0782141747258436       0.11015382329093369        2.7761123621437440E-010
          67          82   8.6307344996243192       0.11586499388244746        3.9893755285317664E-011
          67          83   7.3400497307480901       0.13623885895635221        7.3170652767533232E-011
          68          78   5.5645564978204813       0.17970884119725961        5.1111895170709168E-010
          68          79   6.3803914184389026       0.15673019638106639        1.4182191269442821E-008
          68          80   8.0525777325848420       0.12418383692882458        2.7462631287824969E-009
          68          81   10.376888884595303        9.6367997298739488E-002   1.6814768917164904E-010
          68          82   7.9666066200907597       0.12552395865488428        8.0187009439841108E-012
          68          83   6.7825506619668321       0.14743715894486453        1.9126237262355591E-010
          69          78   3.4585296808419272       0.28914021051759919        1.3188440863951185E-009
          69          79   4.8830528702820182       0.20478991863593021        4.2678773248912978E-006
          69          80   6.4233241338835843       0.15568263085540313        6.8016282972418807E-008
          69          81   9.1277849604713222       0.10955560459964693        2.5339145057517410E-009
          69          82   6.5692087688719631       0.15222533415873093        3.7370181922049722E-011
          69          83   6.1328231356067171       0.16305704206502777        1.9353220550192973E-009
          70          78   5.1549459856407669       0.19398845357168154        4.4155492173339501E-009
          70          79   5.6510196870589784       0.17695921362476102        3.5499364997004368E-008
          70          80   6.9311022774466799       0.14427719574329897        1.1786589801706813E-008
          70          81   9.2470911901443476       0.10814211511894802        1.0169095439204583E-009
          70          82   6.7232747330281537       0.14873704254379047        3.1977781277719707E-011
          70          83   5.5527459001787207       0.18009107889626536        1.4653444197685252E-009
          71          78   6.4536689868255834       0.15495061832910612        1.4548439469475340E-008
          71          79   6.1513908330186755       0.16256486169474449        2.3945823469913921E-009
          71          80   6.6115308216129041       0.15125090194407456        4.2582402399832692E-009
          71          81   9.0535781603023509       0.11045356678807358        1.7917841501746804E-009
          71          82   5.8053828222461910       0.17225392891714328        4.1216105222723454E-011
          71          83   4.8452720553127646       0.20638675983188925        8.5298157559456461E-009
          68          85   10.987912196166615        9.1009100013455954E-002   7.4660691456698314E-008
          68          86   10.825709224182161        9.2372700881918068E-002   4.0357833934514667E-012
          69          84   9.6938317135854977       0.10315838252056120        4.8242934671137394E-012
          69          85   9.7524674873223329       0.10253815265725771        1.8153664319264463E-011
          69          86   9.4720612379843327       0.10557364177396317        1.6886353606970933E-011
          69          87   10.611886433545688        9.4233952300776344E-002   2.3964923510321549E-011
          70          84   10.321952311050332        9.6880897127322896E-002   6.1291308036342720E-012
          70          85   9.7862884417815650       0.10218378560462223        8.5460973219508707E-012
          70          86   9.3733406821182861       0.10668554935890898        1.6199211233181487E-011
          70          87   10.239576714214508        9.7660286934694002E-002   2.7175477735907500E-011
          70          88   10.707478845811746        9.3392666415694311E-002   9.4086207793860452E-012
          71          84   9.9269142841995190       0.10073623800617287        5.5038084709917882E-012
          71          85   9.9272180893360567       0.10073315514990173        1.3650191689863117E-011
          71          86   9.1140914538034483       0.10972020689815273        1.3645179650796351E-011
          71          87   10.813234204003649        9.2479269489025351E-002   3.8049541472176466E-011
          71          88   10.284403133319945        9.7234617025089953E-002   4.8915072235960092E-012
          66          92   10.735652038508510        9.3147579337801323E-002   8.9281382990681841E-012
          66          93   9.7378736709870797       0.10269182305983181        5.3329669398277798E-012
          66          94   9.9979594584353624       0.10002040958030607        1.7192553285980117E-011
          67          91   11.354249897604358        8.8072748884185717E-002   1.2530648759304211E-011
          67          92   9.1954065871423598       0.10874994928427284        2.7227554219449063E-012
          67          93   8.5374433469326636       0.11713108472447790        3.4202572339905665E-011
          67          94   8.5035660913197066       0.11759772185704333        8.3363510632557739E-011
          67          95   10.253361637040522        9.7528989554750062E-002   8.7437335598514769E-011
          68          90   10.737397260032045        9.3132439434118086E-002   9.2579474218051012E-012
          68          91   9.1765600214927119       0.10897329692802840        5.3225745967633188E-012
          68          92   7.3774729619542487       0.13554776888468675        3.5055090955403361E-011
          68          93   6.0826375021618233       0.16440236651363674        4.8085982595256628E-010
          68          94   6.9476498391207233       0.14393356360149512        4.8731164565941034E-009
          68          95   8.6308919917251306       0.11586287963732488        9.8822298271282605E-010
          68          96   10.564843406841074        9.4653556280111822E-002   7.3154632207858118E-011
          69          90   9.2438821347820834       0.10817965714180693        6.4647724300004408E-012
          69          91   8.1475378696984837       0.12273646541970686        3.2111250697318766E-011
          69          92   6.2733649307322867       0.15940408553329138        1.4608087452372972E-010
          69          93   5.7431893376940604       0.17411928132627238        3.3643672075986014E-009
          69          94   6.0756350172085920       0.16459184878084449        9.7067178148054575E-009
          69          95   8.2698226135450756       0.12092157797461195        4.9409435802576510E-009
          69          96   10.321798826498028        9.6882337740666777E-002   1.2216749918536566E-010
          70          90   9.5638998448086472       0.10455985698583065        8.5476224063574594E-012
          70          91   7.9601402583748992       0.12562592712457490        2.1344686460597799E-011
          70          92   5.9210683900475143       0.16888843940408790        1.9313517242929032E-010
          70          93   4.5764910073992375       0.21850802249653878        6.7314571404109776E-009
          70          94   5.2170727457257282       0.19167836998617385        1.4808758578758383E-007
          70          95   6.7593945107150919       0.14794224518405980        3.0745906585462780E-008
          70          96   8.5958455340434341       0.11633526871086131        1.3740941057140884E-009
          71          90   10.047970307248683        9.9522587091901774E-002   7.6815131923447130E-011
          71          91   8.8445149090858752       0.11306442583670821        1.1802388245360982E-011
          71          92   6.2909718519875781       0.15895795173269750        5.4553396218345254E-011
          71          93   5.7305358157610993       0.17450375185678607        3.2530977176626556E-009
          71          94   4.9435735874839555       0.20228281875519782        9.9670638065792636E-009
          71          95   6.5644821471201285       0.15233494091208780        5.8670254799825581E-008
          71          96   8.3532683680971296       0.11971362057745064        1.9521103065839353E-009
          66          97   9.9731059539388021       0.10026966570078980        1.0830108332521191E-010
          66          98   9.0587398320052301       0.11039063032442134        1.2910552173437492E-011
          66          99   8.4491757558482572       0.11835474002394032        4.0935167404876454E-011
          66         100   9.2171527190995270       0.10849337430721180        9.4436065043133303E-011
          66         101   6.1608389909495163       0.16231555498675332        3.3246705195461511E-011
          66         102   5.9157561695944736       0.16904009755164576        4.1805334752377930E-009
          66         103   5.4584011631117004       0.18320383022744421        6.8043528899836990E-009
          67          97   8.3557788099334296       0.11967765336382415        1.7870002087500496E-008
          67          98   7.8455433248055133       0.12746089832150528        1.0791126724014490E-010
          67          99   6.8938196698862235       0.14505746420496435        2.2984428668362888E-010
          67         100   8.1378472472596091       0.12288262111785724        1.0849031916884516E-009
          67         101   4.5990006977555247       0.21743854061340662        1.4818205379878034E-010
          67         102   4.7008481848092423       0.21272756759758651        1.3962021660545155E-007
          67         103   4.3173249540758878       0.23162490909004263        1.0734833281197097E-007
          68          97   6.1808474107021176       0.16179011283606567        2.9808021820329132E-007
          68          98   5.1465301617607988       0.19430567169898152        4.0209969876038382E-009
          68          99   4.4837545344027951       0.22302737411855064        3.6202265147901678E-008
          68         100   5.2704896310820626       0.18973569250618069        1.8932504398493529E-007
          68         101   2.1727553815131859       0.46024509178919332        2.7208114959897250E-008
          68         102   2.1235728540984038       0.47090449384396832        1.1292237451246598E-003
          68         103   1.9218098808618267       0.52034283409530324        1.4862916305691273E-003
          69          97   5.7677586989032434       0.17337757215643451        4.9247586264820334E-003
          69          98   5.1486555538551180       0.19422546129566542        9.2219978932973894E-009
          69          99   3.8464832249868479       0.25997773589755335        3.6023337927158561E-008
          69         100   5.4522016106580402       0.18341214639700520        1.1916367815162063E-006
          69         101   1.8026798119489582       0.55472968264888656        1.8115366806550001E-008
          69         102   2.5653216521614568       0.38981466482280397        1.0614190339975826E-002
          69         103   3.2120292065046789       0.31132967221309832        1.5388918226672481E-004
          70          97   4.6255867626498315       0.21618878886343409        1.0364686864151481E-005
          70          98   3.8377121023931471       0.26057191715251726        1.3028908534549084E-007
          70          99   3.7972401527720052       0.26334915880155613        1.2247326972481991E-006
          70         100   4.8408557843683884       0.20657504469129218        1.3908914533349961E-006
          70         101   1.5290073250087124       0.65401910353457715        7.5482152731252605E-008
          70         102  0.53096377018740615        1.8833676724252679        7.6558818251722435E-002
          70         103   4.7376157437403421E-002   21.107663729825862        24896.101849054066     
          71          97   5.5250175437812512       0.18099490039186605        97766938053778560.     
          71          98   5.6242750327849969       0.17780069327527634        1.5449202877587394E-008
          71          99   5.8651196033642012       0.17049950685172821        1.2477035573711267E-008
          71         100   7.5846211862011970       0.13184574093420953        7.5437543742840507E-009
          71         101   3.8419664299498661       0.26028337785685673        3.4490800575764637E-010
          71         102   2.7756078406554439       0.36028144370850884        1.2085572373767090E-006
          71         103   2.0009011758601520       0.49977480750398262        5.9787823725508676E-005
          66         104   10.513298832450188        9.5117623491630929E-002   3.0353050167701632E-003
          66         105   10.064441154912625        9.9359714524425727E-002   6.8555437084790866E-012
          66         106   9.4260831592836496       0.10608860362271583        1.1572682372163640E-011
          66         108   9.1859777415252761       0.10886157447121748        2.5405913216369606E-011
          66         109   8.8157857608180858       0.11343288359439467        3.4626241050178342E-011
          67         104   9.0409411086776998       0.11060795419186807        5.6725415133164146E-011
          67         105   9.0242468686254718       0.11081257134893906        4.1912766619306810E-011
          67         106   8.1195172758654035       0.12316003107381983        4.2852721055747197E-011
          67         107   10.323837294366806        9.6863208077257207E-002   1.5224656074029407E-010
          67         108   7.8267279075828906       0.12776731372393238        8.5273913896309470E-012
          67         109   7.7412515959486417       0.12917807767975745        2.3656319684034040E-010
          68         104   6.5780302986898267       0.15202119093297184        2.6988318225393860E-010
          68         105   6.2068067974269017       0.16111344087825655        1.9044061646895672E-009
          68         106   5.8673827836970034       0.17043374139123507        3.8237658309548288E-009
          68         107   7.8220969798086166       0.12784295599777479        7.5089108250172911E-009
          68         108   5.6665986261973256       0.17647270716808616        2.3824931444982447E-010
          68         109   5.2608212008745525       0.19008439211615122        1.1403563601352830E-008
          69         104   6.5497803294665804       0.15267687612378916        2.7814260155587141E-008
          69         105   6.9568692802364485       0.14374281874763245        2.0053454537856290E-009
          69         106   6.7486811749162978       0.14817709921115110        9.7262156976254856E-010
          69         107   9.3658285119000393       0.10677112000603252        1.4004998794496827E-009
          69         108   6.7702975353515651       0.14770399598812795        2.7438198511990207E-011
          69         109   6.6119894769103436       0.15124041009019890        1.3477736199325806E-009
          70         104   6.0278580963234596       0.16589640698574587        1.7902932261545808E-009
          70         105   5.5889679319518013       0.17892391084999051        5.4319251161759871E-009
          70         106   5.4041423851407089       0.18504323697125585        1.3456453034316779E-008
          70         107   7.2569988007461372       0.13779801092115157        2.0145990118501409E-008
          70         108   4.7041208631314397       0.21257957205936243        5.8590256225847950E-010
          70         109   3.6657861960537090       0.27279277800667145        1.0645556134931199E-007
          71         104   8.2439744948076648       0.12130071491970700        2.1227773009165122E-006
          71         105   8.1578888664700617       0.12258073336964964        1.2684411979807123E-010
          71         106   7.6048084992213738       0.13149575036667735        1.4387210458678550E-010
          71         107   9.5850805367240994       0.10432880518516444        3.3408011395667486E-010
          71         108   6.4114455035927005       0.15597106759148818        2.0785516337716770E-011
          71         109   5.4848188630266668       0.18232142664565112        2.5908278145741340E-009
          66         111   10.656584629442154        9.3838695489471047E-002   1.6864075541484640E-008
          66         112   8.7859235880713751       0.11381842671130185        5.8276512506654107E-012
          66         113   8.9418152513470854       0.11183411554486657        5.9082783944890277E-011
          66         114   6.5087007760236482       0.15364049361183396        4.7841160072736431E-011
          66         115   5.5133825711845343       0.18137685660096556        2.1626106551452549E-009
          66         116   3.4009723130688760       0.29403356097822725        1.5845008068654753E-008
          67         110   10.679622985621942        9.3636264252615259E-002   5.2200282837229454E-006
          67         111   9.9971818771391021       0.10002818917266416        5.6785696395097196E-012
          67         112   7.8869652140485389       0.12679148098926124        1.2542349377565263E-011
          67         113   8.7067860142280864       0.11485294325206366        2.1576992411935459E-010
          67         114   5.5819399914631074       0.17914918496604718        6.5859065074895249E-011
          67         115   4.8473697728025158       0.20629744518579365        1.3661174958258041E-008
          67         116   2.8189405424923568       0.35474320402510279        7.4273896609776558E-008
          68         110   8.6241360496471220       0.11595364384829220        4.9645401098230912E-005
          68         111   7.6198345513178474       0.13123644526206285        7.3845294009851637E-011
          68         112   6.1499559604955927       0.16260279039777306        3.2625976061671705E-010
          68         113   6.9809929423527102       0.14324609812067557        4.2701776495344155E-009
          68         114   3.8487332735926252       0.25982574756772986        9.3304722526014948E-010
          68         115   2.7389246831061733       0.36510679032835436        1.1833037452540329E-006
          68         116   1.0578580615683615       0.94530640388316167        7.0137282419750342E-005
          69         110   9.7580682873723230       0.10247929923733733        6.3647479940022667     
          69         111   9.2095384382108012       0.10858307467950334        1.6770413735750381E-011
          69         112   7.5783621466941522       0.13195463355313811        3.3578062620491992E-011
          69         113   9.1062506665026888       0.10981467967694943        3.4834192906434362E-010
          69         114   5.3290345695575585       0.18765125032450761        3.8444551807524761E-011
          69         115   4.9515335271176752       0.20195763484653359        2.3830193163602936E-008
          69         116   3.6173914474006517       0.27644229676016119        5.7548409418961284E-008
          70         110   8.3093659463028402       0.12034612586113612        2.4897969101117968E-006
          70         111   7.5552908228222453       0.13235757874194637        1.1537066162900893E-010
          70         112   6.4004832099282769       0.15623820377324385        3.6132314317727908E-010
          70         113   7.4175753555647717       0.13481494316734990        2.6445809253947197E-009
          70         114   4.2577677976557329       0.23486485114349964        4.5057429163827547E-010
          70         115   2.5254167067136519       0.39597425539379966        3.5214890079772580E-007
          70         116   1.0479670874751221       0.95422844090391257        1.8574341360766937E-004
          71         110   10.404130380527688        9.6115673624351569E-002   7.1242359150544150     
          71         111   10.221491257349935        9.7833082749147107E-002   7.7703500038900571E-012
          71         112   8.7506992385633762       0.11427658210364598        9.6103427042842143E-012
          71         113   9.9822186722869652       0.10017813001594926        6.2000747310829908E-011
          71         114   6.7440394528054792       0.14827908510885210        1.2769828379689415E-011
          71         115   5.3961913664551711       0.18531588894648729        1.4121108368511238E-009
          71         116   3.8416850759122507       0.26030244026770960        2.0505100388244307E-008
          66         117   9.1927762430809068       0.10878106608465167        1.2096198006582196E-006
          66         118   7.8118063394215884       0.12801136594408244        3.4320194583878541E-011
          66         119   6.1331657935711288       0.16304793212148516        2.4204292572074912E-010
          66         120   7.5474336975797360       0.13249536730884748        4.4125897833630366E-009
          66         121   4.4837492890820396       0.22302763502745501        3.6586286805607172E-010
          66         122   5.2401235988785384       0.19083519331758020        1.8932770178823794E-007
          66         123   4.6881821644799526       0.21330229178731738        2.9161619783553811E-008
          67         117   8.6672654112874721       0.11537664448324028        1.1088078018157356E-007
          67         118   7.7859107233457614       0.12843712643680044        6.9554440717952950E-011
          67         119   5.9927031878266046       0.16686960269138135        2.5188190996576769E-010
          67         120   8.0387038367680805       0.12439816421972387        5.8268896832100180E-009
          67         121   4.3070786682202549       0.23217593107330309        1.7166338407015460E-010
          67         122   5.1085908728985583       0.19574869565403483        3.0670182697493065E-007
          67         123   4.6489650402936942       0.21510163903853016        3.9563666788254468E-008
          68         117   7.5635029727154919       0.13221387016140410        1.2264070794536361E-007
          68         118   6.4978444930376078       0.15389718868641633        3.5664343158742835E-010
          68         119   5.5813665518025122       0.17916759107624786        2.2063695249954418E-009
          68         120   7.5763373741438631       0.13198989836602959        1.3678027363987101E-008
          68         121   4.0823927150318546       0.24495438577427431        3.4946070314050681E-010
          68         122   4.1112918701383219       0.24323254869432454        5.8335462981821302E-007
          68         123   4.1023318972125278       0.24376379704418474        5.3600680035151839E-007
          69         117   9.4871869935876560       0.10540532200702855        5.5022521260656455E-007
          69         118   8.9496891993387635       0.11173572374713121        2.3510425276075195E-011
          69         119   7.7201834883247447       0.12953060008383258        4.7338508430794545E-011
          69         120   10.212695428481728        9.7917342880033884E-002   2.7885506879674096E-010
          69         121   6.4135144883943962       0.15592075168919545        9.7101390817068030E-012
          69         122   6.8890545194889743       0.14515780027157912        2.5808160506796767E-009
          69         123   6.9318479080163122       0.14426167643458440        1.0939426435182380E-009
          70         117   7.9182362789130849       0.12629075020949834        1.0155977025244851E-009
          70         118   6.9407214570155293       0.14407724127716173        2.0576359086089749E-010
          70         119   6.3673607055990882       0.15705094249186446        1.0001257836697007E-009
          70         120   8.2887028607579261       0.12064613930539177        2.8144696987128834E-009
          70         121   4.6416806814415441       0.21543920588898305        1.1886969838555449E-010
          70         122   3.9311863881459788       0.25437613515741203        1.2497032179513700E-007
          70         123   3.5660736531973809       0.28042045601144244        9.1754292000830987E-007
          71         117   9.8258543150750945       0.10177232105566360        2.9554683136070334E-006
          71         118   9.1563229461581379       0.10921414697584314        1.5433561776934970E-011
          71         119   8.1042829452867906       0.12339154577291384        3.5996211046857089E-011
          71         120   10.059121818475765        9.9412256660743742E-002   1.5571658512098201E-010
          71         121   6.0461782276555613       0.16539373507481858        1.1646332953657451E-011
          71         122   5.7606528391861778       0.17359143623403500        5.2376765153858131E-009
          71         123   4.5480877027692097       0.21987262897132054        9.3594336407629615E-009
          66         124   8.8295567343536856       0.11325596857079361        1.5957470254620999E-007
          66         125   8.3863900309977311       0.11924081712200425        5.5672816822452620E-011
          66         126   7.9902923233756074       0.12515186673139594        1.0327836037680698E-010
          66         127   10.371207325760770        9.6420789652534117E-002   1.8456867511603101E-010
          66         128   7.2090037915953964       0.13871542156294162        8.0715737558443960E-012
          66         129   7.5873351766682386       0.13179857970095918        6.3446397194187463E-010
          67         124   8.9372175524724025       0.11189164794621775        3.4343043142576348E-010
          67         125   8.9589908034045482       0.11161971498173492        4.8137336385418811E-011
          67         126   8.3738040230157189       0.11942003864091659        4.6752078521604634E-011
          67         127   11.147179323518110        8.9708792778655566E-002   1.0515659170120423E-010
          67         128   7.4575063604608136       0.13409308040311321        3.3957066206501362E-012
          67         129   7.8163693053690757       0.12793663668285205        4.2246080642061485E-010
          68         124   8.9180137018041599       0.11213259291109801        2.4035278888727211E-010
          68         125   8.7414539986612194       0.11439744465316103        4.9396069128649298E-011
          68         126   8.9824419120595334       0.11132830134503098        6.2792228350218065E-011
          68         128   8.0626640506979221       0.12402848409806158        4.5308220404105120E-011
          68         129   7.5047101996587973       0.13324964900649530        1.6564077024438441E-010
          69         128   10.509183436706561        9.5154871548553607E-002   3.9165429876481644E-010
          69         129   10.354899183963072        9.6572644719586320E-002   6.8878287521685778E-012
          70         124   9.4646052671439289       0.10565680995397321        8.2254471042493987E-012
          70         125   9.1576032391921576       0.10919887812132549        2.4192455018068369E-011
          70         126   9.3475452799381813       0.10697995784478440        3.5935867382773085E-011
          70         128   8.0849405873591298       0.12368674688389276        2.8089181356962225E-011
          70         129   7.0224043293136909       0.14240137040040407        1.6024630314540453E-010
          71         124   10.619236536483724        9.4168728285161943E-002   8.6912058867245487E-010
          71         125   10.398897101675567        9.6164044150304231E-002   6.0784168291056363E-012
          71         126   9.7410352483574059       0.10265849311741544        7.8174055541516277E-012
          71         128   8.0828383679357660       0.12371891586586121        1.7125711935727252E-011
          71         129   7.7117336698330812       0.12967252797017884        1.6074714977094540E-010
          70         135   10.369064583709793        9.6440714774892924E-002   2.8254377486428562E-010
          71         134   10.664063148830227        9.3772888067499213E-002   8.0916121742609082E-012
          71         135   10.561218922983475        9.4686040247095510E-002   5.7787980182080758E-012
          72          78   2.9835993615246075       0.33516564351622730        6.4914463302092043E-012
          72          79   4.0890526636617066       0.24455542206309219        2.5120249378178762E-005
          72          80   5.4567169778946010       0.18326037506637116        5.7205470988678254E-007
          72          81   7.6608208973468059       0.13053431393316256        1.7936300272346277E-008
          72          82   5.5993746671332705       0.17859137125967195        3.0591889660411564E-010
          72          83   4.8372007176063043       0.20673113612181290        1.3159387498984644E-008
          73          78   1.6964290149561423       0.58947353009395032        7.6169430669709363E-008
          73          79   3.0746411705688970       0.32524120524118633        2.2002990491056293E-002
          73          80   4.6822501851618368       0.21357252612622538        1.7513653537187109E-005
          73          81   6.5982710789623553       0.15155485248072895        1.1257828464726687E-007
          73          82   4.1490827091151807       0.24101712838914618        1.8354737039161814E-009
          73          83   4.0332541489027722       0.24793875195592255        4.8026938772448327E-007
          74          79   1.4281967679865710       0.70018363184631061        6.7459472718919603E-007
          74          80   3.0346400851600084       0.32952836973656224       0.17356152677409126     
          74          81   5.4641205522990077       0.18301206761978445        2.0493858369958081E-005
          74          82   2.9462125651321669       0.33941882260458694        1.7646831710983814E-008
          74          83   3.2036091354224228       0.31214794243872124        2.9224095906826324E-005
          75          78  -1.6363370860058786      -0.61112102668337831        1.0696353119034129E-005
          75          79 -0.26602999243412206       -3.7589746586473085        3.3918507396682812E-002
          75          80   1.3222310746505368       0.75629745751081978        99481606.012869075     
          75          81   4.0045608903853207       0.24971526900762883       0.43774550768020887     
          75          82   2.4319064582233327       0.41120002647246789        7.3493883008904474E-007
          75          83   3.0881865374570254       0.32381463615324624        2.9211080419816075E-004
          76          78   1.5800689436073263       0.63288377639837767        1.6613751428301406E-005
          76          79   1.5216920479008289       0.65716318973967036        5.1617571523152668E-002
          76          80   2.3832920215447739       0.41958769255302247        8.1094006980124519E-002
          76          81   4.7444257454804095       0.21077366443190951        3.7220560047016693E-004
          76          82   2.5054507208384660       0.39912978199201748        9.6096189268012117E-008
          76          83   2.4681002256782270       0.40516993175396793        2.0430529930184807E-004
          77          78   3.2965887686531889       0.30334387155257669        2.4465636121528197E-004
          77          79   3.2909183995161571       0.30386654380340261        7.5880942577455119E-006
          77          80   3.4738494930892134       0.28786509087091255        7.7464843403032071E-006
          77          81   5.7587757348066670       0.17364801931005772        4.0474177509412296E-006
          77          82   2.4544964876101103       0.40741553514043860        9.3961084449717403E-009
          77          83   1.6916558483886757       0.59113678527019142        2.6143337739650547E-004
          72          84   8.6397967151374697       0.11574346399238038        2.2759663601830907E-002
          72          85   8.4420794885742474       0.11845422698914748        7.2254969732627860E-011
          72          86   8.8270299757972044       0.11328838836413785        9.5393057406540511E-011
          72          87   9.6811824781339695       0.10329316715789745        5.5864355924625082E-011
          72          88   10.726233089286614        9.3229374345668678E-002   1.8440349149745551E-011
          73          84   7.1694940798587634       0.13947985574174568        5.3894351389152674E-012
          73          85   7.3096812510723712       0.13680487091735968        6.7771623171965759E-010
          73          86   7.2310199447779464       0.13829307727496642        5.3719101589370222E-010
          73          87   8.5371939508273478       0.11713450646193753        6.1166735134237548E-010
          73          88   9.1180137978277802       0.10967300797880278        8.3392738796878802E-011
          74          84   5.5194481982938477       0.18117753153460459        3.7853589858675367E-011
          74          85   4.9965009309175290       0.20014006077976768        1.5637310957542834E-008
          74          86   5.0276455956135084       0.19890025678669043        5.1631927836156007E-008
          74          87   5.7821057548975627       0.17294737287587300        4.7921912160229182E-008
          74          88   6.8415300580683720       0.14616613411216067        8.9511254746405537E-009
          74          89   9.2901156034964476       0.10764128700655112        1.1886969289046121E-009
          75          84   3.5339005833631747       0.28297343867220820        3.0245209275865826E-011
          75          85   3.5965036649750970       0.27804781898002717        3.2950201984466718E-006
          75          86   3.7595758260358547       0.26598745344482461        2.6689714404666245E-006
          75          87   5.0035897740419966       0.19985651205617935        1.5676309590998389E-006
          75          88   5.8593749294770205       0.17066666872079736        5.0760940224696507E-008
          75          89   8.8842444526410862       0.11255881187541192        7.6329874936491064E-009
          76          84   4.9993303084173970       0.20002679125167927        5.1696842167773230E-011
          76          85   4.4436158723617929       0.22504195428316748        5.1282363389550852E-008
          76          86   4.1996854207951166       0.23811307271930676        2.1089772769558743E-007
          76          87   5.3487139757294972       0.18696082918952731        4.1524927774766607E-007
          76          88   5.7856079014029582       0.17284268430245833        2.2799090333834660E-008
          76          89   7.8708244863126389       0.12705149272976415        8.8863219191788155E-009
          77          84   6.7087703634302187       0.14905861220873512        2.2113998530015516E-010
          77          85   6.1288760252310794       0.16316205383878632        1.5038166697078720E-009
          77          86   5.6605032641035873       0.17666273709999578        4.4497947009306676E-009
          77          87   7.7174858057890265       0.12957587809878210        1.1551794941392251E-008
          77          88   7.0720512728480465       0.14140168975291964        2.8002702103642626E-010
          77          89   9.3753239589050672       0.10666298086160095        7.9866601537172062E-010
          72          90   8.7079766288736931       0.11483723976523143        2.7106572813600086E-011
          72          91   7.2638855640493780       0.13766736702863649        6.5751089826835711E-011
          72          92   6.0191990198817784       0.16613506160818733        5.7927140310334895E-010
          72          93   5.4639590552791386       0.18301747686667333        5.5264414745353957E-009
          72          94   5.8206110298697809       0.17180326856893099        1.7653091730218020E-008
          72          95   7.5003989626728202       0.13332624104086896        8.2658415834093809E-009
          72          96   9.6335220602220719       0.10380419474297109        3.9436433511443780E-010
          73          90   7.2226372569017858       0.13845358204088445        1.9565405726659534E-011
          73          91   6.1551120444616103       0.16246657945078405        6.2024085180324627E-010
          73          92   4.4845915635344511       0.22298574704802498        4.2274497779101035E-009
          73          93   4.4860105119892086       0.22291521549658053        1.8890143885249640E-007
          73          94   4.2402826407836276       0.23583333582102783        1.8818567880837782E-007
          73          95   6.3242783704431655       0.15812080705896037        3.6997496835043108E-007
          73          96   8.4568279174649366       0.11824764672517604        3.0533618929287494E-009
          74          90   4.8780256251038168       0.20500097310963131        9.3415746995795641E-011
          74          91   3.3691434373338121       0.29681134644458912        6.8862230246207171E-008
          74          92   2.0366472482662088       0.49100304475961498        5.8435397357879641E-006
          74          93   1.7382197587753643       0.57530125000105536        2.4542581159597908E-003
          74          94   2.0056764814631824       0.49858489603990336        1.6430615203840086E-002
          74          95   3.9792681117459665       0.25130249380488068        2.9497107367170853E-003
          74          96   6.0113829606364515       0.16635107204917213        7.9299708909143847E-007
          75          90   3.6570403551241650       0.27344516409254871        5.6132871757762739E-009
          75          91   2.7466516368869658       0.36407966214943532        2.1845046817446626E-006
          75          92   1.7855290164340198       0.56005810647488441        6.7805831630651922E-005
          75          93   2.8143235029112783       0.35532517813447867        1.1904387794800794E-002
          75          94   1.9989570760257989       0.50026086702578787        5.0631617550247407E-005
          75          95   4.1146186002398100       0.24303589157491234        3.0709192063099184E-003
          75          96   6.1369208281202479       0.16294816700548867        5.3082943031466786E-007
          76          90   4.8025383270963395       0.20822322111578223        4.3802991026136008E-009
          76          91   3.2189548412495279       0.31065984125823332        8.3034760875274738E-008
          76          92   1.4363272528426760       0.69622016711085277        1.0100233288125239E-005
          76          93   1.2706604899196448       0.78699228309462821       0.16213217277648032     
          76          94  0.56698084077435151        1.7637280276248040       0.70559533289251686     
          76          95   2.1571204415543175       0.46358097616443150        11326.335184283944     
          76          96   4.2439113273313360       0.23563169040782522        1.2314514110943918E-003
          77          90   7.0824528379775238       0.14119402174311713        3.6619667728611682E-007
          77          91   5.9667203418285446       0.16759625769448125        7.8470373213187156E-010
          77          92   3.7679961314238613       0.26539305379332145        6.1387764161997875E-009
          77          93   4.1730642536502991       0.23963206392647113        1.5261057694333846E-006
          77          94   2.1648790515318366       0.46191956972950277        4.4817657424446932E-007
          77          95   3.4082213415055636       0.29340817388293666        1.1795228457406970E-003
          77          96   5.4954883897072522       0.18196744840239223        5.0883445834399715E-006
          72          97   6.1364635845051989       0.16296030869066633        1.6475343455625779E-008
          72          98   5.2501970789816141       0.19046904048675653        4.3842173557601396E-009
          72          99   4.3982024862466833       0.22736561200331984        2.8497236117066845E-008
          72         100   5.8874705562140619       0.16985222948495729        2.3856535597474157E-007
          72         101   2.6089664093563076       0.38329355119858488        7.2071744559360894E-009
          72         102   2.9127302659203247       0.34332049613390264        1.2568636389260278E-004
          72         103   3.8620684404419157       0.25892860663172901        3.3520214607008933E-005
          73          97   4.8939895997240725       0.20433226912790761        1.1351948816099104E-006
          73          98   4.5718993508241415       0.21872747479004270        6.6214561588403239E-008
          73          99   3.6075221984559471       0.27719857148155852        1.4988220776536627E-007
          73         100   5.8012230587301801       0.17237744349359466        2.5727753565244999E-006
          73         101   1.9970484406914704       0.50073898039937070        8.6035014956480344E-009
          73         102   2.3917137946693416       0.41811022800002356        3.1063244949302952E-003
          73         103   3.6149962710283332       0.27662545823748164        3.5677918743072957E-004
          74          97   2.7182761925958356       0.36788020390416748        2.5096650882863161E-006
          74          98   2.1917579894566304       0.45625475294738860        7.6804565278456360E-005
          74          99   1.9925755731571719       0.50186302264838678        1.0171823904627361E-003
          74         100   4.1645479360464286       0.24012210097150180        3.1910410323732321E-003
          74         101  0.90016101776257962        1.1109123593083134        4.5929913576296220E-007
          74         102  0.67616298945523035        1.4789333571860803        44.163917994200958     
          74         103   2.4372265566183673       0.41030243876362982        1368.6527275147905     
          75          97   3.7538441433910696       0.26639358529590973        2.8455039520073412E-004
          75          98   3.9120609023090327       0.25561974237409385        1.5965964813186501E-006
          75          99   3.3485599949922165       0.29863583196822024        9.7284292917846879E-007
          75         100   6.0780404524883043       0.16452671018183293        6.2894547898596511E-006
          75         101   2.8770977890386282       0.34757247522481549        4.9175295522710512E-009
          75         102   3.2087069669791837       0.31165201755442429        3.8855681775563095E-005
          75         103   5.1154920787636975       0.19548461508744591        1.0494199738645874E-005
          76          97   2.2681551512386795       0.44088694702118697        3.8927903494290049E-008
          76          98   2.2090206152017249       0.45268930181925049        6.7427476695138347E-004
          76          99   2.8825118961030505       0.34691964371488920        9.2579064254391446E-004
          76         100   5.0913643090572496       0.19641100877834580        3.7988899564770841E-005
          76         101   1.7782535423776622       0.56234950538207440        4.1200257229786080E-008
          76         102  0.37374206020095269        2.6756421245773692        1.2502182174560299E-002
          76         103   1.7927287654241821       0.55780886617468173        1682853.4986750460     
          77          97   4.6174572503399212       0.21656941164455468        1.1343183775342039E-002
          77          98   5.1399662260878376       0.19455380755704421        1.3306854652616573E-007
          77          99   5.6395427867226200       0.17731933914116871        3.6760958714100285E-008
          77         100   8.0594707140091089       0.12407762686720643        1.2077672846304499E-008
          77         101   4.2105719774213100       0.23749742442651040        1.6643005427878355E-010
          77         102   3.1375425745936667       0.31872077469084442        4.0254724957616810E-007
          77         103   3.6607056424660609       0.27317137668745822        1.3735183984798371E-005
          72         104   7.4394833362350763       0.13441793667704796        2.1584018734592480E-006
          72         105   7.6234213981942514       0.13117469804789600        4.3490731163614413E-010
          72         106   8.0541412385951396       0.12415972980558597        3.2442244348767012E-010
          72         107   10.334757584277455        9.6760856928209613E-002   1.6775640811183791E-010
          72         108   8.0736473776568456       0.12385975671508985        8.4198912758790550E-012
          72         109   7.3170839679180428       0.13666646499951726        1.6295687385681045E-010
          73         104   6.9316016209885714       0.14426680220225668        5.3070544904738636E-010
          73         105   7.6042169739790388       0.13150597930357746        1.0160308100906259E-009
          73         106   7.8835468611016974       0.12684645853176973        3.3439210093658597E-010
          73         107   10.577883833633283        9.4536867272111150E-002   2.1689531498232849E-010
          73         108   7.7329902411959761       0.12931608198245198        6.3697808901414329E-012
          73         109   7.0508667930177200       0.14182653414900315        2.7336346309431603E-010
          74         104   5.6146872024002956       0.17810431177225633        8.2794196112427244E-010
          74         105   6.0653899079966092       0.16486986247687063        1.2735125098196170E-008
          74         106   7.1641109811753498       0.13958466062678709        5.0420287899410344E-009
          74         107   9.4598956162371497       0.10570941166449875        6.8385236465576885E-010
          74         108   6.8852711495855736       0.14523756265723686        2.4337383282409906E-011
          74         109   5.4834478369424069       0.18236701245937340        1.1011777760661508E-009
          75         104   7.0994211560783640       0.14085655407889452        1.6914743464204221E-008
          75         105   8.2078090262334449       0.12183519338764379        7.6249101080724987E-010
          75         106   9.1945531944056356       0.10876004291415088        1.3371591387410356E-010
          75         108   9.0028240009622511       0.11107625783788695        3.4240685945936624E-011
          75         109   7.9111698202557843       0.12640355632862246        4.4092517118443525E-011
          76         104   6.3482674878454883       0.15752329307399518        2.0797997777892886E-010
          76         105   6.6052900950421911       0.15139380490655233        2.9177454498491905E-009
          76         106   7.6107115199715487       0.13139375962101088        1.8122047372371140E-009
          76         107   9.6950995615219959       0.10314489228855468        3.3098391330189374E-010
          76         108   6.8581413694978206       0.14581210070232539        1.8125196899802717E-011
          76         109   4.9003263426656218       0.20406804161047604        1.1546033552381762E-009
          77         104   8.8457554672964260       0.11304856930502909        6.5194352034340927E-008
          77         105   9.2419502532433171       0.10820227036485787        5.4461658001117488E-011
          77         106   9.4555340890273136       0.10575817194297372        3.2191891472999181E-011
          77         108   8.3842757124563434       0.11927088687151842        2.4472437993237513E-011
          77         109   7.0084788267731772       0.14268431491579706        1.0359132690356185E-010
          72         111   10.245993857923706        9.7599121555851140E-002   8.9007135687715027E-010
          72         112   9.1016743204828590       0.10986989478952795        9.3381515664647710E-012
          72         113   10.286892804245436        9.7211083952123675E-002   3.8677154623133335E-011
          72         114   6.8779547710036013       0.14539205814726291        8.9022429441547705E-012
          72         115   6.1221707729912200       0.16334075560447195        1.1153167531569315E-009
          72         116   4.8088191759969767       0.20795125859409705        4.5086314520872869E-009
          73         111   10.763989209129893        9.2902359949581834E-002   8.1742638449315459E-008
          73         112   9.4491886372375635       0.10582919215509982        5.1669108520244643E-012
          73         113   11.217402842603693        8.9147195124525638E-002   2.4670376905733759E-011
          73         114   7.3055224116358293       0.13688275028863858        3.1492142871809447E-012
          73         115   6.7475517367161615       0.14820190181849144        5.4087223012080034E-010
          73         116   5.6006872184762404       0.17854951740584193        1.4033155408616681E-009
          74         110   10.523800673377476        9.5022704347654946E-002   1.3122427479318699E-008
          74         111   10.008938931981966        9.9910690513323019E-002   6.7738979315518966E-012
          74         112   9.5013727820544247       0.10524794921095350        1.2366691850169669E-011
          74         114   7.5703469697325847       0.13209434177827706        2.3092647151876368E-011
          74         115   6.5083095146963412       0.15364973004770457        3.5279351603529318E-010
          74         116   5.7824381626336923       0.17293743086818175        2.1641712921919796E-009
          75         114   9.8549836881896038       0.10147150230176623        8.9449526816965195E-009
          75         115   9.3215687050008622       0.10727808072299216        1.4894951576519989E-011
          75         116   8.6350063472150307       0.11580767399464863        2.9043032051196243E-011
          76         110   10.936462968186278        9.1437240989976271E-002   7.2737451294445222E-011
          76         111   10.565156298509123        9.4650753074151175E-002   4.2696017931616160E-012
          76         112   10.121937862772233        9.8795311091360166E-002   6.4624753198485157E-012
          76         114   8.2424619664510281       0.12132297413931190        1.0808016776743224E-011
          76         115   6.7165798461345698       0.14888529920112625        1.2712371938666116E-010
          76         116   5.9274449068152517       0.16870675573048702        1.4829681692476023E-009
          77         114   9.5160528154870736       0.10508558741630057        6.6450721397846585E-009
          77         115   8.4311218530531953       0.11860817782367433        2.2668766433865036E-011
          77         116   7.2192034968484888       0.13851943644981687        9.6891486699016854E-011
          72         118   10.158415342120742        9.8440550649037839E-002   6.2379028263530756E-010
          72         119   9.2862804802548098       0.10768574157611063        1.0351384134509235E-011
          72         121   7.9609207839530498       0.12561361017631470        3.0395441147076924E-011
          72         122   8.0404510288839273       0.12437113246603620        1.9290806451075433E-010
          72         123   7.9467720028410849       0.12583725815242788        1.7121628868826851E-010
          73         118   11.183690811160790        8.9415919742885569E-002   1.9707020863361623E-010
          73         119   10.113810683157118        9.8874700281401842E-002   3.2650376256793970E-012
          73         121   8.7114852397349694       0.11479098827359353        1.0912698923903707E-011
          73         122   8.8686159488514225       0.11275716591713618        6.5434012350355285E-011
          73         123   8.6806502042753255       0.11519874392674961        5.2800718495166201E-011
          74         121   9.7463952001970302       0.10260203690281144        6.8278337538083042E-011
          74         122   9.1047339040757365       0.10983297376240175        1.7013035378117010E-011
          74         123   8.9833014729878151       0.11131764897425885        3.8521476242078360E-011
          76         121   9.9024491727177342       0.10098511818218697        4.5256224348252691E-011
          76         122   8.9021260406133074       0.11233271641378664        1.4060428289845996E-011
          76         123   8.4230570704439565       0.11872174100647435        5.0464403679086184E-011
          77         121   9.8931326906207904       0.10108021708311388        9.8010610374068349E-011
          77         122   9.6429930064596157       0.10370224258486171        1.4220144332712419E-011
          77         123   8.6039039750724235       0.11622630876602531        1.9336051384392998E-011
          77         129   11.754302615045471        8.5075230130624943E-002   7.5956222159096693E-011
          78          84   3.4028605877471980       0.29387039939300946        1.7969980406193894E-012
          78          85   3.3815817871756666       0.29571959601639880        5.1853745463413493E-006
          78          86   3.6940788272541116       0.27070348164262686        5.5907653365503736E-006
          78          87   4.7420497024439303       0.21087927431140710        1.9356913557654434E-006
          78          88   5.9296611221128792       0.16864370145383220        9.6675581675881298E-008
          78          89   8.5154282785568203       0.11743390552864573        6.6153301194337666E-009
          79          84   2.0714596681737598       0.48275137351895436        8.5986855590437145E-011
          79          85   2.5132111649645119       0.39789732511956299        2.0025908626269528E-003
          79          86   3.2548197515380854       0.30723667555705464        1.9686216099900841E-004
          79          87   4.3034302679279719       0.23237276724399741        8.8427368151089491E-006
          79          88   4.7286180464034526       0.21147827762502230        3.0983663800593771E-007
          79          89   7.5591714384599236       0.13228963096565727        1.0002284169282631E-007
          80          85   1.7091979115372080E-002   58.506975304025858        3.5910352847321731E-010
          80          86   1.1197416399599653       0.89306315342149234        2.0109523093003090E+022
          80          87   2.9823233228066730       0.33530904994529470        3.2173334110012233     
          80          88   2.5267953085721944       0.39575821460784089        2.5249530939085630E-005
          80          89   4.7913281514808510       0.20871039686374457        1.8453097245862439E-004
          81          84  -1.6366776515525487      -0.61099386250640264        8.5396293207475860E-008
          81          85 -0.28576093158223692       -3.4994286813913811        3.3833909694905059E-002
          81          86   1.2654124949997652       0.79025614489462237        42157590.098214060     
          81          87   3.7710813316255227       0.26517593020698665       0.74152294040395628     
          81          88   3.1648079472420685       0.31597493960776901        1.5111905349131278E-006
          81          89   4.6349131982128231       0.21575377083341932        1.2380599851173134E-005
          82          84   1.3291061354810276       0.75238536133766465        1.2717763687155299E-007
          82          85   1.6378917745793018       0.61054094997018560       0.41133347938556458     
          82          86   2.5976268690811652       0.38496676020052134        3.3534172198306719E-002
          82          87   4.8172026130499539       0.20758935845691198        1.3243073784589165E-004
          82          88   4.3822408898042520       0.22819375409658699        8.0051791191907534E-008
          82          89   6.0042273259186647       0.16654932362125330        2.4920402400105881E-007
          83          84   4.2827599602855653       0.23349429089491211        5.6940921684270206E-009
          83          85   5.0606114388814074       0.19760458041035434        3.2826547422084003E-007
          83          86   5.3823279533855395       0.18579321227926845        4.4307178932860008E-008
          83          87   7.9803560370211937       0.12530769245895290        2.1147943213305220E-008
          83          88   6.9442680218601964       0.14400365839164786        1.8734530045593415E-010
          83          89   8.9798618645758417       0.11136028761698935        9.9401358092062554E-010
          78          90   3.8788676216826996       0.25780719981523575        4.5464680176520004E-011
          78          91   2.7663528580764973       0.36148678469576034        1.0775824618535209E-006
          78          92   2.6326454752232902       0.37984605576836511        6.2232767104439807E-005
          78          93   3.6769818288178850       0.27196218163566249        1.1277204782228325E-004
          78          94   2.7433174328367489       0.36452216139126931        2.0465021689596761E-006
          78          95   4.0507733126058163       0.24686644322654319        6.8801396508442596E-005
          78          96   6.0644276475834378       0.16489602285855970        6.4040502640708865E-007
          79          90   3.3017500641969386       0.30286968442695344        5.0516375735263109E-009
          79          91   2.6163009901387499       0.38221901981811623        7.4469711870394741E-006
          79          92   2.0951200972581336       0.47729960745863292        1.2152273806587803E-004
          79          93   3.8990128016959669       0.25647517740004000        1.7474426820129898E-003
          79          94   1.8733652193610437       0.53379874338708710        1.0126376712856473E-006
          79          95   3.1757924508404209       0.31488203825642525        6.6902227533050850E-003
          79          96   5.1701579067279013       0.19341769014418397        1.1876395966167926E-005
          80          90   2.0861076231036213       0.47936165369658301        3.4266071994587294E-008
          80          91   1.1766006220298664       0.84990606096638321        1.8402189216670903E-003
          80          92   1.2692755669067068       0.78785098056921876        1.7756653875794262     
          80          93   3.2183048564050001       0.31072258366382594       0.71488958754910981     
          80          94  0.75728504506509520        1.3205067319321502        1.0124739217365322E-005
          80          95  0.97691653700220638        1.0236288998327618        351.39651331063988     
          80          96   2.7331443402530660       0.36587895680160398        16.543236464063860     
          81          90   2.8723438505360015       0.34814773301371710        7.1938139021494215E-005
          81          91   2.8778636910635895       0.34747997381016471        3.9634453292275589E-005
          81          92   3.1028941284521476       0.32227976804959230        3.8731772682131419E-005
          81          93   5.6957089562873033       0.17557076874444810        1.5693019768965606E-005
          81          94   2.5505435652318198       0.39207328729125612        1.0723499641837647E-008
          81          95   2.3249807157159617       0.43011109435892975        1.6493660876666869E-004
          81          96   3.5695986538356439       0.28014353908540085        5.0104617675141830E-004
          82          90   4.1716156297270874       0.23971527790670910        2.9206353883209396E-006
          82          91   3.2003795733280613       0.31246293668850794        4.5004773628832020E-007
          82          92   2.7784205387390948       0.35991671745049109        1.0826601083374536E-005
          82          93   4.4496466790038038       0.22473694478229495        5.9065548913960087E-005
          82          94   1.5083713563992767       0.66296671291024756        2.0749311132028076E-007
          82          95  0.89033082588755263        1.1231780040897947        9.0117823248319670E-002
          82          96   2.7799491883008889       0.35971880500851966        50.384051899617511     
          83          90   7.6336785964958285       0.13099844162407376        5.8676975103250679E-005
          83          91   6.1076313841648009       0.16372959288156955        3.1922990164553584E-010
          83          92   4.7172383572712633       0.21198843990119268        4.6391262994298930E-009
          83          93   6.1949333918573135       0.16142223600247432        1.0295706601012616E-007
          83          94   3.0496548205852880       0.32790596275026318        3.9126438580136909E-009
          83          95   3.1595327368393242       0.31650249682184389        1.9315314422190795E-005
          83          96   5.1459534972344256       0.19432744593153184        1.2630940755235053E-005
          78          97   5.1150505758333562       0.19550148824033428        3.6250977832046407E-008
          78          98   5.0025562480886503       0.19989780232497628        3.8968243142080403E-008
          78          99   4.8810029838977087       0.20487592474312591        5.0886929581105443E-008
          78         100   7.2150475255346098       0.13859922564070754        6.8359855364015772E-008
          78         101   4.4847758956851642       0.22297658194294778        6.2811571511952236E-010
          78         102   4.3647856998222530       0.22910632245718798        1.8880828974846017E-007
          78         103   6.2178817361639460       0.16082647474362211        2.6142968742254742E-007
          79          97   5.0241978036831618       0.19903674956167439        3.7428336273222528E-009
          79          98   5.5944258113272092       0.17874935404009981        4.8318034668000484E-008
          79          99   5.4921382733291466       0.18207844563131040        1.3299759430608117E-008
          79         100   8.3184739794992222       0.12021435691984945        1.6596345216953248E-008
          79         101   5.1774102556222257       0.19314675689725097        1.1386390224222531E-010
          79         102   5.0414007953242681       0.19835756778700611        3.3694503192072035E-008
          79         103   6.8249259783181557       0.14652173564619769        4.6376215586693411E-008
          80          97   4.7972237666209203       0.20845389930692818        1.2238682472003163E-009
          80          98   5.3925032871966572       0.18544263150924462        8.4145383407529405E-008
          80          99   6.2321697112587042       0.16045776131440284        2.0674022797134591E-008
          80         100   8.7090260051665638       0.11482340268667904        3.6411515667954566E-009
          80         101   6.2210361999163268       0.16074492542149973        6.5656082287249372E-011
          80         102   5.2891535311012543       0.18906616987383804        3.7201227580735076E-009
          80         103   7.0064780154958175       0.14272506069217067        2.6078098933452521E-008
          81          97   6.8609390938353023       0.14575264206885630        8.9312624040170982E-010
          81          98   8.0166154279118675       0.12474092202530358        1.1489661787902938E-009
          81          99   8.5522320325908581       0.11692853937886608        1.7742606097112537E-010
          81         101   8.6630053699743801       0.11543338106033720        8.1650022612762431E-011
          81         102   8.0768342259694208       0.12381088580284377        6.9965994198463033E-011
          81         103   9.7271141491589521       0.10280541429509843        1.6218697814341803E-010
          82          97   5.9136853893998467       0.16909928989331735        1.7422154630470306E-011
          82          98   6.5452278306350511       0.15278306972287242        6.8329999758141437E-009
          82          99   7.5563991364092313       0.13233816556640968        2.0221473223791991E-009
          82         100   10.001097171293399        9.9989029490718792E-002   3.6068770328029832E-010
          82         101   7.1531227465674387       0.13979908292219212        1.2483554161494297E-011
          82         102   5.8125359992323524       0.17204194522529712        6.9656537477798739E-010
          82         103   7.1866241781232993       0.13914739037614987        8.4046986245170474E-009
          83          97   7.0446781003513799       0.14195112761080186        6.5858343487176448E-010
          83          98   7.8949357621441898       0.12666347518556750        8.3671234009187028E-010
          83          99   8.4572196776440212       0.11824216918988394        2.1317035321954590E-010
          83         100   11.161232682734237        8.9595838419078963E-002   9.3363833129896809E-011
          83         101   7.4927988143341899       0.13346147745044720        3.3447531183742236E-012
          83         102   6.6744364635551952       0.14982538308070753        3.9919137790093199E-010
          83         103   7.5739172671873858       0.13203207332780323        1.5993178135802536E-009
          78         104   8.6290521417879962       0.11588758342962029        3.5080302597350933E-010
          78         105   9.3872156178945581       0.10652786094459479        7.3342024507562632E-011
          78         106   10.803082449273866        9.2566173098791393E-002   2.6697370704115937E-011
          78         108   10.609359876462760        9.4256393566075125E-002   4.9469523282588507E-012
          78         109   9.0549508405235901       0.11043682264123439        6.1466691637930542E-012
          79         104   9.2391291632040495       0.10823530901403793        4.1141190115428164E-011
          79         105   10.360662555910448        9.6518923823991340E-002   3.2310044029926763E-011
          79         109   9.5733402663480760       0.10445674886488372        8.1707075089185376E-012
          80         104   9.8398752523279622       0.10162730465138931        2.1093471893727647E-011
          80         105   10.565966256997850        9.4643497402587193E-002   1.5171722899785974E-011
          80         109   9.3536633429403029       0.10690998417799076        6.4565330743736400E-012
          82         109   9.8155244835636832       0.10187942597204282        2.7869501224475492E-011
          83         109   10.640243161274721        9.3982814569455578E-002   1.5629600766722664E-011
          84          90   2.8038471239369755       0.35665282584874547        5.9359656217806754E-012
          84          91   2.7787966460977920       0.35986800308121858        5.2949034543877406E-005
          84          92   3.1830748290686754       0.31416163731613761        5.8969686737885543E-005
          84          93   5.5212986509194213       0.18111681023330939        1.1554411571500586E-005
          84          94   3.0580857178132934       0.32700195229159806        1.5574536977396390E-008
          84          95   2.6023053746056029       0.38427465498800534        1.8685905979715282E-005
          84          96   3.5048159491450477       0.28532168721839346        1.2960176282946281E-004
          85          90   1.2915228723413916       0.77427974480011175        3.6385421904311931E-006
          85          91   1.6849493933229289       0.59348963474082517       0.58034305549277820     
          85          92   2.5549767441394629       0.39139299498274227        2.3870838480340471E-002
          85          93   4.6002343259202050       0.21738023090812134        1.6153498491737201E-004
          85          94   1.9116056194573741       0.52312045425136322        1.3917158132005242E-007
          85          95   2.1174811536432752       0.47225922095194550        5.2496509818131349E-003
          85          96   2.8858448674326067       0.34651897310393209        1.5384216014148484E-003
          86          91   8.9656569169949574E-002   11.153672388516654        3.7465733325867202E-005
          86          92   1.0878742489841722       0.91922389093571544        46336648807782.859     
          86          93   3.4594072018323638       0.28906686656324365        4.5495207738860488     
          86          94  0.52634101675956302        1.8999089338629453        4.2549042421135046E-006
          86          95  0.40847598132348129        2.4481243591360089        27650.528205561215     
          86          96  0.66284912810417751        1.5086389309436246        579310.92057348031     
          87          90  -1.6347619370507647      -0.61170986266298588        1737.5357167959542     
          87          91 -0.28024787187557676       -3.5682697367421068        3.4312772100903721E-002
          87          92   1.1646695233052275       0.85861266221004029        53260119.016757250     
          87          93   3.6716650481299635       0.27235599840713021        2.0066770294050391     
          87          94   2.3699061380062210       0.42195763957187366        2.0823481871110913E-006
          87          95   2.6700372404209882       0.37452661141247928        3.9823209975397477E-004
          87          96   2.5814620478493517       0.38737737819276191        9.5214302019905464E-005
          88          90   1.2058493017605523       0.82929102213683736        1.4273191044506970E-004
          88          91   1.4798808653072868       0.67573006952310111        1.3224935972125282     
          88          92   2.1948320451598882       0.45561572795751321       0.11328931606362522     
          88          93   4.2481347013774045       0.23539743211903391        1.0002176279104904E-003
          88          94   2.2493481431893372       0.44457324359852363        3.6185173917617468E-007
          88          95   1.6261467724614311       0.61495064094758267        7.4512626037727750E-004
          88          96  -5.6197715412857896E-003  -177.94317663155439        3.6558899578273206E-002
          89          90   4.2543184906558800       0.23505527435155235        1.2597549822345745E+028
          89          91   4.9163412728413967       0.20340329210344882        3.5559039457292416E-007
          89          92   4.8070843827664937       0.20802630459016336        6.2691079178591627E-008
          89          93   6.9569434586796586       0.14374128608913370        8.2097335896955952E-008
          89          94   4.2796562583002240       0.23366362615234332        9.7249713007414096E-010
          89          95   3.5433946440372948       0.28221524849984359        3.3113368188570115E-007
          89          96   1.7190698313130062       0.58170993509682578        3.1906246812236439E-006
          84          97   7.0834294782797240       0.14117455436894660        1.8766694653055232E-002
          84          98   7.8828382552317837       0.12685786104215790        7.8340640732345428E-010
          84          99   8.7749470449000295       0.11396080168725312        2.1712939712110879E-010
          84         101   9.1661516776923069       0.10909703822965348        5.9975787880984576E-011
          84         102   8.3684927401252427       0.11949583169322724        3.5535754353083388E-011
          84         103   10.139451324902701        9.8624665966291436E-002   1.0596027787696941E-010
          85          97   5.7274406705977903       0.17459805478799084        1.0586113758342087E-011
          85          98   7.0067596371370673       0.14271932416517086        1.0031891435815577E-008
          85          99   7.6136634616300132       0.13134281611468934        8.9269556814324644E-010
          85         100   10.411744288274749        9.6045386086379039E-002   3.2944725845954313E-010
          85         101   8.1847019249549149       0.12217915926186994        7.7024359055901533E-012
          85         102   7.7962850684620424       0.12826621797672003        1.3831701283588248E-010
          85         103   9.6036808616049480       0.10412674207011102        2.4788913170430299E-010
          86          97   4.0787685942846501       0.24517203584465272        2.0307542797214297E-011
          86          98   5.2089407642790277       0.19197761027685836        5.8960507504313899E-007
          86          99   6.5977299927861921       0.15156728163980296        3.1326868834006088E-008
          86         100   8.8896371554826938       0.11249053054806055        1.8372808664555582E-009
          86         101   7.3708009832201355       0.13567046543198386        5.1321766210810548E-011
          86         102   6.3924073486613722       0.15643558763654339        4.8610914543301789E-010
          86         103   8.0992351586078666       0.12346844861483001        2.6849531241599887E-009
          87          97   3.6955276622204405       0.27059735209752284        1.5688517556698888E-010
          87          98   5.1832141041876003       0.19293048288167070        1.9266042920805166E-006
          87          99   6.0142096542862529       0.16627288662730810        3.3244532378447320E-008
          87         100   8.5000250412964018       0.11764671223221274        5.5817097780006536E-009
          87         101   7.2687799250850578       0.13757467006930990        8.7875447793190662E-011
          87         102   7.1108273596959286       0.14063061151898951        5.7460813809871278E-010
          87         103   8.9425418691377221       0.11182502856946917        7.4794281762138957E-010
          88          97   4.5690625508278320       0.21886327641078540        4.7794533454580062E-011
          88          98   5.9404481287314219       0.16833746854272241        1.5100271974470793E-007
          88          99   7.6468539958222213       0.13077273353804578        6.4726111447546165E-009
          88         100   9.7585929876568418       0.10247378912767960        3.1269175897072563E-010
          88         101   8.5800380762539827       0.11654959932725577        1.6759596390509342E-011
          88         102   7.4183887379389439       0.13480016150755544        7.8530693224095059E-011
          88         103   8.9227642868456254       0.11207289219488278        4.4998181539216524E-010
          89          97   6.6413535065911482       0.15057171689589471        4.9081403013575884E-011
          89          98   8.5615973056206602       0.11680063477681943        1.6975823171126965E-009
          89          99   10.146076351286236        9.8560267573112453E-002   8.0584673294993826E-011
          89         101   10.948912091438618        9.1333275091498731E-002   1.0503462741746703E-011
          89         102   10.232585272000833        9.7727013596092371E-002   4.2117092919155273E-012
          89         103   11.401283729481957        8.7709421476298732E-002   9.4860529245893836E-012
          85         104   10.924744051406710        9.1535325248305141E-002   2.5909854275764675E-012
          85         109   11.307126182843145        8.8439801929277917E-002   4.3248869668782799E-012
          86         104   9.6031708435937819       0.10413227217207055        2.8620890894082385E-012
          86         105   10.451767331368160        9.5677598658245086E-002   2.0320488819292830E-011
          86         109   9.3043612947960650       0.10747647993412515        7.3558559174732225E-012
          87         104   8.6428381702843904       0.11570273332644099        2.9694172079624148E-011
          87         105   10.066735564866981        9.9337068462393222E-002   7.1950437258677066E-011
          87         109   9.6180713998150118       0.10397094785751262        1.1541070275925191E-011
          88         104   10.237165237504270        9.7683291887920243E-002   1.9945919050988779E-011
          88         109   9.5910442848931829       0.10426393313344368        9.4352509109440263E-012
          90          97   3.9105240031718358       0.25572020506430787        2.0630951483116534E-011
          90          98   4.0070561381821221       0.24955976794816484        9.7744097574024415E-007
          90          99   4.9085000420946283       0.20372822479864239        7.2946572472659802E-007
          90         100   6.9972976680637320       0.14291231378709041        6.3903467509717336E-008
          90         101   6.2549340807242633       0.15987378717254352        9.0728936546921297E-010
          90         102   6.0283711986997606       0.16588228678016487        3.4852759341269774E-009
          90         103   8.0047255792863830       0.12492620641333084        5.4263796793308637E-009
          91          97   2.6524730410227200       0.37700665927010807        1.8061451050753953E-010
          91          98   3.8648772140672825       0.25874043200136482        1.0306192984214522E-004
          91          99   3.6996784997816627       0.27029375662209976        1.1253344135434081E-006
          91         100   6.3249459444371787       0.15810411800902505        1.9008252142771590E-006
          91         101   4.8445423284644846       0.20641784758994103        3.0494968882431237E-009
          91         102   4.8879427678248906       0.20458504681817191        7.4795755781022612E-008
          91         103   6.8706292332109982       0.14554707670241268        6.7204238883769428E-008
          92          98   1.6444058883586674       0.60812236630831518        1.1296706832102601E-009
          92          99   3.1210805990820738       0.32040185065842430        3.1974350694687848E-002
          92         100   4.6611272361050098       0.21454037818449098        1.4630198013046010E-005
          92         101   3.1632566616030164       0.31612989617264842        1.1885528976340191E-007
          92         102   2.3163460137179683       0.43171443043386226        1.2453655197928990E-005
          92         103   4.1672514195690553       0.23996632295908180        5.2392461133025090E-004
          93          97  -1.6410919852272481      -0.60935036488008087        4.5573625014664293E-007
          93          98 -0.31469784838177617       -3.1776512141476370        3.2757814501869473E-002
          93          99   1.1820875442617327       0.84596103296608660        13249049.713335123     
          93         100   3.7149061684078926       0.26918580299662664        1.6792459866265912     
          93         101   1.2443274115943588       0.80364700695510549        1.8094051737843997E-006
          93         102  0.79775839874030252        1.2535123435604643       0.90718109674590286     
          93         103   2.5989576526745810       0.38476963984807616        188.12797972227045     
          94          97   1.5015097600657406       0.66599633688442827        1.3161929943087753E-004
          94          98   2.5799887649977498       0.38759858708178219        9.5185785600054001E-002
          94          99   4.3482699346627580       0.22997652285300402        1.4371305975101025E-004
          94         100   6.6246696653609636       0.15095092291602019        2.7359745488985019E-007
          94         101   4.5287016911564351       0.22081383765081755        1.7496020738234788E-009
          94         102   2.1984309886672824       0.45486986180367350        1.6796757065921016E-007
          94         103   3.6787577757182017       0.27183088992717674        9.8074469387276716E-004
          95          97   3.8420881657327151       0.26027513083091691        2.0346780323064278E-006
          95          98   5.4639903279692383       0.18301642938150345        1.2080978027602527E-006
          95          99   6.9585574135617261       0.14370794700221518        1.7651879336514506E-008
          95         100   9.5854066162247413       0.10432525609371121        9.6979387011026472E-010
          95         101   6.9881583297244454       0.14309921910991272        2.0777032863096379E-011
          95         102   5.9066988662972060       0.16929930281461605        9.2163122215658797E-010
          95         103   6.2564459034365187       0.15983515488413694        6.9306193844294148E-009
          96          97   4.5685578667949951       0.21888745401873072        3.4751830688815507E-009
          96          98   6.4218948084467549       0.15571728124302103        1.5120301484964790E-007
          96          99   8.1385192453831277       0.12287247469093183        2.5406904971280380E-009
          96         100   10.610531280387930        9.4245987648927526E-002   1.4803529562381670E-010
          96         101   8.4540775456010149       0.11828611632742106        6.1385309903300869E-012
          96         102   7.3675040424256197       0.13573117764734444        9.3781092498309545E-011
          96         103   8.3324764460124463       0.12001234044634541        4.8872597226265420E-010
          90         104   7.6269659412935411       0.13111373614320859        1.1158886924464553E-010
          90         105   8.7514321156488144       0.11426701216271297        3.2261780253081791E-010
          90         106   10.956702611204115        9.1268334597072939E-002   6.1938469955306737E-011
          90         108   10.599594891639972        9.4343228229289408E-002   4.1759137845253914E-012
          90         109   8.7830999060152699       0.11385501823964582        6.2149667116756348E-012
          91         104   6.6648449121400724       0.15004100068082477        5.9311121964584225E-011
          91         105   8.0909659566692778       0.12359463695131644        1.6271569165093445E-009
          91         106   9.7885464426095332       0.10216021406886328        1.5882012255068932E-010
          91         108   9.3601501114321319       0.10683589345203320        1.6154426491017374E-011
          91         109   7.8776746618331881       0.12694101278959052        2.7638613237937106E-011
          92         104   5.4218048164881871       0.18444042783667014        2.1884343391105419E-010
          92         105   6.1886123687183225       0.16158711200829379        1.9372401639682450E-008
          92         106   8.0729994616085357       0.12386969734799799        3.9608704798788473E-009
          92         107   9.9640980374673678       0.10036031322050057        1.6311388463176396E-010
          92         108   7.3885083307692216       0.13534531670425679        1.3051310132250823E-011
          92         109   5.2821660026982702       0.18931627659736053        4.7231180983029004E-010
          93         104   3.2552495477412755       0.30719611056973234        2.6495094023812922E-008
          93         105   4.2709055387547359       0.23414238290354911        8.8287367233045246E-006
          93         106   5.6881403788343192       0.17580438129147083        3.3936763356960858E-007
          93         107   7.9504331520510512       0.12577931049480243        1.0895981123921320E-008
          93         108   4.9729906943003108       0.20108623994533692        1.9598396009582835E-010
          93         109   3.3695405391810147       0.29677636709575111        5.4638435359986381E-008
          94         104   6.6648762768257175       0.15004029459287582        5.8352811252007086E-006
          94         105   7.1472165135517116       0.13991460844986542        1.6270650307329619E-009
          94         106   8.7098768680109568       0.11481218565474008        7.0350429024892127E-010
          94         107   10.498101461915624        9.5255318652400084E-002   6.5579156770021190E-011
          94         108   7.6826470459395448       0.13016347022326413        6.9755880212075011E-012
          94         109   5.2037704849647124       0.19216835233016261        2.9565105706434213E-010
          95         104   9.1560697788346364       0.10921716677079298        3.1702419664926812E-008
          95         105   9.9332996983819903       0.10067148182017376        3.6008156500268930E-011
          95         106   10.964812263359205        9.1200831895833820E-002   1.3545266290229122E-011
          95         108   9.6994535127794776       0.10309859196525391        4.1390017554616145E-012
          95         109   7.7725581858551314       0.12865776956418895        1.8027803766397209E-011
          96         104   9.9583226956601738       0.10041851731073134        2.5712377191481344E-010
          96         105   10.733955155118977        9.3162304625718909E-002   1.3142429900038428E-011
          96         108   10.464578834424522        9.5560463141658100E-002   5.3430925219543891E-012
          96         109   8.4557875363440260       0.11826219565024260        7.2485137008616192E-012
          92         114   10.484782255871158        9.5376325000934611E-002   9.3553764334546301E-011
          92         115   9.2463588685177029       0.10815068009147166        7.0826702957845769E-012
          92         116   9.3093190362261620       0.10741924260073300        3.2008186618707731E-011
          93         110   8.8582197834692487       0.11288949974645564        2.9504960920980964E-011
          93         111   9.3987270145964672       0.10639738748098269        5.3549151704384784E-011
          93         112   9.4641093652718080       0.10566234617590771        2.6307621464363125E-011
          93         114   8.2651907853078246       0.12098934265106095        2.4207671082862132E-011
          93         115   7.4395347917200585       0.13441700697642614        1.2299159084189138E-010
          93         116   7.7167256711723855       0.12958864194638037        4.3487121661246407E-010
          94         114   10.759576179552038        9.2940463761058079E-002   2.8035820853871497E-010
          94         115   9.1705773247491926       0.10904438887410495        5.1923987378058040E-012
          94         116   8.9754709751897668       0.11141476617374468        3.5330508457880650E-011
          95         116   11.531483948899492        8.6719107829607220E-002   4.5732300755466855E-011
          97         104   2.8968145408821302       0.34520677312517312        2.2609326582566281E-012
          97         105   2.6115684220916897       0.38291166011230432        3.5798242970210363E-005
          97         106   4.4157467286034695       0.22646226368065758        1.2419185355738049E-004
          97         107   6.1305256033435889       0.16311815082455572        2.2743648913634732E-007
          97         108   3.5993485905043210       0.27782804995275145        4.4354479428251861E-009
          97         109   1.6280113228215525       0.61424634213653484        2.6437665350574227E-006
          98         104   1.6071276491358546       0.62222811021744018        3.6059604576867861E-002
          98         105   2.5099814365350182       0.39840932105875693        4.2102272666360893E-002
          98         106   3.1822300854261130       0.31424503356302602        1.9992352421744185E-004
          98         107   5.5220118943136658       0.18109341651903316        1.1591271679780138E-005
          98         108   2.6707980781912442       0.37441991896191351        1.5550414144361354E-008
          98         109   1.5960198289082386       0.62655863159548120        9.4889323913680565E-005
          99         105   1.3746264714028520       0.72747034980307546        4.5756270678932835E-002
          99         106   3.2720800363074352       0.30561599621765573       0.27459560240923114     
          99         107   4.8066832576174789       0.20804366470689153        8.2989470830087542E-006
          99         108   2.8138134697098955       0.35538958454950464        8.2179587437474355E-008
          99         109   2.3656695957650520       0.42271329935091900        5.0741857549135870E-005
         100         104  -1.6402245498206909      -0.60967262080629137        4.0687495149136963E-004
         100         105 -0.28449712531831306       -3.5149740050312910        3.2966308528680065E-002
         100         106   1.3302315443654154       0.75174882465822768        44460610.678352110     
         100         107   3.9996444433269676       0.25002222426756121       0.40717687617023834     
         100         108   1.5389257983836542       0.64980390935697341        7.4585325015709174E-007
         100         109   2.5943721201335319       0.38544971719343413        7.0843147926870201E-002
         101         104   1.7717819546451832       0.56440353587428871        1.3443823105426214E-004
         101         105   1.9935259129711564       0.50162377799724578        1.3061309581601649E-002
         101         106   3.0779710808441596       0.32488934227599747        3.1728342875943631E-003
         101         107   5.4423404213134674       0.18374447803444416        1.7287635293506975E-005
         101         108   3.1464957593982668       0.31781387183284787        1.8513203255341232E-008
         101         109   1.8830261829119550       0.53106006123269989        1.3273461781861713E-005
         102         104   3.3703724135648789       0.29670311683517764        6.2897546880653380E-003
         102         105   3.6581741958425531       0.27336041053935634        5.8180214183135813E-006
         102         106   4.0772651856262758       0.24526243804924305        2.1763935457843252E-006
         102         107   6.4838317876513543       0.15422978768581397        5.9221923098900383E-007
         102         108   3.2446559429111312       0.30819908723597733        2.2642748451178563E-009
         102         109   2.3626633889455544       0.42325115150926995        9.1809197469125237E-006
         103         104   4.1217605405556110       0.24261477350773039        4.1313100838075747E-004
         103         105   3.9093657427626121       0.25579596942324845        5.1989653892377829E-007
         103         106   3.6135340925482966       0.27673739181322932        9.8092177930301557E-007
         103         107   5.6595276232639833       0.17669319182919305        2.5218783595854428E-006
         103         108   2.3038813909042712       0.43405012252280095        1.1575714453540996E-008
         103         109   1.3020011868650778       0.76804845501544594        5.5897014277503626E-004
          97         110   7.4759444491510152       0.13376236364538024       0.52671228938210768     
          97         111   7.7305323408616022       0.12935719765562037        4.1012592723576813E-010
          97         112   8.3627187948282646       0.11957833624854486        2.7440827034174366E-010
          97         113   10.516531403885709        9.5088386236408154E-002   1.0684152835469906E-010
          97         114   7.3564287520329188       0.13593552438384646        6.8302993303999309E-012
          97         115   6.1318768406311381       0.16308220565908702        4.9762892430629639E-010
          97         116   6.6716947984241042       0.14988695229826854        4.4237332572887348E-009
          98         110   6.3762544783751327       0.15683188357545463        1.6072223439506051E-009
          98         111   6.8895926041005033       0.14514646329085212        2.7677210334618264E-009
          98         112   7.0302386193590571       0.14224268252379313        1.0929178266080376E-009
          98         113   9.6231276179276133       0.10391631907042659        8.5756929061775669E-010
          98         114   5.9707009783665654       0.16748452210607523        1.9820521169097239E-011
          98         115   5.3611508942544681       0.18652711324945126        6.0898438035556418E-009
          98         116   5.9632555946200707       0.16769363381005836        2.2172447798277253E-008
          99         110   5.7738913437790984       0.17319342198522999        6.1817141864282461E-009
          99         111   5.6275355101915867       0.17769767923969182        9.1051421627010317E-009
          99         112   6.0272622883816087       0.16591280620517210        1.2390564239150450E-008
          99         113   8.2904499917618946       0.12062071431510789        5.4383721114354592E-009
          99         114   4.8953649166293332       0.20427486347402729        1.1856943909288161E-010
          99         115   4.4898042891834464       0.22272685747330612        6.5991676245958637E-008
          99         116   5.1329398549367493       0.19482012808667959        1.8628637299967234E-007
         100         110   3.6061946464707306       0.27730061686455793        3.7369381293298665E-008
         100         111   3.8881258669976959       0.25719331992000882        2.5841638164797122E-006
         100         112   4.1815096406470129       0.23914807950682332        1.0471917851469152E-006
         100         113   6.9832633908449999       0.14319952492569471        4.3743424993590674E-007
         100         114   3.4733750073176450       0.28790441512742437        9.2941342003510992E-010
         100         115   4.0063937016379612       0.24960103136922446        4.0540575834440018E-006
         100         116   5.1635087082875710       0.19366675965801566        7.3091440244042357E-007
         101         110   5.6957003872850791       0.17557103288515172        3.4799343220065499E-008
         101         111   5.2670017805113218       0.18986133699444463        1.0723693241457821E-008
         101         112   5.1242701077949242       0.19514974405405025        2.7425113333348386E-008
         101         113   7.1371388156922961       0.14011216901110546        3.8135183923583615E-008
         101         114   3.5701733797846389       0.28009844162255287        7.1551754562774918E-010
         101         115   2.8642479950536206       0.34913177969468362        2.9149984198686547E-006
         101         116   3.1051947690033153       0.32204099078814735        4.0999881344206714E-005
         102         110   6.6172418072949100       0.15112036542137400        1.5554063313220200E-005
         102         111   6.7574289624969612       0.14798527747015877        1.7733152704591722E-009
         102         112   6.1786902220094539       0.16184659920930244        1.3788980154328729E-009
         102         113   8.3790656069223886       0.11934504954512436        4.0378757587396731E-009
         102         114   4.5959526554263235       0.21758274616239262        1.0436693325016620E-010
         102         115   3.8629715211500013       0.25886807462207262        1.4073543455144879E-007
         102         116   3.7977505615360334       0.26331376529256340        1.1320143596656015E-006
         103         110   6.6163302274864471       0.15114118637030324        1.3886499201587797E-006
         103         111   5.9922804821508819       0.16688137395749170        1.7762493632727436E-009
         103         112   5.2323134407608141       0.19112004877417918        5.8318240620780263E-009
         103         113   7.1668860950217521       0.13953061158522082        2.9688276347381621E-008
         103         114   3.6849100392543788       0.27137704566658688        6.8068156206162442E-010
         103         115   2.4429457990504346       0.40934186930741440        1.9942855190421570E-006
         103         116   2.3193394171687398       0.43115724787737980        2.7665851079339233E-004
          97         121   10.978835669036496        9.1084339919604629E-002   5.1586766448610810E-004
          97         122   9.4203531232837552       0.10615313321199780        4.0760039628074263E-012
          97         123   9.6570152678573056       0.10355166397307349        2.5591976055714555E-011
          98         117   10.229719428014034        9.7754391705163007E-002   1.9001811111092787E-011
          98         118   10.526693349825360        9.4996592640042107E-002   9.5179921875133265E-012
          98         119   10.846399260426752        9.2196495444208368E-002   6.7515945092169429E-012
          98         121   9.8803901242004013       0.10121057847206492        4.7150138152028089E-012
          98         122   8.9016495732952006       0.11233872910476989        1.4441785760065104E-011
          98         123   9.3546519196483082       0.10689868619265476        5.0496826953470131E-011
          99         117   9.4830914110970870       0.10545084473506211        2.7834179591307067E-011
          99         118   9.4115478599600877       0.10625244804357195        2.3632560050588132E-011
          99         119   10.047203778688484        9.9530179941322489E-002   2.5880779470979945E-011
          99         121   9.3444089790443705       0.10701586395058102        1.1813198016902924E-011
          99         122   8.3910349792845000       0.11917481007632143        2.8202522625927003E-011
          99         123   9.1820621211336864       0.10890799765973838        1.0259439500692707E-010
         100         117   7.8882319543319817       0.12677112004177690        3.4803850394445035E-011
         100         118   8.4594217523063708       0.11821138953467603        2.1535449539613036E-010
         100         119   9.0050818913223303       0.11104840711816751        9.3072607499454983E-011
         100         121   8.6695718159691566       0.11534595032225495        4.3960033403429002E-011
         100         122   8.1986249648962080       0.12197167260140185        6.9332718806037605E-011
         100         123   9.4130857958966665       0.10623508822536368        1.3552448488050010E-010
         101         117   8.2122077447118471       0.12176993460058752        2.5830083364749177E-011
         101         118   7.9024919239628133       0.12654236279162639        1.3285897160912800E-010
         101         119   8.2531493910749330       0.12116586682429541        2.1073723854381905E-010
         101         120   10.593132425905003        9.4400783431588892E-002   1.2516230033109064E-010
         101         121   7.3572977860052617       0.13591946786524767        6.2606178518276984E-012
         101         122   6.5053241160419262       0.15372024239868867        4.9692403136718453E-010
         101         123   7.1720768925928695       0.13942962617045745        2.1761194992663681E-009
         102         117   8.7843659685567079       0.11383860868040570        6.7479331053490696E-010
         102         118   8.7320075203208845       0.11452120233209005        5.9208623375032027E-011
         102         119   8.6260023542335382       0.11592855635023239        6.3612256315658271E-011
         102         120   11.168304974263327        8.9539102156006536E-002   7.3653797753012652E-011
         102         121   7.3228417205015681       0.13655900785078096        3.3194248104744750E-012
         102         122   6.8174208970979118       0.14668303675157965        5.2571969443477777E-010
         102         123   6.9502098905155565       0.14388054688314189        1.2401343099688226E-009
         103         117   7.3545568952677662       0.13597012223040145        9.8386377743062093E-010
         103         118   7.2271107197928277       0.13836788154653676        4.9915091149366102E-010
         103         119   7.1620354468095453       0.13962511180330273        6.1564947683403259E-010
         103         120   9.5461653174700647       0.10475410457955710        6.8623429684049570E-010
         103         121   5.7133141306699624       0.17502975980820726        2.1825419513371264E-011
         103         122   4.9117381524015249       0.20359391501989252        1.0333626843458318E-008
         103         123   4.9254029714335088       0.20302907311337332        6.3399748908248373E-008
         101         129   10.440624828302727        9.5779708249756568E-002   6.1320938975729992E-008
         102         129   10.197325143349993        9.8064932317288370E-002   7.4506151453050154E-012
         103         124   10.118513991003896        9.8828741146088611E-002   9.8872338966515231E-012
         103         125   10.354689715543399        9.6574598319339539E-002   1.0851984747677668E-011
         103         126   10.567307800411605        9.4631482198431774E-002   8.2274440696820694E-012
         103         128   9.1889448463473649       0.10882642313360964        6.4467038832026887E-012
         103         129   8.0765715371997757       0.12381491272554364        3.4492309560275670E-011
         103         135   10.662026154085982        9.3790803506589832E-002   1.6225029063154845E-010
         104         110   3.4300914664396629       0.29153741519259585        5.7920605160448592E-012
         104         111   3.6115358339077410       0.27689051029516815        4.7123940661933465E-006
         104         112   4.0132470946552008       0.24917478949446925        2.5386736376713836E-006
         104         113   6.4851400086026505       0.15419867553722552        7.1607615711281550E-007
         104         114   3.7532575734332463       0.26643521805652742        2.2587997667281769E-009
         104         115   3.9612463189790592       0.25244580101187247        1.5995933050196737E-006
         104         116   5.4315815682043525       0.18410843829610274        8.3739011412250420E-007
         105         110   2.0602962252590018       0.48536709806100287        1.8958079594079470E-008
         105         111   2.6729841571382402       0.37411370259321836        2.1367514671613366E-003
         105         112   3.4642276547641737       0.28866463167475487        9.3962247622406052E-005
         105         113   5.5590720599851160       0.17988613732822839        4.1843973760740992E-006
         105         114   2.5929196112192967       0.38566563948728017        1.4351006763529749E-008
         105         115   3.0819233805901747       0.32447269983996307        1.3534474040837247E-004
         105         116   4.7503040569593669       0.21051284044333202        1.7023465003859121E-005
         106         111   6.7113202771349467E-002   14.900197855359968        9.4678879065223980E-008
         106         112   1.1493727962062961       0.87003973236592436        1496974618456984.5     
         106         113   3.5320319226615267       0.28312314891153650        2.3516844448380390     
         106         114  0.61491332529658660        1.6262454542153195        3.3160003815899183E-006
         106         115  0.87517480237146295        1.1426288751576232        4277.0385064332186     
         106         116   2.8869407073048103       0.34638743964145347        61.911646086941651     
         107         110  -1.6379398274257868      -0.61052303830453680        3.7295431919754521E-005
         107         111 -0.30077933477699981       -3.3246964946624673        3.3522368450085098E-002
         107         112   1.1707471088041217       0.85415542987884541        22799959.691304602     
         107         113   3.5541502949259391       0.28136120226194256        1.8851802688345827     
         107         114   2.3571628298097416       0.42423882955965120        3.0766673711439215E-006
         107         115   2.2536127514465485       0.44373195854439507        4.2484939501729474E-004
         107         116   4.4602055271445824       0.22420491475427562        7.2838084666385918E-004
         108         110   1.3085592022041350       0.76419927987637215        2.0167476261980902E-007
         108         111   1.5677328693068899       0.63786377104034941       0.49589474064925054     
         108         112   2.3589638080486850       0.42391493951201886        5.6708119518404987E-002
         108         113   4.3480573174989932       0.22998776855480851        4.2097342301529136E-004
         108         114   2.2909855621540824       0.43649336622608714        2.7375804291763391E-007
         108         115   1.3454114087356350       0.74326707318452190        5.9791821756029575E-004
         108         116   2.4601569134280377       0.40647813744797995       0.35534379828091622     
         109         110   4.2780837918907100       0.23374951231566399        2.5430582953009801E-004
         109         111   4.9830360140961680       0.20068086948823344        3.3259718904578125E-007
         109         112   5.0941131862054458       0.19630502178631215        5.3331242425133626E-008
         109         113   7.2796204196330869       0.13736979984602038        4.0934258613714278E-008
         109         114   4.4724520834737191       0.22359099244352501        5.6442364433476667E-010
         109         115   3.5151297761331879       0.28448451797988755        1.9514689998383390E-007
         109         116   4.6122738426590901       0.21681279865713160        3.5124783092357117E-006
         104         117   7.7796783487495969       0.12854001864495168        1.3487423614076232E-007
         104         118   8.1468485624873086       0.12274685018751480        2.5431402756511517E-010
         104         119   9.3728151860406701       0.10669153078888638        1.4622926290468257E-010
         104         121   9.1723129707732038       0.10902375477007981        2.7193766812697848E-011
         104         122   8.1483506331564222       0.12272422297721257        3.5250366216231247E-011
         104         123   9.4756393447193279       0.10553377599341508        1.4590611903466751E-010
         105         117   6.3756377153406820       0.15684705509440400        2.3856555701633192E-011
         105         118   7.1752160999211512       0.13936862473187239        2.7709356512809117E-009
         105         119   8.1302305831340238       0.12299774154923440        6.7125910129693094E-010
         105         120   10.763117001542529        9.2909888451150696E-002   1.4985652528158326E-010
         105         121   7.9452920014539625       0.12586069836287997        5.1719376055186272E-012
         105         122   7.2017530703609420       0.13885508017701048        1.9751116891002927E-010
         105         123   8.6069264322796499       0.11618549407481547        6.4217189667493076E-010
         106         117   3.9350597981363693       0.25412574428312285        7.5636761015039043E-011
         106         118   4.4132395663026269       0.22659091693900296        9.0676338764848038E-007
         106         119   5.9641040741252791       0.16766977698099009        2.2899182347025544E-007
         106         120   8.1031642143697304       0.12340858133254315        6.1711691879009603E-009
         106         121   5.9609760063961605       0.16775776297824291        1.5597476174585724E-010
         106         122   4.8445120834657711       0.20641913628680611        6.2101419604730276E-009
         106         123   6.5306238232512879       0.15312472851975531        7.4801359503778088E-008
         107         117   3.3063513466024892       0.30244819596307304        2.0770836818505721E-009
         107         118   4.5385152208495629       0.22033637684106089        7.3235557774541075E-006
         107         119   6.1413832389866805       0.16282976669682619        1.6366072007142273E-007
         107         120   8.3636522015645376       0.11956499097522684        4.3422579645296297E-009
         107         121   6.3768377167613064       0.15681753941636828        1.0669853042661067E-010
         107         122   5.4606419139568718       0.18312865332628694        2.7646848651817693E-009
         107         123   7.2721462025796715       0.13751098673528686        1.7782205872185749E-008
         108         117   4.3847335079893863       0.22806403129811842        5.7142441757558958E-010
         108         118   4.6715584527811380       0.21406132666597930        2.4750932946578371E-007
         108         119   6.1759001567428911       0.16191971609323913        1.1570937964078339E-007
         108         120   8.1411751490537370       0.12283238988123622        4.0598203591459907E-009
         108         121   5.7393877117609406       0.17423461355482869        1.4745680989574886E-010
         108         122   4.0701923510107267       0.24568863428571772        9.7841533386668615E-009
         108         123   5.3717787820780085       0.18615807548447888        6.0468724437221233E-007
         109         117   6.7218174424249373       0.14876928874748549        2.1651728837338940E-008
         109         118   7.0923941386635949       0.14099611223642852        1.4691612103380041E-009
         109         119   7.8149137970671454       0.12796046456395840        7.7160612490835220E-010
         109         120   10.093802243989344        9.9070694652798441E-002   2.4089052082273837E-010
         109         121   6.8160057175691069       0.14671349195356087        1.1175128114526976E-011
         109         122   5.6055208458385168       0.17839555457944467        1.2432276492752117E-009
         109         123   6.1298803711545888       0.16313532066721978        1.2987284354082202E-008
         105         129   11.167850746726593        8.9542743960211849E-002   4.4410536989550670E-009
         106         124   9.0265658175898373       0.11078410330220222        3.3210452957669307E-012
         106         125   9.6133408463903525       0.10402211010498844        4.2720799812134176E-011
         106         128   10.714002684517901        9.3335798902219255E-002   2.0064018709898014E-011
         106         129   8.8220967094431622       0.11335173858722282        5.4637271440688155E-012
         107         124   8.6267703313238417       0.11591823609456664        5.6240379374844478E-011
         107         125   9.6853230672046511       0.10324900811890181        7.3575154079846388E-011
         107         128   10.643887905880732        9.3950632404490239E-002   1.8345969687746835E-011
         107         129   8.9684703779908368       0.11150173417019471        5.9116199551626113E-012
         108         124   8.9171642011704719       0.11214327531041084        4.6162516561916111E-011
         108         125   9.2586555502433949       0.10800704212111138        4.9452567788371938E-011
         108         126   10.699152662653724        9.3465345483907586E-002   3.1501764821266993E-011
         108         128   9.8321576408021034       0.10170707555075575        5.5554264294650267E-012
         108         129   7.6178376340863529       0.13127084719231288        1.5315247385579458E-011
         109         124   10.436325608263608        9.5819164477600041E-002   3.2728753870197238E-010
         109         125   10.865156405389042        9.2037331326772887E-002   7.4875298715881995E-012
         109         128   10.213083373953999        9.7913623475380435E-002   4.6182583471286344E-012
         109         129   8.6091162621020700       0.11615594092997324        9.7057139135681633E-012
         107         135   10.885311772138117        9.1866913960111388E-002   7.5406214544073912E-011
         108         135   9.7121586184605935       0.10296372199885910        4.5166823028910360E-012
         109         135   10.438839600207192        9.5796088291283998E-002   1.7746830976838031E-011
         110         117   3.5936681684605372       0.27826720585289377        7.4659197953312969E-012
         110         118   3.9126253544572682       0.25558286557152698        2.6943520394045579E-006
         110         119   6.0376844939458021       0.16562640876692630        9.7116010681603221E-007
         110         120   7.8059893274557908       0.12810675982898512        5.3267833826781240E-009
         110         121   6.6303995691601365       0.15082047312069741        2.4421625941355898E-010
         110         122   5.6332903208640008       0.17751614829725762        1.7315442675978491E-009
         110         123   7.6663484579172234       0.13044019659284803        1.2239520563501622E-008
         111         117   2.4603157530910682       0.40645189494219575        3.0328249846170109E-010
         111         118   3.8565782631681871       0.25929721420420443        2.5410888157931179E-004
         111         119   4.7144439868530927       0.21211409082145091        1.1547400365275907E-006
         111         120   6.9987191678994893       0.14288328707152967        1.0369176117790391E-007
         111         121   5.4334623018274701       0.18404471117130303        9.0508049514049464E-010
         111         122   5.1489578746826794       0.19421405735653413        1.8879483748383961E-008
         111         123   7.3226499697933924       0.13656258378115743        3.5997964818209049E-008
         112         118   1.3579441185847729       0.73640732804394304        5.2588491600443727E-010
         112         119   3.1390395991885978       0.31856877506689862       0.31792686793861030     
         112         120   4.4141307928983373       0.22654516753532708        1.3656785252513308E-005
         112         121   3.2272637975931113       0.30986001229456311        2.2843762930464713E-007
         112         122   2.9875550230357435       0.33472186864825348        9.7925639930251681E-006
         112         123   5.3168510281192933       0.18808125236371831        2.4724018602062974E-005
         113         117  -1.6411833541388250      -0.60931644077314451        2.4493796663746229E-008
         113         118 -0.27575195445349454       -3.6264475513215251        3.2735936657074423E-002
         113         119   1.3875617516104306       0.72068864599314653        64667611.657437868     
         113         120   3.4529403455847496       0.28960824686087988       0.24540430318911438     
         113         121   2.0568221040410295       0.48618691817600768        4.3515212495900940E-006
         113         122   2.7191057137883088       0.36776797420162871        2.1804656144734052E-003
         113         123   5.2023124463090706       0.19222221085730415        7.6523866123585761E-005
         114         117   1.5740631214775789       0.63529853813060322        3.1809206035139655E-008
         114         118   1.4674863009869989       0.68143736628234419        5.4031159174967931E-002
         114         119   2.4327747623850096       0.41105326126436548       0.12532027623995431     
         114         120   4.7833552765952039       0.20905827440687216        2.9086213764049885E-004
         114         121   2.7387746659896965       0.36512678915066393        8.7120096791063015E-008
         114         122   1.9108474836077480       0.52332800423818460        7.0183397772339740E-005
         114         123   4.0492709855556210       0.24695803357373597        5.2746994169043391E-003
         115         117   2.5303954293021897       0.39519514950901219        6.4326202496398071E-007
         115         118   2.4370700846118569       0.41032878221853281        1.8140501111207219E-004
         115         119   2.7666947782331146       0.36144211058894860        2.8476970722284673E-004
         115         120   5.3177591022457111       0.18804913512868532        6.2140537863049697E-005
         115         121   2.0871140660264738       0.47913049711932498        2.4443652297126434E-008
         115         122   1.8130111957182669       0.55156857407260884        1.8295984894051663E-003
         115         123   2.7770705530685555       0.36009167966403977        9.9106966080030300E-003
         116         117   3.6518708396805044       0.27383224760695213        5.9411025975635099E-005
         116         118   3.0666830551426423       0.32608521390009976        2.2219030559975266E-006
         116         119   2.4703751735172110       0.40479681415201568        1.8066885440956842E-005
         116         120   4.9402614947774435       0.20241843494664033        2.4196638889821653E-004
         116         121   1.1002894054179961       0.90885179396969973        5.9144009784060471E-008
         116         122   1.1651432585923298       0.85826355911645746        3.9703321329225965     
         116         123   2.3069768154965598       0.43346772853664650        1.9969081628729159     
         110         124   8.4623887357119472       0.11816994364486250        5.5003617466162582E-004
         110         125   9.2983095542253054       0.10754643025899084        9.2681777425785865E-011
         110         129   9.1864273975384716       0.10885624592950603        2.9926919017090106E-011
         111         124   7.3846607766766592       0.13541583428697898        3.4605907957597359E-011
         111         125   8.6814945751728434       0.11518753958100476        4.7527329205988996E-010
         111         126   10.303583502045914        9.7053612444780654E-002   6.8198690315481504E-011
         111         128   10.197728656373174        9.8061051994655674E-002   8.7307282853166076E-012
         111         129   8.9605821356716255       0.11159989215645381        9.8825401932231727E-012
         112         124   5.3669756058185616       0.18632467770411670        4.6652541954908739E-011
         112         125   6.2819027421970866       0.15918743747539324        2.1885403453857601E-008
         112         126   8.2745319259025099       0.12085275746771974        3.3099048841312317E-009
         112         127   9.9466578792196660       0.10053628184891908        1.2133575073677743E-010
         112         128   8.3109904556863352       0.12032260238198268        1.3328578931382510E-011
         112         129   7.0271433617239776       0.14230533639698917        1.1510034097392823E-010
         113         124   3.1515338214959181       0.31730581254728102        8.6211310776343580E-010
         113         125   4.6501476350426607       0.21504693581429182        1.3021060184446547E-005
         113         126   6.4324511980646228       0.15546173133826138        1.2226696093095790E-007
         113         127   8.3810539603158460       0.11931673566773149        2.4911048846284308E-009
         113         128   6.8173988555474843       0.14668351099720028        1.0407019570508665E-010
         113         129   6.3021468658979796       0.15867608630499794        1.2401824250395377E-009
         114         124   5.2319582971328469       0.19113302194094467        3.1845478247820965E-009
         114         125   5.9209948089896702       0.16889053820512218        2.9712468144314465E-008
         114         126   7.5971159345761485       0.13162889820448570        6.7324610425089350E-009
         114         127   9.5514760819624378       0.10469585972041097        3.3816212643850121E-010
         114         128   7.4528715176587923       0.13417647112667991        2.1680240874874418E-011
         114         129   6.3294649188645380       0.15799123825136754        4.2562428598952736E-010
         115         124   5.2136164433341623       0.19180544078545400        3.0234726717550719E-009
         115         125   5.8902203704212077       0.16977293498587565        3.0991391789407838E-008
         115         126   6.8019569726701672       0.14701651363246440        7.1669024483625349E-009
         115         127   9.1286109223480345       0.10954569194661030        1.2743932088897350E-009
         115         128   6.1492753156852356       0.16262078841213282        3.7329626805749810E-011
         115         129   5.4067184168889151       0.18495507309504217        4.2758529413223815E-009
         116         124   4.9465711859523065       0.20216023633499605        2.0031108755356580E-008
         116         125   5.3539104477871611       0.18677936617585986        5.8245027209701398E-008
         116         126   5.8375914910872400       0.17130352501143445        2.2534959444295743E-008
         116         127   8.3688874992528888       0.11949019509334693        7.9818876482746978E-009
         116         128   5.0384843810304876       0.19847238264048694        1.0590031587592125E-010
         116         129   4.6618018602117672       0.21450933136711520        4.6699369127957444E-008
         111         135   11.324203229496144        8.8306433550689095E-002   1.1864905485843407E-007
         112         130   10.493003104946883        9.5301601457504007E-002   2.8107236971155643E-012
         112         131   10.973399780944874        9.1129460327918008E-002   7.0163686035225918E-012
         112         135   9.8793976819940976       0.10122074565563555        4.1002996249980976E-012
         113         130   8.4963608702693918       0.11769744897479775        1.4459204505271716E-011
         113         131   9.5458428790245300       0.10475764295234115        8.8331297801507911E-011
         113         132   10.898936371432693        9.1752072488569578E-002   2.1834267756904151E-011
         113         134   10.447251191835768        9.5718958186960384E-002   4.4493913599603740E-012
         113         135   9.2000660693210161       0.10869487158735178        7.3941042571652022E-012
         114         130   10.314373510566224        9.6952083320967830E-002   3.3995282823688756E-011
         114         131   10.732877417531173        9.3171659481230226E-002   8.6217566644509514E-012
         114         135   9.6375871143176628       0.10376041099689708        5.3495343728385567E-012
         115         130   9.4784784359918621       0.10550216543224708        1.9466604834758023E-011
         115         131   10.023931778930693        9.9761253573363337E-002   2.3770947696333677E-011
         115         132   10.634400744624893        9.4034447639698482E-002   1.2146545625041207E-011
         115         134   9.5801747025337516       0.10438223007932428        5.9752178962069476E-012
         115         135   8.6193655661916821       0.11601781967832613        2.0913603331918251E-011
         116         130   8.9190396497817144       0.11211969441401397        7.4337235665076204E-011
         116         131   9.4262891446578934       0.10608628535087153        4.9327928499543754E-011
         116         132   9.8585423543283248       0.10143487384430183        2.5399251908780140E-011
         116         134   8.8669650766927965       0.11277815930825570        1.4830559439892105E-011
         116         135   8.3047860730487137       0.12041249361561179        5.2918806093718386E-011
         113         142   11.391732651988029        8.7782958971169750E-002   1.1613646861495642E-010
         115         141   11.555135297733653        8.6541608923967631E-002   2.6171740377091965E-012
         115         142   11.197284650904287        8.9307366131773785E-002   2.2060207525222655E-012
         116         141   11.600794640331085        8.6200991484102346E-002   3.2177877071180722E-012
         116         142   11.508777632963579        8.6890200844248477E-002   2.1040552821622612E-012
         117         124   2.5391604745420553       0.39383095713174759        2.3150460060352705E-012
         117         125   2.9026652099026204       0.34451096757160926        1.7403164448331982E-004
         117         126   5.1744960079559679       0.19325553608746923        3.4941909997307722E-005
         117         127   6.5544633686417235       0.15256779140520688        3.3922928597054541E-008
         117         128   5.6476447384841020       0.17706496182130826        1.9882194836358758E-009
         117         129   4.7909279779937446       0.20872782988876434        1.1871390046539005E-008
         118         124   1.5122462137105011       0.66126798065928993        8.5481927647091611E-008
         118         125   2.8757702538610466       0.34773292430345815        8.7385614231319381E-002
         118         126   3.8609966925320611       0.25900048086914962        3.9071471410477304E-005
         118         127   5.8739745091487343       0.17024248206091067        1.1389819926062574E-006
         118         128   4.2983894220505210       0.23264527752419323        7.4084153484982024E-009
         118         129   4.0694792404173814       0.24573168725574729        3.1422512479059929E-007
         119         125   1.4254305684075774       0.70154241263196138        6.0596001080793877E-007
         119         126   3.1915011449195605       0.31333217648750189       0.17764672143262802     
         119         127   4.4602506464052247       0.22420264672927251        1.1193604504532930E-005
         119         128   3.0829661159714723       0.32436295514875951        2.0165028262354359E-007
         119         129   3.2566745820984133       0.30706168970547176        1.6954500306305886E-005
         120         124  -1.6378520539354957      -0.61055575660644101        8.7824894797138699E-006
         120         125 -0.27975234656268988       -3.5745902126898135        3.3543932615345301E-002
         120         126   1.3705416349168411       0.72963854181684595        54403288.989644103     
         120         127   3.5129886845726825       0.28465790521657752       0.28457923909870964     
         120         128   1.8986075475488287       0.52670179326477251        3.5382539645555511E-006
         120         129   3.1288115103451353       0.31961017680150738        5.6975425478417085E-003
         121         124   1.6096442256609693       0.62125529608219443        1.4202251704845886E-005
         121         125   1.5750216579824796       0.63491190418355747        4.1319138830627739E-002
         121         126   2.6100742316117467       0.38313086573882232        5.3637885846836229E-002
         121         127   4.8525730481125571       0.20607623833482674        1.2504769897866589E-004
         121         128   2.5375445570639030       0.39408175009823759        7.3323811450693649E-008
         121         129   1.7587946724547470       0.56857120143780149        1.7536619991669620E-004
         122         124   2.8968523718462649       0.34520226495444956        1.4266857249022885E-002
         122         125   3.0140448370311792       0.33178006767311252        3.5792633358384055E-005
         122         126   3.5285940525076480       0.28339899266375940        2.2238910638351926E-005
         122         127   5.7878521793135622       0.17277566341001468        3.3549777143187558E-006
         122         128   2.6627609446460836       0.37555004778429829        8.8450612279945320E-009
         122         129   2.0586732314195562       0.48574974635991697        9.8383863218598364E-005
         123         124   4.2281791029934261       0.23650842966704733        2.1570539283603898E-003
         123         125   3.8239747102343409       0.26150800561615584        3.8288601808614893E-007
         123         126   3.4495303026620876       0.28989453991120917        1.2785857975229435E-006
         123         127   5.5986749924131640       0.17861369008829997        4.4034233427003991E-006
         123         128   1.8338944040398353       0.54528766639841841        1.3179135647215410E-008
         123         129   1.0207018082273613       0.97971806451159926        8.6380976526660505E-003
         117         130   6.9856215117762002       0.14315118537616489        9.7751493890851595     
         117         131   7.6562680991816574       0.13061193613464051        9.2565552154437483E-010
         117         132   9.4824316056118008       0.10545818220383363        3.0810902562306949E-010
         117         134   9.1220743786948564       0.10962418836833419        2.3652300381581396E-011
         117         135   7.5443469893131301       0.13254957671174722        3.7651883362950647E-011
         118         130   6.0885609479251297       0.16424242256140700        3.6766319353678146E-010
         118         131   7.1493423984911733       0.13987300429351993        4.8165283357470043E-009
         118         132   8.5004101532709715       0.11764138223556170        7.0099811456184361E-010
         118         133   10.769501626709259        9.2854807461091510E-002   8.7827685219070963E-011
         118         134   8.1793823324501957       0.12225862043796190        5.1352635671068024E-012
         118         135   7.2367924718609942       0.13818276589916398        1.3940036279054979E-010
         119         130   5.4196188882565721       0.18451481932924038        6.0583811077347126E-010
         119         131   6.1783726597133377       0.16185491796579290        1.9466372998156347E-008
         119         132   7.8632220749676591       0.12717433012396676        4.0403669771681231E-009
         119         133   9.9639825622921769       0.10036147632216989        2.2371933388857189E-010
         119         134   7.7758631106174114       0.12860308698523359        1.3053125308119347E-011
         119         135   6.9973503893466589       0.14291123701944128        2.5581542932396401E-010
         120         130   3.2919982172241369       0.30376687167322203        9.0720733760233557E-010
         120         131   4.6715049416656953       0.21406377869386026        7.7160479321597793E-006
         120         132   6.2004865570226606       0.16127766600306578        1.1572528576478884E-007
         120         133   8.6059995494019272       0.11619800747834048        3.8708003340409451E-009
         120         134   6.5093974137435691       0.15362405095879647        7.5734573655870787E-011
         120         135   6.5381234477364281       0.15294908516085165        2.1598349702087837E-009
         121         130   5.1898481489086628       0.19268386498173035        2.0486728737898544E-009
         121         131   5.6372224733063003       0.17739232480805173        3.2738155123637559E-008
         121         132   6.9118352718504692       0.14467937395334876        1.2137462961439067E-008
         121         133   9.1641804150505308       0.10912050556727129        1.0514520283537795E-009
         121         134   6.5538814187008949       0.15258133861662379        3.5627590047650258E-011
         121         135   5.8372783565731794       0.17131271440463872        1.9903390388200871E-009
         122         130   5.4390278392974363       0.18385638565313370        7.9870273217679388E-009
         122         131   5.8973260436236483       0.16956837600682220        1.8648960636982052E-008
         122         132   6.4495485401108130       0.15504961219856458        7.0639618201649757E-009
         122         133   8.9638504189540580       0.11155920204619886        2.4130050182995477E-009
         122         134   5.5592331572711444       0.17988092452860335        4.6448832621543793E-011
         122         135   5.0396635841061999       0.19842594318274384        1.4346017140527210E-008
         123         130   6.0518952997465814       0.16523749180556285        4.6568414608072701E-008
         123         131   5.4131764939452705       0.18473441631147938        5.1786092373940701E-009
         123         132   5.3915385265060571       0.18547581457199414        1.9746210648239136E-008
         123         133   7.9803385145637087       0.12530796759749618        2.0718459373111715E-008
         123         134   4.2417784048036360       0.23575017470680268        1.8735023677240824E-010
         123         135   4.0181666184623310       0.24886971968889615        3.6841244478594655E-007
         117         141   9.7481808052553607       0.10258324296374233        7.0562623049862472E-007
         117         142   9.7971929980979855       0.10207005212555664        1.6975677052874843E-011
         118         141   9.7799722837236072       0.10224977852588167        1.5984168595982466E-011
         118         142   10.017033631002901        9.9829953341174962E-002   1.6325200541823291E-011
         119         136   10.887651527356487        9.1847171769539465E-002   1.2247302100439297E-011
         119         141   9.9332583846920706       0.10067190052572057        4.5050484450537350E-012
         119         142   10.510928810591141        9.5139070772924342E-002   1.3545942343597682E-011
         120         136   9.0990705777165743       0.10990133458784002        6.8741163239795339E-012
         120         137   10.230467417987001        9.7747244494598581E-002   3.8810175692391736E-011
         120         140   10.912167179856857        9.1640824734241080E-002   9.5096447677059785E-012
         120         141   9.2629741814625408       0.10795668652528932        4.3850836393734968E-012
         120         142   10.198751773082378        9.8051214722109967E-002   3.1325973080830899E-011
         121         136   10.229793146774831        9.7753687259577893E-002   9.8706500144597045E-012
         121         137   10.650975462405222        9.3888114147826440E-002   9.5171691482551536E-012
         121         141   9.1401462158026199       0.10940744014259594        5.8645865908918482E-012
         121         142   9.7060585850719328       0.10302843231731729        3.6768193631174476E-011
         122         136   9.5328180696228983       0.10490077463940925        1.7881136262526409E-011
         122         137   10.070480497331175        9.9300127761035306E-002   2.2194959455943579E-011
         122         138   10.634541066194458        9.4033206865770963E-002   1.1489673833336002E-011
         122         140   9.5904742543412382       0.10427013028551102        5.9742718569526554E-012
         122         141   8.3303898069240283       0.12004240175757717        2.0645671236399462E-011
         122         142   8.5478051121771301       0.11698909683556175        1.1192474800271896E-010
         123         136   8.6945563202440272       0.11501449449141453        8.2158910485053342E-011
         123         137   9.1138067340497013       0.10972363461076512        6.6979347538029886E-011
         123         138   9.4130794573911167       0.10623515976111340        3.8063808157466053E-011
         123         140   8.5553623570937809       0.11688575635499975        2.5830292084627301E-011
         123         141   7.6381147463292125       0.13092235888189402        8.1292243715363986E-011
         123         142   7.9775821065850812       0.12535126390921777        3.1701212391090550E-010
         124         130   2.6814034595532279       0.37293902804414925        1.8812851196615220E-010
         124         131   3.7577671907676837       0.26611547475768649        9.0482382713757243E-005
         124         132   5.1167398229849699       0.19543694512429335        1.5767090845925891E-006
         124         133   6.9630545925850438       0.14361513136273554        3.8814142835344374E-008
         124         134   5.5933307563119090       0.17878434935597712        9.6230426504375987E-010
         124         135   5.3147206276894394       0.18815664454497344        1.3331038812511558E-008
         125         130   1.5273217392174878       0.65474089337086416        2.4611876530508149E-008
         125         131   2.8613242772582965       0.34948852457862412        7.7578899168998336E-002
         125         132   4.4212351678201083       0.22618113763286887        4.1505443288783756E-005
         125         133   6.0586869708050912       0.16505226376914434        2.2407150055952652E-007
         125         134   4.1647806461655783       0.24010868397611240        5.1093756758374929E-009
         125         135   4.5691128430340058       0.21886086738360677        4.5899126634636500E-007
         126         131   1.4073137107135043       0.71057362149410364        1.5098277591636228E-007
         126         132   2.9148658541772017       0.34306896098389289       0.20711854547939365     
         126         133   5.1453675321572447       0.19434957634226382        3.3226694603036686E-005
         126         134   2.9195318483261570       0.34252066836445910        3.6300548907644584E-008
         126         135   3.7507753630177643       0.26661154113890445        3.2595031609506132E-005
         127         130  -1.6341779182100533      -0.61192847416229890        1.6123427044459560E-006
         127         131 -0.26414134183633386       -3.7858518967455530        3.4460213142161931E-002
         127         132   1.2700306414890603       0.78738257750028762        108361112.80292994     
         127         133   3.5455958283806530       0.28204004302902191       0.70980593043484630     
         127         134   2.6546921172911286       0.37669151668721901        3.1669359509319843E-006
         127         135   3.5976626096256514       0.27795824914889761        1.0203286700326931E-004
         128         130   1.5621418308275157       0.64014673972994407        2.6586723679933108E-006
         128         131   1.4491051275748230       0.69008105828289268        5.9192198216142813E-002
         128         132   2.1442095806522010       0.46637232154136327       0.14578448092580787     
         128         133   4.5677737240214364       0.21892503009531894        1.3234368618123004E-003
         128         134   2.2081408006756291       0.45286967194031652        1.5151479061287241E-007
         128         135   2.9412305722193173       0.33999374596648707        9.3022683464650320E-004
         129         130   3.0046141212670481       0.33282144050441298        2.9823674761554674E-005
         129         131   2.8663462916650855       0.34887619926031033        2.3091150111388590E-005
         129         132   2.8682090220319516       0.34864962501636676        4.0641162463251693E-005
         129         133   5.3579601111904278       0.18663819424699313        4.0325563267949885E-005
         129         134   1.8060862229270960       0.55368342181322627        2.2331417975584193E-008
         129         135   1.8049059301628914       0.55404549527395630        1.0376437048397004E-002
         124         136   7.7624937406997159       0.12882458052840368        1.0458156844429380E-002
         124         137   8.5546120609121186       0.11689600801060486        2.6115290255637492E-010
         124         138   10.407112896066305        9.6088128377850246E-002   8.1377843423053727E-011
         124         140   9.7903300540632454       0.10214160242585218        7.7436697566287259E-012
         124         141   7.7634800567711224       0.12880821393079045        1.6119145514652835E-011
         124         142   8.8486674294108827       0.11301136673712428        2.6075504067674222E-010
         125         136   6.5880477426199775       0.15179003538949970        5.4246976786001131E-011
         125         137   7.7740912604040595       0.12863239785893957        1.8699464066439732E-009
         125         138   9.1758886607317702       0.10898127004085191        2.5651596431383380E-010
         125         140   8.6967719913370107       0.11498519232148612        3.5085881327415243E-011
         125         141   7.2337869836918944       0.13824017796687066        6.6774862795191905E-011
         125         142   8.4831615615187417       0.11788057939815658        6.0886558047006394E-010
         126         136   5.5905652075359988       0.17887279065308367        8.9994745794780268E-011
         126         137   6.4517132566866771       0.15499758904560446        1.3410389883101482E-008
         126         138   8.1919821194094595       0.12207057894214345        2.4033074204583463E-009
         126         139   10.493225106924958        9.5299585190453437E-002   1.3684913750342748E-010
         126         140   8.0955765881581669       0.12352424674269076        7.0145874926190606E-012
         126         141   6.6567314522968015       0.15022387596167269        1.5773809212405111E-010
         126         142   8.2159204780492932       0.12171490737668753        1.6511159413380648E-009
         127         136   3.4728768891237589       0.28794570954466220        1.3214029991060425E-010
         127         137   4.9374625035779793       0.20253318364956502        4.0610408208441564E-006
         127         138   6.5369677801538337       0.15297612496056498        5.9547603376130282E-008
         127         139   9.2190557374558590       0.10847097885926932        2.0530233097127550E-009
         127         140   6.6473918402583454       0.15043494110633560        3.3164444308024526E-011
         127         141   5.8247657736472114       0.17168072311581450        1.6791699637026640E-009
         127         142   7.7175536295581146       0.12957473935393399        8.1953672403662331E-009
         128         136   5.1309126049919005       0.19489710252072762        2.7999749110358513E-010
         128         137   5.6891148202506070       0.17577426921328154        3.7546944838208076E-008
         128         138   7.0526271085203991       0.14179113465277116        1.0873606819765374E-008
         128         139   9.3496597709454754       0.10695576357842976        8.2546553928363101E-010
         128         140   6.8814177844617284       0.14531889086257840        2.8013045326255200E-011
         128         141   5.5463059491214661       0.18030018703861800        1.1086000829180188E-009
         128         142   6.9669977161347134       0.14353384926251986        1.4752449613192971E-008
         129         136   6.0149553756115406       0.16625227246982360        9.5578892736967304E-010
         129         137   5.7615061389230089       0.17356572671932077        5.5734113365144365E-009
         129         138   6.3135707071456686       0.15838897612538097        9.3428131950689031E-009
         129         139   8.7533281875830209       0.11424226060877550        3.1160859621080726E-009
         129         140   5.5726953552399863       0.17944637850330422        6.1777662573922905E-011
         129         141   4.6826481464746115       0.21355437537045405        1.3935623021696821E-008
         129         142   5.5531452668233596       0.18007812725058486        1.1246352684785303E-007
         130         136   2.9799929373956759       0.33557126510304292        1.4535889038576400E-008
         130         137   4.1078227078395955       0.24343796485947283        2.5487497456737903E-005
         130         138   5.5157396454505836       0.18129934773567608        5.4146416176712189E-007
         130         139   7.7041593034271365       0.12980001588948942        1.5763945057847050E-008
         130         140   5.5975369757037132       0.17865000344625354        2.8589526363249738E-010
         130         141   4.3893888636653315       0.22782214815320698        1.3211324501712122E-008
         130         142   6.3935481480408818       0.15640767486930104        2.4437755956812306E-007
         131         136   1.7357358534122129       0.57612452841493156        2.6792098554821733E-009
         131         137   3.1210267961214178       0.32040737402278197        1.6715000761526051E-002
         131         138   4.7597627305682408       0.21009450609329339        1.4633224796177030E-005
         131         139   6.6557395150227965       0.15024626455751175        9.2445625151468188E-008
         131         140   4.1464373808432349       0.24117089157551350        1.6540712491954104E-009
         131         141   3.5210212933870593       0.28400850681537526        4.8395912176726710E-007
         131         142   5.6310097700622137       0.17758804208023093        3.4425970740875701E-006
         132         137   1.4239440518688280       0.70227478297870571        1.2299137099585573E-008
         132         138   3.0629165209117089       0.32648620789127469       0.17988498054828500     
         132         139   5.4630663374038431       0.18304738369243742        1.8335302884534985E-005
         132         140   2.8887712982795408       0.34616793672644414        1.7687739089654995E-008
         132         141   2.5696313121629517       0.38916088672591082        3.7012812529814147E-005
         132         142   4.8149796298246788       0.20768519845979319        1.5082044729270233E-004
         133         136  -1.6370210788730064      -0.61086568334748736        8.0496419498277580E-008
         133         137 -0.26790898688679121       -3.7326108826000839        3.3748832539757447E-002
         133         138   1.3396936716953123       0.74643929513718776        91424507.231421128     
         133         139   4.0198452675442411       0.24876579406522997       0.37397618087648254     
         133         140   2.3744925993372945       0.42114260548931320        7.0209838691120680E-007
         133         141   2.3715809819587892       0.42165964713296766        3.8909904863289064E-004
         133         142   4.8329982110459415       0.20691089802484808        3.9487033190935782E-004
         134         136   1.5783852373231362       0.63355889066470927        7.6968035227384644E-008
         134         137   1.5105893542711692       0.66199327909501993        5.2282204254727058E-002
         134         138   2.4017417669245997       0.41636449587188029        8.8542743873486360E-002
         134         139   4.7086687957220583       0.21237424915265321        3.3930814541594255E-004
         134         140   2.4716284395266355       0.40459155753666570        1.0522823602312125E-007
         134         141   2.0065288707769797       0.49837309323776346        2.4049818778342389E-004
         134         142   3.1978575229302821       0.31270936645222186        2.9347090944265232E-003
         135         136   3.2212072146720159       0.31044261773821347        1.0929509933870474E-005
         135         137   3.1287674004114883       0.31961468272409205        1.0015809494623693E-005
         135         138   3.2383755254364823       0.30879680016887961        1.4204654602389302E-005
         135         139   5.4252701649301542       0.18432261797102120        9.3968763032189020E-006
         135         140   2.1371197467685041       0.46791949843338443        1.9224434558365141E-008
         135         141   1.3321609305502711       0.75066005695493077        1.3770944468319275E-003
         135         142   2.4784319805124193       0.40348091368367855       0.40015633996988104     
Energy:   ***************
RMS force:    0.184315E+31
 Ebond:          1.17888
 Eangle:    314605.02985
 Etors:       1996.00935
 Edh:            5.17545
 Ehbond:      -917.00510
 Evdw:   ***************
 Estak:        -29.45037
 Esb:           -0.02141
 Esaxs:          0.00000
 Edistr:         0.00000
 Eposr:          0.00000
 Etot:   ***************
